zip_code,event_type,event_count,events_per_year,avg_severity,sensitivity_multiplier,risk_contribution
75001,Flash Flood,111,20.21,6.0,0.818,99.194
75001,Hail,164,29.86,4.0,0.814,97.227
75001,Thunderstorm Wind,70,12.75,5.0,0.837,53.34
75001,Excessive Heat,12,2.18,5.5,0.979,11.765
75001,Winter Storm,6,1.09,7.0,1.314,10.049
75001,Extreme Cold/Wind Chill,4,0.73,6.5,2.115,10.013
75001,Heat,27,4.92,3.0,0.619,9.129
75001,Tornado,5,0.91,8.9,0.92,7.454
75001,High Wind,6,1.09,6.0,0.954,6.253
75001,Drought,13,2.37,1.5,1.158,4.112
75001,Ice Storm,1,0.18,8.5,1.528,2.365
75001,Winter Weather,2,0.36,5.0,1.266,2.305
75001,Cold/Wind Chill,2,0.36,4.0,1.581,2.303
75001,Lightning,7,1.27,2.5,0.681,2.17
75001,Strong Wind,1,0.18,4.0,0.957,0.697
75001,Flood,1,0.18,4.5,0.71,0.582
75201,Flash Flood,111,20.21,6.0,0.818,99.194
75201,Hail,164,29.86,4.0,0.814,97.227
75201,Thunderstorm Wind,70,12.75,5.0,0.837,53.34
75201,Excessive Heat,12,2.18,5.5,0.979,11.765
75201,Winter Storm,6,1.09,7.0,1.314,10.049
75201,Extreme Cold/Wind Chill,4,0.73,6.5,2.115,10.013
75201,Heat,27,4.92,3.0,0.619,9.129
75201,Tornado,5,0.91,8.9,0.92,7.454
75201,High Wind,6,1.09,6.0,0.954,6.253
75201,Drought,13,2.37,1.5,1.158,4.112
75201,Ice Storm,1,0.18,8.5,1.528,2.365
75201,Winter Weather,2,0.36,5.0,1.266,2.305
75201,Cold/Wind Chill,2,0.36,4.0,1.581,2.303
75201,Lightning,7,1.27,2.5,0.681,2.17
75201,Strong Wind,1,0.18,4.0,0.957,0.697
75201,Flood,1,0.18,4.5,0.71,0.582
75202,Flash Flood,111,20.21,6.0,0.818,99.194
75202,Hail,164,29.86,4.0,0.814,97.227
75202,Thunderstorm Wind,70,12.75,5.0,0.837,53.34
75202,Excessive Heat,12,2.18,5.5,0.979,11.765
75202,Winter Storm,6,1.09,7.0,1.314,10.049
75202,Extreme Cold/Wind Chill,4,0.73,6.5,2.115,10.013
75202,Heat,27,4.92,3.0,0.619,9.129
75202,Tornado,5,0.91,8.9,0.92,7.454
75202,High Wind,6,1.09,6.0,0.954,6.253
75202,Drought,13,2.37,1.5,1.158,4.112
75202,Ice Storm,1,0.18,8.5,1.528,2.365
75202,Winter Weather,2,0.36,5.0,1.266,2.305
75202,Cold/Wind Chill,2,0.36,4.0,1.581,2.303
75202,Lightning,7,1.27,2.5,0.681,2.17
75202,Strong Wind,1,0.18,4.0,0.957,0.697
75202,Flood,1,0.18,4.5,0.71,0.582
75203,Flash Flood,111,20.21,6.0,0.818,99.194
75203,Hail,164,29.86,4.0,0.814,97.227
75203,Thunderstorm Wind,70,12.75,5.0,0.837,53.34
75203,Excessive Heat,12,2.18,5.5,0.979,11.765
75203,Winter Storm,6,1.09,7.0,1.314,10.049
75203,Extreme Cold/Wind Chill,4,0.73,6.5,2.115,10.013
75203,Heat,27,4.92,3.0,0.619,9.129
75203,Tornado,5,0.91,8.9,0.92,7.454
75203,High Wind,6,1.09,6.0,0.954,6.253
75203,Drought,13,2.37,1.5,1.158,4.112
75203,Ice Storm,1,0.18,8.5,1.528,2.365
75203,Winter Weather,2,0.36,5.0,1.266,2.305
75203,Cold/Wind Chill,2,0.36,4.0,1.581,2.303
75203,Lightning,7,1.27,2.5,0.681,2.17
75203,Strong Wind,1,0.18,4.0,0.957,0.697
75203,Flood,1,0.18,4.5,0.71,0.582
75204,Flash Flood,111,20.21,6.0,0.818,99.194
75204,Hail,164,29.86,4.0,0.814,97.227
75204,Thunderstorm Wind,70,12.75,5.0,0.837,53.34
75204,Excessive Heat,12,2.18,5.5,0.979,11.765
75204,Winter Storm,6,1.09,7.0,1.314,10.049
75204,Extreme Cold/Wind Chill,4,0.73,6.5,2.115,10.013
75204,Heat,27,4.92,3.0,0.619,9.129
75204,Tornado,5,0.91,8.9,0.92,7.454
75204,High Wind,6,1.09,6.0,0.954,6.253
75204,Drought,13,2.37,1.5,1.158,4.112
75204,Ice Storm,1,0.18,8.5,1.528,2.365
75204,Winter Weather,2,0.36,5.0,1.266,2.305
75204,Cold/Wind Chill,2,0.36,4.0,1.581,2.303
75204,Lightning,7,1.27,2.5,0.681,2.17
75204,Strong Wind,1,0.18,4.0,0.957,0.697
75204,Flood,1,0.18,4.5,0.71,0.582
75205,Flash Flood,111,20.21,6.0,0.818,99.194
75205,Hail,164,29.86,4.0,0.814,97.227
75205,Thunderstorm Wind,70,12.75,5.0,0.837,53.34
75205,Excessive Heat,12,2.18,5.5,0.979,11.765
75205,Winter Storm,6,1.09,7.0,1.314,10.049
75205,Extreme Cold/Wind Chill,4,0.73,6.5,2.115,10.013
75205,Heat,27,4.92,3.0,0.619,9.129
75205,Tornado,5,0.91,8.9,0.92,7.454
75205,High Wind,6,1.09,6.0,0.954,6.253
75205,Drought,13,2.37,1.5,1.158,4.112
75205,Ice Storm,1,0.18,8.5,1.528,2.365
75205,Winter Weather,2,0.36,5.0,1.266,2.305
75205,Cold/Wind Chill,2,0.36,4.0,1.581,2.303
75205,Lightning,7,1.27,2.5,0.681,2.17
75205,Strong Wind,1,0.18,4.0,0.957,0.697
75205,Flood,1,0.18,4.5,0.71,0.582
75206,Flash Flood,111,20.21,6.0,0.818,99.194
75206,Hail,164,29.86,4.0,0.814,97.227
75206,Thunderstorm Wind,70,12.75,5.0,0.837,53.34
75206,Excessive Heat,12,2.18,5.5,0.979,11.765
75206,Winter Storm,6,1.09,7.0,1.314,10.049
75206,Extreme Cold/Wind Chill,4,0.73,6.5,2.115,10.013
75206,Heat,27,4.92,3.0,0.619,9.129
75206,Tornado,5,0.91,8.9,0.92,7.454
75206,High Wind,6,1.09,6.0,0.954,6.253
75206,Drought,13,2.37,1.5,1.158,4.112
75206,Ice Storm,1,0.18,8.5,1.528,2.365
75206,Winter Weather,2,0.36,5.0,1.266,2.305
75206,Cold/Wind Chill,2,0.36,4.0,1.581,2.303
75206,Lightning,7,1.27,2.5,0.681,2.17
75206,Strong Wind,1,0.18,4.0,0.957,0.697
75206,Flood,1,0.18,4.5,0.71,0.582
75207,Flash Flood,111,20.21,6.0,0.818,99.194
75207,Hail,164,29.86,4.0,0.814,97.227
75207,Thunderstorm Wind,70,12.75,5.0,0.837,53.34
75207,Excessive Heat,12,2.18,5.5,0.979,11.765
75207,Winter Storm,6,1.09,7.0,1.314,10.049
75207,Extreme Cold/Wind Chill,4,0.73,6.5,2.115,10.013
75207,Heat,27,4.92,3.0,0.619,9.129
75207,Tornado,5,0.91,8.9,0.92,7.454
75207,High Wind,6,1.09,6.0,0.954,6.253
75207,Drought,13,2.37,1.5,1.158,4.112
75207,Ice Storm,1,0.18,8.5,1.528,2.365
75207,Winter Weather,2,0.36,5.0,1.266,2.305
75207,Cold/Wind Chill,2,0.36,4.0,1.581,2.303
75207,Lightning,7,1.27,2.5,0.681,2.17
75207,Strong Wind,1,0.18,4.0,0.957,0.697
75207,Flood,1,0.18,4.5,0.71,0.582
75208,Flash Flood,111,20.21,6.0,0.818,99.194
75208,Hail,164,29.86,4.0,0.814,97.227
75208,Thunderstorm Wind,70,12.75,5.0,0.837,53.34
75208,Excessive Heat,12,2.18,5.5,0.979,11.765
75208,Winter Storm,6,1.09,7.0,1.314,10.049
75208,Extreme Cold/Wind Chill,4,0.73,6.5,2.115,10.013
75208,Heat,27,4.92,3.0,0.619,9.129
75208,Tornado,5,0.91,8.9,0.92,7.454
75208,High Wind,6,1.09,6.0,0.954,6.253
75208,Drought,13,2.37,1.5,1.158,4.112
75208,Ice Storm,1,0.18,8.5,1.528,2.365
75208,Winter Weather,2,0.36,5.0,1.266,2.305
75208,Cold/Wind Chill,2,0.36,4.0,1.581,2.303
75208,Lightning,7,1.27,2.5,0.681,2.17
75208,Strong Wind,1,0.18,4.0,0.957,0.697
75208,Flood,1,0.18,4.5,0.71,0.582
75209,Flash Flood,111,20.21,6.0,0.818,99.194
75209,Hail,164,29.86,4.0,0.814,97.227
75209,Thunderstorm Wind,70,12.75,5.0,0.837,53.34
75209,Excessive Heat,12,2.18,5.5,0.979,11.765
75209,Winter Storm,6,1.09,7.0,1.314,10.049
75209,Extreme Cold/Wind Chill,4,0.73,6.5,2.115,10.013
75209,Heat,27,4.92,3.0,0.619,9.129
75209,Tornado,5,0.91,8.9,0.92,7.454
75209,High Wind,6,1.09,6.0,0.954,6.253
75209,Drought,13,2.37,1.5,1.158,4.112
75209,Ice Storm,1,0.18,8.5,1.528,2.365
75209,Winter Weather,2,0.36,5.0,1.266,2.305
75209,Cold/Wind Chill,2,0.36,4.0,1.581,2.303
75209,Lightning,7,1.27,2.5,0.681,2.17
75209,Strong Wind,1,0.18,4.0,0.957,0.697
75209,Flood,1,0.18,4.5,0.71,0.582
75210,Flash Flood,111,20.21,6.0,0.818,99.194
75210,Hail,164,29.86,4.0,0.814,97.227
75210,Thunderstorm Wind,70,12.75,5.0,0.837,53.34
75210,Excessive Heat,12,2.18,5.5,0.979,11.765
75210,Winter Storm,6,1.09,7.0,1.314,10.049
75210,Extreme Cold/Wind Chill,4,0.73,6.5,2.115,10.013
75210,Heat,27,4.92,3.0,0.619,9.129
75210,Tornado,5,0.91,8.9,0.92,7.454
75210,High Wind,6,1.09,6.0,0.954,6.253
75210,Drought,13,2.37,1.5,1.158,4.112
75210,Ice Storm,1,0.18,8.5,1.528,2.365
75210,Winter Weather,2,0.36,5.0,1.266,2.305
75210,Cold/Wind Chill,2,0.36,4.0,1.581,2.303
75210,Lightning,7,1.27,2.5,0.681,2.17
75210,Strong Wind,1,0.18,4.0,0.957,0.697
75210,Flood,1,0.18,4.5,0.71,0.582
75211,Flash Flood,111,20.21,6.0,0.818,99.194
75211,Hail,164,29.86,4.0,0.814,97.227
75211,Thunderstorm Wind,70,12.75,5.0,0.837,53.34
75211,Excessive Heat,12,2.18,5.5,0.979,11.765
75211,Winter Storm,6,1.09,7.0,1.314,10.049
75211,Extreme Cold/Wind Chill,4,0.73,6.5,2.115,10.013
75211,Heat,27,4.92,3.0,0.619,9.129
75211,Tornado,5,0.91,8.9,0.92,7.454
75211,High Wind,6,1.09,6.0,0.954,6.253
75211,Drought,13,2.37,1.5,1.158,4.112
75211,Ice Storm,1,0.18,8.5,1.528,2.365
75211,Winter Weather,2,0.36,5.0,1.266,2.305
75211,Cold/Wind Chill,2,0.36,4.0,1.581,2.303
75211,Lightning,7,1.27,2.5,0.681,2.17
75211,Strong Wind,1,0.18,4.0,0.957,0.697
75211,Flood,1,0.18,4.5,0.71,0.582
75212,Flash Flood,111,20.21,6.0,0.818,99.194
75212,Hail,164,29.86,4.0,0.814,97.227
75212,Thunderstorm Wind,70,12.75,5.0,0.837,53.34
75212,Excessive Heat,12,2.18,5.5,0.979,11.765
75212,Winter Storm,6,1.09,7.0,1.314,10.049
75212,Extreme Cold/Wind Chill,4,0.73,6.5,2.115,10.013
75212,Heat,27,4.92,3.0,0.619,9.129
75212,Tornado,5,0.91,8.9,0.92,7.454
75212,High Wind,6,1.09,6.0,0.954,6.253
75212,Drought,13,2.37,1.5,1.158,4.112
75212,Ice Storm,1,0.18,8.5,1.528,2.365
75212,Winter Weather,2,0.36,5.0,1.266,2.305
75212,Cold/Wind Chill,2,0.36,4.0,1.581,2.303
75212,Lightning,7,1.27,2.5,0.681,2.17
75212,Strong Wind,1,0.18,4.0,0.957,0.697
75212,Flood,1,0.18,4.5,0.71,0.582
75214,Flash Flood,111,20.21,6.0,0.818,99.194
75214,Hail,164,29.86,4.0,0.814,97.227
75214,Thunderstorm Wind,70,12.75,5.0,0.837,53.34
75214,Excessive Heat,12,2.18,5.5,0.979,11.765
75214,Winter Storm,6,1.09,7.0,1.314,10.049
75214,Extreme Cold/Wind Chill,4,0.73,6.5,2.115,10.013
75214,Heat,27,4.92,3.0,0.619,9.129
75214,Tornado,5,0.91,8.9,0.92,7.454
75214,High Wind,6,1.09,6.0,0.954,6.253
75214,Drought,13,2.37,1.5,1.158,4.112
75214,Ice Storm,1,0.18,8.5,1.528,2.365
75214,Winter Weather,2,0.36,5.0,1.266,2.305
75214,Cold/Wind Chill,2,0.36,4.0,1.581,2.303
75214,Lightning,7,1.27,2.5,0.681,2.17
75214,Strong Wind,1,0.18,4.0,0.957,0.697
75214,Flood,1,0.18,4.5,0.71,0.582
75215,Flash Flood,111,20.21,6.0,0.818,99.194
75215,Hail,164,29.86,4.0,0.814,97.227
75215,Thunderstorm Wind,70,12.75,5.0,0.837,53.34
75215,Excessive Heat,12,2.18,5.5,0.979,11.765
75215,Winter Storm,6,1.09,7.0,1.314,10.049
75215,Extreme Cold/Wind Chill,4,0.73,6.5,2.115,10.013
75215,Heat,27,4.92,3.0,0.619,9.129
75215,Tornado,5,0.91,8.9,0.92,7.454
75215,High Wind,6,1.09,6.0,0.954,6.253
75215,Drought,13,2.37,1.5,1.158,4.112
75215,Ice Storm,1,0.18,8.5,1.528,2.365
75215,Winter Weather,2,0.36,5.0,1.266,2.305
75215,Cold/Wind Chill,2,0.36,4.0,1.581,2.303
75215,Lightning,7,1.27,2.5,0.681,2.17
75215,Strong Wind,1,0.18,4.0,0.957,0.697
75215,Flood,1,0.18,4.5,0.71,0.582
75216,Flash Flood,111,20.21,6.0,0.818,99.194
75216,Hail,164,29.86,4.0,0.814,97.227
75216,Thunderstorm Wind,70,12.75,5.0,0.837,53.34
75216,Excessive Heat,12,2.18,5.5,0.979,11.765
75216,Winter Storm,6,1.09,7.0,1.314,10.049
75216,Extreme Cold/Wind Chill,4,0.73,6.5,2.115,10.013
75216,Heat,27,4.92,3.0,0.619,9.129
75216,Tornado,5,0.91,8.9,0.92,7.454
75216,High Wind,6,1.09,6.0,0.954,6.253
75216,Drought,13,2.37,1.5,1.158,4.112
75216,Ice Storm,1,0.18,8.5,1.528,2.365
75216,Winter Weather,2,0.36,5.0,1.266,2.305
75216,Cold/Wind Chill,2,0.36,4.0,1.581,2.303
75216,Lightning,7,1.27,2.5,0.681,2.17
75216,Strong Wind,1,0.18,4.0,0.957,0.697
75216,Flood,1,0.18,4.5,0.71,0.582
75217,Flash Flood,111,20.21,6.0,0.818,99.194
75217,Hail,164,29.86,4.0,0.814,97.227
75217,Thunderstorm Wind,70,12.75,5.0,0.837,53.34
75217,Excessive Heat,12,2.18,5.5,0.979,11.765
75217,Winter Storm,6,1.09,7.0,1.314,10.049
75217,Extreme Cold/Wind Chill,4,0.73,6.5,2.115,10.013
75217,Heat,27,4.92,3.0,0.619,9.129
75217,Tornado,5,0.91,8.9,0.92,7.454
75217,High Wind,6,1.09,6.0,0.954,6.253
75217,Drought,13,2.37,1.5,1.158,4.112
75217,Ice Storm,1,0.18,8.5,1.528,2.365
75217,Winter Weather,2,0.36,5.0,1.266,2.305
75217,Cold/Wind Chill,2,0.36,4.0,1.581,2.303
75217,Lightning,7,1.27,2.5,0.681,2.17
75217,Strong Wind,1,0.18,4.0,0.957,0.697
75217,Flood,1,0.18,4.5,0.71,0.582
75218,Flash Flood,111,20.21,6.0,0.818,99.194
75218,Hail,164,29.86,4.0,0.814,97.227
75218,Thunderstorm Wind,70,12.75,5.0,0.837,53.34
75218,Excessive Heat,12,2.18,5.5,0.979,11.765
75218,Winter Storm,6,1.09,7.0,1.314,10.049
75218,Extreme Cold/Wind Chill,4,0.73,6.5,2.115,10.013
75218,Heat,27,4.92,3.0,0.619,9.129
75218,Tornado,5,0.91,8.9,0.92,7.454
75218,High Wind,6,1.09,6.0,0.954,6.253
75218,Drought,13,2.37,1.5,1.158,4.112
75218,Ice Storm,1,0.18,8.5,1.528,2.365
75218,Winter Weather,2,0.36,5.0,1.266,2.305
75218,Cold/Wind Chill,2,0.36,4.0,1.581,2.303
75218,Lightning,7,1.27,2.5,0.681,2.17
75218,Strong Wind,1,0.18,4.0,0.957,0.697
75218,Flood,1,0.18,4.5,0.71,0.582
75219,Flash Flood,111,20.21,6.0,0.818,99.194
75219,Hail,164,29.86,4.0,0.814,97.227
75219,Thunderstorm Wind,70,12.75,5.0,0.837,53.34
75219,Excessive Heat,12,2.18,5.5,0.979,11.765
75219,Winter Storm,6,1.09,7.0,1.314,10.049
75219,Extreme Cold/Wind Chill,4,0.73,6.5,2.115,10.013
75219,Heat,27,4.92,3.0,0.619,9.129
75219,Tornado,5,0.91,8.9,0.92,7.454
75219,High Wind,6,1.09,6.0,0.954,6.253
75219,Drought,13,2.37,1.5,1.158,4.112
75219,Ice Storm,1,0.18,8.5,1.528,2.365
75219,Winter Weather,2,0.36,5.0,1.266,2.305
75219,Cold/Wind Chill,2,0.36,4.0,1.581,2.303
75219,Lightning,7,1.27,2.5,0.681,2.17
75219,Strong Wind,1,0.18,4.0,0.957,0.697
75219,Flood,1,0.18,4.5,0.71,0.582
75220,Flash Flood,111,20.21,6.0,0.818,99.194
75220,Hail,164,29.86,4.0,0.814,97.227
75220,Thunderstorm Wind,70,12.75,5.0,0.837,53.34
75220,Excessive Heat,12,2.18,5.5,0.979,11.765
75220,Winter Storm,6,1.09,7.0,1.314,10.049
75220,Extreme Cold/Wind Chill,4,0.73,6.5,2.115,10.013
75220,Heat,27,4.92,3.0,0.619,9.129
75220,Tornado,5,0.91,8.9,0.92,7.454
75220,High Wind,6,1.09,6.0,0.954,6.253
75220,Drought,13,2.37,1.5,1.158,4.112
75220,Ice Storm,1,0.18,8.5,1.528,2.365
75220,Winter Weather,2,0.36,5.0,1.266,2.305
75220,Cold/Wind Chill,2,0.36,4.0,1.581,2.303
75220,Lightning,7,1.27,2.5,0.681,2.17
75220,Strong Wind,1,0.18,4.0,0.957,0.697
75220,Flood,1,0.18,4.5,0.71,0.582
75221,Flash Flood,111,20.21,6.0,0.818,99.194
75221,Hail,164,29.86,4.0,0.814,97.227
75221,Thunderstorm Wind,70,12.75,5.0,0.837,53.34
75221,Excessive Heat,12,2.18,5.5,0.979,11.765
75221,Winter Storm,6,1.09,7.0,1.314,10.049
75221,Extreme Cold/Wind Chill,4,0.73,6.5,2.115,10.013
75221,Heat,27,4.92,3.0,0.619,9.129
75221,Tornado,5,0.91,8.9,0.92,7.454
75221,High Wind,6,1.09,6.0,0.954,6.253
75221,Drought,13,2.37,1.5,1.158,4.112
75221,Ice Storm,1,0.18,8.5,1.528,2.365
75221,Winter Weather,2,0.36,5.0,1.266,2.305
75221,Cold/Wind Chill,2,0.36,4.0,1.581,2.303
75221,Lightning,7,1.27,2.5,0.681,2.17
75221,Strong Wind,1,0.18,4.0,0.957,0.697
75221,Flood,1,0.18,4.5,0.71,0.582
75222,Flash Flood,111,20.21,6.0,0.818,99.194
75222,Hail,164,29.86,4.0,0.814,97.227
75222,Thunderstorm Wind,70,12.75,5.0,0.837,53.34
75222,Excessive Heat,12,2.18,5.5,0.979,11.765
75222,Winter Storm,6,1.09,7.0,1.314,10.049
75222,Extreme Cold/Wind Chill,4,0.73,6.5,2.115,10.013
75222,Heat,27,4.92,3.0,0.619,9.129
75222,Tornado,5,0.91,8.9,0.92,7.454
75222,High Wind,6,1.09,6.0,0.954,6.253
75222,Drought,13,2.37,1.5,1.158,4.112
75222,Ice Storm,1,0.18,8.5,1.528,2.365
75222,Winter Weather,2,0.36,5.0,1.266,2.305
75222,Cold/Wind Chill,2,0.36,4.0,1.581,2.303
75222,Lightning,7,1.27,2.5,0.681,2.17
75222,Strong Wind,1,0.18,4.0,0.957,0.697
75222,Flood,1,0.18,4.5,0.71,0.582
75223,Flash Flood,111,20.21,6.0,0.818,99.194
75223,Hail,164,29.86,4.0,0.814,97.227
75223,Thunderstorm Wind,70,12.75,5.0,0.837,53.34
75223,Excessive Heat,12,2.18,5.5,0.979,11.765
75223,Winter Storm,6,1.09,7.0,1.314,10.049
75223,Extreme Cold/Wind Chill,4,0.73,6.5,2.115,10.013
75223,Heat,27,4.92,3.0,0.619,9.129
75223,Tornado,5,0.91,8.9,0.92,7.454
75223,High Wind,6,1.09,6.0,0.954,6.253
75223,Drought,13,2.37,1.5,1.158,4.112
75223,Ice Storm,1,0.18,8.5,1.528,2.365
75223,Winter Weather,2,0.36,5.0,1.266,2.305
75223,Cold/Wind Chill,2,0.36,4.0,1.581,2.303
75223,Lightning,7,1.27,2.5,0.681,2.17
75223,Strong Wind,1,0.18,4.0,0.957,0.697
75223,Flood,1,0.18,4.5,0.71,0.582
75224,Flash Flood,111,20.21,6.0,0.818,99.194
75224,Hail,164,29.86,4.0,0.814,97.227
75224,Thunderstorm Wind,70,12.75,5.0,0.837,53.34
75224,Excessive Heat,12,2.18,5.5,0.979,11.765
75224,Winter Storm,6,1.09,7.0,1.314,10.049
75224,Extreme Cold/Wind Chill,4,0.73,6.5,2.115,10.013
75224,Heat,27,4.92,3.0,0.619,9.129
75224,Tornado,5,0.91,8.9,0.92,7.454
75224,High Wind,6,1.09,6.0,0.954,6.253
75224,Drought,13,2.37,1.5,1.158,4.112
75224,Ice Storm,1,0.18,8.5,1.528,2.365
75224,Winter Weather,2,0.36,5.0,1.266,2.305
75224,Cold/Wind Chill,2,0.36,4.0,1.581,2.303
75224,Lightning,7,1.27,2.5,0.681,2.17
75224,Strong Wind,1,0.18,4.0,0.957,0.697
75224,Flood,1,0.18,4.5,0.71,0.582
75225,Flash Flood,111,20.21,6.0,0.818,99.194
75225,Hail,164,29.86,4.0,0.814,97.227
75225,Thunderstorm Wind,70,12.75,5.0,0.837,53.34
75225,Excessive Heat,12,2.18,5.5,0.979,11.765
75225,Winter Storm,6,1.09,7.0,1.314,10.049
75225,Extreme Cold/Wind Chill,4,0.73,6.5,2.115,10.013
75225,Heat,27,4.92,3.0,0.619,9.129
75225,Tornado,5,0.91,8.9,0.92,7.454
75225,High Wind,6,1.09,6.0,0.954,6.253
75225,Drought,13,2.37,1.5,1.158,4.112
75225,Ice Storm,1,0.18,8.5,1.528,2.365
75225,Winter Weather,2,0.36,5.0,1.266,2.305
75225,Cold/Wind Chill,2,0.36,4.0,1.581,2.303
75225,Lightning,7,1.27,2.5,0.681,2.17
75225,Strong Wind,1,0.18,4.0,0.957,0.697
75225,Flood,1,0.18,4.5,0.71,0.582
75226,Flash Flood,111,20.21,6.0,0.818,99.194
75226,Hail,164,29.86,4.0,0.814,97.227
75226,Thunderstorm Wind,70,12.75,5.0,0.837,53.34
75226,Excessive Heat,12,2.18,5.5,0.979,11.765
75226,Winter Storm,6,1.09,7.0,1.314,10.049
75226,Extreme Cold/Wind Chill,4,0.73,6.5,2.115,10.013
75226,Heat,27,4.92,3.0,0.619,9.129
75226,Tornado,5,0.91,8.9,0.92,7.454
75226,High Wind,6,1.09,6.0,0.954,6.253
75226,Drought,13,2.37,1.5,1.158,4.112
75226,Ice Storm,1,0.18,8.5,1.528,2.365
75226,Winter Weather,2,0.36,5.0,1.266,2.305
75226,Cold/Wind Chill,2,0.36,4.0,1.581,2.303
75226,Lightning,7,1.27,2.5,0.681,2.17
75226,Strong Wind,1,0.18,4.0,0.957,0.697
75226,Flood,1,0.18,4.5,0.71,0.582
75227,Flash Flood,111,20.21,6.0,0.818,99.194
75227,Hail,164,29.86,4.0,0.814,97.227
75227,Thunderstorm Wind,70,12.75,5.0,0.837,53.34
75227,Excessive Heat,12,2.18,5.5,0.979,11.765
75227,Winter Storm,6,1.09,7.0,1.314,10.049
75227,Extreme Cold/Wind Chill,4,0.73,6.5,2.115,10.013
75227,Heat,27,4.92,3.0,0.619,9.129
75227,Tornado,5,0.91,8.9,0.92,7.454
75227,High Wind,6,1.09,6.0,0.954,6.253
75227,Drought,13,2.37,1.5,1.158,4.112
75227,Ice Storm,1,0.18,8.5,1.528,2.365
75227,Winter Weather,2,0.36,5.0,1.266,2.305
75227,Cold/Wind Chill,2,0.36,4.0,1.581,2.303
75227,Lightning,7,1.27,2.5,0.681,2.17
75227,Strong Wind,1,0.18,4.0,0.957,0.697
75227,Flood,1,0.18,4.5,0.71,0.582
75228,Flash Flood,111,20.21,6.0,0.818,99.194
75228,Hail,164,29.86,4.0,0.814,97.227
75228,Thunderstorm Wind,70,12.75,5.0,0.837,53.34
75228,Excessive Heat,12,2.18,5.5,0.979,11.765
75228,Winter Storm,6,1.09,7.0,1.314,10.049
75228,Extreme Cold/Wind Chill,4,0.73,6.5,2.115,10.013
75228,Heat,27,4.92,3.0,0.619,9.129
75228,Tornado,5,0.91,8.9,0.92,7.454
75228,High Wind,6,1.09,6.0,0.954,6.253
75228,Drought,13,2.37,1.5,1.158,4.112
75228,Ice Storm,1,0.18,8.5,1.528,2.365
75228,Winter Weather,2,0.36,5.0,1.266,2.305
75228,Cold/Wind Chill,2,0.36,4.0,1.581,2.303
75228,Lightning,7,1.27,2.5,0.681,2.17
75228,Strong Wind,1,0.18,4.0,0.957,0.697
75228,Flood,1,0.18,4.5,0.71,0.582
75229,Flash Flood,111,20.21,6.0,0.818,99.194
75229,Hail,164,29.86,4.0,0.814,97.227
75229,Thunderstorm Wind,70,12.75,5.0,0.837,53.34
75229,Excessive Heat,12,2.18,5.5,0.979,11.765
75229,Winter Storm,6,1.09,7.0,1.314,10.049
75229,Extreme Cold/Wind Chill,4,0.73,6.5,2.115,10.013
75229,Heat,27,4.92,3.0,0.619,9.129
75229,Tornado,5,0.91,8.9,0.92,7.454
75229,High Wind,6,1.09,6.0,0.954,6.253
75229,Drought,13,2.37,1.5,1.158,4.112
75229,Ice Storm,1,0.18,8.5,1.528,2.365
75229,Winter Weather,2,0.36,5.0,1.266,2.305
75229,Cold/Wind Chill,2,0.36,4.0,1.581,2.303
75229,Lightning,7,1.27,2.5,0.681,2.17
75229,Strong Wind,1,0.18,4.0,0.957,0.697
75229,Flood,1,0.18,4.5,0.71,0.582
75230,Flash Flood,111,20.21,6.0,0.818,99.194
75230,Hail,164,29.86,4.0,0.814,97.227
75230,Thunderstorm Wind,70,12.75,5.0,0.837,53.34
75230,Excessive Heat,12,2.18,5.5,0.979,11.765
75230,Winter Storm,6,1.09,7.0,1.314,10.049
75230,Extreme Cold/Wind Chill,4,0.73,6.5,2.115,10.013
75230,Heat,27,4.92,3.0,0.619,9.129
75230,Tornado,5,0.91,8.9,0.92,7.454
75230,High Wind,6,1.09,6.0,0.954,6.253
75230,Drought,13,2.37,1.5,1.158,4.112
75230,Ice Storm,1,0.18,8.5,1.528,2.365
75230,Winter Weather,2,0.36,5.0,1.266,2.305
75230,Cold/Wind Chill,2,0.36,4.0,1.581,2.303
75230,Lightning,7,1.27,2.5,0.681,2.17
75230,Strong Wind,1,0.18,4.0,0.957,0.697
75230,Flood,1,0.18,4.5,0.71,0.582
75231,Flash Flood,111,20.21,6.0,0.818,99.194
75231,Hail,164,29.86,4.0,0.814,97.227
75231,Thunderstorm Wind,70,12.75,5.0,0.837,53.34
75231,Excessive Heat,12,2.18,5.5,0.979,11.765
75231,Winter Storm,6,1.09,7.0,1.314,10.049
75231,Extreme Cold/Wind Chill,4,0.73,6.5,2.115,10.013
75231,Heat,27,4.92,3.0,0.619,9.129
75231,Tornado,5,0.91,8.9,0.92,7.454
75231,High Wind,6,1.09,6.0,0.954,6.253
75231,Drought,13,2.37,1.5,1.158,4.112
75231,Ice Storm,1,0.18,8.5,1.528,2.365
75231,Winter Weather,2,0.36,5.0,1.266,2.305
75231,Cold/Wind Chill,2,0.36,4.0,1.581,2.303
75231,Lightning,7,1.27,2.5,0.681,2.17
75231,Strong Wind,1,0.18,4.0,0.957,0.697
75231,Flood,1,0.18,4.5,0.71,0.582
75232,Flash Flood,111,20.21,6.0,0.818,99.194
75232,Hail,164,29.86,4.0,0.814,97.227
75232,Thunderstorm Wind,70,12.75,5.0,0.837,53.34
75232,Excessive Heat,12,2.18,5.5,0.979,11.765
75232,Winter Storm,6,1.09,7.0,1.314,10.049
75232,Extreme Cold/Wind Chill,4,0.73,6.5,2.115,10.013
75232,Heat,27,4.92,3.0,0.619,9.129
75232,Tornado,5,0.91,8.9,0.92,7.454
75232,High Wind,6,1.09,6.0,0.954,6.253
75232,Drought,13,2.37,1.5,1.158,4.112
75232,Ice Storm,1,0.18,8.5,1.528,2.365
75232,Winter Weather,2,0.36,5.0,1.266,2.305
75232,Cold/Wind Chill,2,0.36,4.0,1.581,2.303
75232,Lightning,7,1.27,2.5,0.681,2.17
75232,Strong Wind,1,0.18,4.0,0.957,0.697
75232,Flood,1,0.18,4.5,0.71,0.582
75233,Flash Flood,111,20.21,6.0,0.818,99.194
75233,Hail,164,29.86,4.0,0.814,97.227
75233,Thunderstorm Wind,70,12.75,5.0,0.837,53.34
75233,Excessive Heat,12,2.18,5.5,0.979,11.765
75233,Winter Storm,6,1.09,7.0,1.314,10.049
75233,Extreme Cold/Wind Chill,4,0.73,6.5,2.115,10.013
75233,Heat,27,4.92,3.0,0.619,9.129
75233,Tornado,5,0.91,8.9,0.92,7.454
75233,High Wind,6,1.09,6.0,0.954,6.253
75233,Drought,13,2.37,1.5,1.158,4.112
75233,Ice Storm,1,0.18,8.5,1.528,2.365
75233,Winter Weather,2,0.36,5.0,1.266,2.305
75233,Cold/Wind Chill,2,0.36,4.0,1.581,2.303
75233,Lightning,7,1.27,2.5,0.681,2.17
75233,Strong Wind,1,0.18,4.0,0.957,0.697
75233,Flood,1,0.18,4.5,0.71,0.582
75234,Flash Flood,111,20.21,6.0,0.818,99.194
75234,Hail,164,29.86,4.0,0.814,97.227
75234,Thunderstorm Wind,70,12.75,5.0,0.837,53.34
75234,Excessive Heat,12,2.18,5.5,0.979,11.765
75234,Winter Storm,6,1.09,7.0,1.314,10.049
75234,Extreme Cold/Wind Chill,4,0.73,6.5,2.115,10.013
75234,Heat,27,4.92,3.0,0.619,9.129
75234,Tornado,5,0.91,8.9,0.92,7.454
75234,High Wind,6,1.09,6.0,0.954,6.253
75234,Drought,13,2.37,1.5,1.158,4.112
75234,Ice Storm,1,0.18,8.5,1.528,2.365
75234,Winter Weather,2,0.36,5.0,1.266,2.305
75234,Cold/Wind Chill,2,0.36,4.0,1.581,2.303
75234,Lightning,7,1.27,2.5,0.681,2.17
75234,Strong Wind,1,0.18,4.0,0.957,0.697
75234,Flood,1,0.18,4.5,0.71,0.582
75235,Flash Flood,111,20.21,6.0,0.818,99.194
75235,Hail,164,29.86,4.0,0.814,97.227
75235,Thunderstorm Wind,70,12.75,5.0,0.837,53.34
75235,Excessive Heat,12,2.18,5.5,0.979,11.765
75235,Winter Storm,6,1.09,7.0,1.314,10.049
75235,Extreme Cold/Wind Chill,4,0.73,6.5,2.115,10.013
75235,Heat,27,4.92,3.0,0.619,9.129
75235,Tornado,5,0.91,8.9,0.92,7.454
75235,High Wind,6,1.09,6.0,0.954,6.253
75235,Drought,13,2.37,1.5,1.158,4.112
75235,Ice Storm,1,0.18,8.5,1.528,2.365
75235,Winter Weather,2,0.36,5.0,1.266,2.305
75235,Cold/Wind Chill,2,0.36,4.0,1.581,2.303
75235,Lightning,7,1.27,2.5,0.681,2.17
75235,Strong Wind,1,0.18,4.0,0.957,0.697
75235,Flood,1,0.18,4.5,0.71,0.582
75236,Flash Flood,111,20.21,6.0,0.818,99.194
75236,Hail,164,29.86,4.0,0.814,97.227
75236,Thunderstorm Wind,70,12.75,5.0,0.837,53.34
75236,Excessive Heat,12,2.18,5.5,0.979,11.765
75236,Winter Storm,6,1.09,7.0,1.314,10.049
75236,Extreme Cold/Wind Chill,4,0.73,6.5,2.115,10.013
75236,Heat,27,4.92,3.0,0.619,9.129
75236,Tornado,5,0.91,8.9,0.92,7.454
75236,High Wind,6,1.09,6.0,0.954,6.253
75236,Drought,13,2.37,1.5,1.158,4.112
75236,Ice Storm,1,0.18,8.5,1.528,2.365
75236,Winter Weather,2,0.36,5.0,1.266,2.305
75236,Cold/Wind Chill,2,0.36,4.0,1.581,2.303
75236,Lightning,7,1.27,2.5,0.681,2.17
75236,Strong Wind,1,0.18,4.0,0.957,0.697
75236,Flood,1,0.18,4.5,0.71,0.582
75237,Flash Flood,111,20.21,6.0,0.818,99.194
75237,Hail,164,29.86,4.0,0.814,97.227
75237,Thunderstorm Wind,70,12.75,5.0,0.837,53.34
75237,Excessive Heat,12,2.18,5.5,0.979,11.765
75237,Winter Storm,6,1.09,7.0,1.314,10.049
75237,Extreme Cold/Wind Chill,4,0.73,6.5,2.115,10.013
75237,Heat,27,4.92,3.0,0.619,9.129
75237,Tornado,5,0.91,8.9,0.92,7.454
75237,High Wind,6,1.09,6.0,0.954,6.253
75237,Drought,13,2.37,1.5,1.158,4.112
75237,Ice Storm,1,0.18,8.5,1.528,2.365
75237,Winter Weather,2,0.36,5.0,1.266,2.305
75237,Cold/Wind Chill,2,0.36,4.0,1.581,2.303
75237,Lightning,7,1.27,2.5,0.681,2.17
75237,Strong Wind,1,0.18,4.0,0.957,0.697
75237,Flood,1,0.18,4.5,0.71,0.582
75238,Flash Flood,111,20.21,6.0,0.818,99.194
75238,Hail,164,29.86,4.0,0.814,97.227
75238,Thunderstorm Wind,70,12.75,5.0,0.837,53.34
75238,Excessive Heat,12,2.18,5.5,0.979,11.765
75238,Winter Storm,6,1.09,7.0,1.314,10.049
75238,Extreme Cold/Wind Chill,4,0.73,6.5,2.115,10.013
75238,Heat,27,4.92,3.0,0.619,9.129
75238,Tornado,5,0.91,8.9,0.92,7.454
75238,High Wind,6,1.09,6.0,0.954,6.253
75238,Drought,13,2.37,1.5,1.158,4.112
75238,Ice Storm,1,0.18,8.5,1.528,2.365
75238,Winter Weather,2,0.36,5.0,1.266,2.305
75238,Cold/Wind Chill,2,0.36,4.0,1.581,2.303
75238,Lightning,7,1.27,2.5,0.681,2.17
75238,Strong Wind,1,0.18,4.0,0.957,0.697
75238,Flood,1,0.18,4.5,0.71,0.582
75239,Flash Flood,111,20.21,6.0,0.818,99.194
75239,Hail,164,29.86,4.0,0.814,97.227
75239,Thunderstorm Wind,70,12.75,5.0,0.837,53.34
75239,Excessive Heat,12,2.18,5.5,0.979,11.765
75239,Winter Storm,6,1.09,7.0,1.314,10.049
75239,Extreme Cold/Wind Chill,4,0.73,6.5,2.115,10.013
75239,Heat,27,4.92,3.0,0.619,9.129
75239,Tornado,5,0.91,8.9,0.92,7.454
75239,High Wind,6,1.09,6.0,0.954,6.253
75239,Drought,13,2.37,1.5,1.158,4.112
75239,Ice Storm,1,0.18,8.5,1.528,2.365
75239,Winter Weather,2,0.36,5.0,1.266,2.305
75239,Cold/Wind Chill,2,0.36,4.0,1.581,2.303
75239,Lightning,7,1.27,2.5,0.681,2.17
75239,Strong Wind,1,0.18,4.0,0.957,0.697
75239,Flood,1,0.18,4.5,0.71,0.582
75240,Flash Flood,111,20.21,6.0,0.818,99.194
75240,Hail,164,29.86,4.0,0.814,97.227
75240,Thunderstorm Wind,70,12.75,5.0,0.837,53.34
75240,Excessive Heat,12,2.18,5.5,0.979,11.765
75240,Winter Storm,6,1.09,7.0,1.314,10.049
75240,Extreme Cold/Wind Chill,4,0.73,6.5,2.115,10.013
75240,Heat,27,4.92,3.0,0.619,9.129
75240,Tornado,5,0.91,8.9,0.92,7.454
75240,High Wind,6,1.09,6.0,0.954,6.253
75240,Drought,13,2.37,1.5,1.158,4.112
75240,Ice Storm,1,0.18,8.5,1.528,2.365
75240,Winter Weather,2,0.36,5.0,1.266,2.305
75240,Cold/Wind Chill,2,0.36,4.0,1.581,2.303
75240,Lightning,7,1.27,2.5,0.681,2.17
75240,Strong Wind,1,0.18,4.0,0.957,0.697
75240,Flood,1,0.18,4.5,0.71,0.582
75241,Flash Flood,111,20.21,6.0,0.818,99.194
75241,Hail,164,29.86,4.0,0.814,97.227
75241,Thunderstorm Wind,70,12.75,5.0,0.837,53.34
75241,Excessive Heat,12,2.18,5.5,0.979,11.765
75241,Winter Storm,6,1.09,7.0,1.314,10.049
75241,Extreme Cold/Wind Chill,4,0.73,6.5,2.115,10.013
75241,Heat,27,4.92,3.0,0.619,9.129
75241,Tornado,5,0.91,8.9,0.92,7.454
75241,High Wind,6,1.09,6.0,0.954,6.253
75241,Drought,13,2.37,1.5,1.158,4.112
75241,Ice Storm,1,0.18,8.5,1.528,2.365
75241,Winter Weather,2,0.36,5.0,1.266,2.305
75241,Cold/Wind Chill,2,0.36,4.0,1.581,2.303
75241,Lightning,7,1.27,2.5,0.681,2.17
75241,Strong Wind,1,0.18,4.0,0.957,0.697
75241,Flood,1,0.18,4.5,0.71,0.582
75242,Flash Flood,111,20.21,6.0,0.818,99.194
75242,Hail,164,29.86,4.0,0.814,97.227
75242,Thunderstorm Wind,70,12.75,5.0,0.837,53.34
75242,Excessive Heat,12,2.18,5.5,0.979,11.765
75242,Winter Storm,6,1.09,7.0,1.314,10.049
75242,Extreme Cold/Wind Chill,4,0.73,6.5,2.115,10.013
75242,Heat,27,4.92,3.0,0.619,9.129
75242,Tornado,5,0.91,8.9,0.92,7.454
75242,High Wind,6,1.09,6.0,0.954,6.253
75242,Drought,13,2.37,1.5,1.158,4.112
75242,Ice Storm,1,0.18,8.5,1.528,2.365
75242,Winter Weather,2,0.36,5.0,1.266,2.305
75242,Cold/Wind Chill,2,0.36,4.0,1.581,2.303
75242,Lightning,7,1.27,2.5,0.681,2.17
75242,Strong Wind,1,0.18,4.0,0.957,0.697
75242,Flood,1,0.18,4.5,0.71,0.582
75243,Flash Flood,111,20.21,6.0,0.818,99.194
75243,Hail,164,29.86,4.0,0.814,97.227
75243,Thunderstorm Wind,70,12.75,5.0,0.837,53.34
75243,Excessive Heat,12,2.18,5.5,0.979,11.765
75243,Winter Storm,6,1.09,7.0,1.314,10.049
75243,Extreme Cold/Wind Chill,4,0.73,6.5,2.115,10.013
75243,Heat,27,4.92,3.0,0.619,9.129
75243,Tornado,5,0.91,8.9,0.92,7.454
75243,High Wind,6,1.09,6.0,0.954,6.253
75243,Drought,13,2.37,1.5,1.158,4.112
75243,Ice Storm,1,0.18,8.5,1.528,2.365
75243,Winter Weather,2,0.36,5.0,1.266,2.305
75243,Cold/Wind Chill,2,0.36,4.0,1.581,2.303
75243,Lightning,7,1.27,2.5,0.681,2.17
75243,Strong Wind,1,0.18,4.0,0.957,0.697
75243,Flood,1,0.18,4.5,0.71,0.582
75244,Flash Flood,111,20.21,6.0,0.818,99.194
75244,Hail,164,29.86,4.0,0.814,97.227
75244,Thunderstorm Wind,70,12.75,5.0,0.837,53.34
75244,Excessive Heat,12,2.18,5.5,0.979,11.765
75244,Winter Storm,6,1.09,7.0,1.314,10.049
75244,Extreme Cold/Wind Chill,4,0.73,6.5,2.115,10.013
75244,Heat,27,4.92,3.0,0.619,9.129
75244,Tornado,5,0.91,8.9,0.92,7.454
75244,High Wind,6,1.09,6.0,0.954,6.253
75244,Drought,13,2.37,1.5,1.158,4.112
75244,Ice Storm,1,0.18,8.5,1.528,2.365
75244,Winter Weather,2,0.36,5.0,1.266,2.305
75244,Cold/Wind Chill,2,0.36,4.0,1.581,2.303
75244,Lightning,7,1.27,2.5,0.681,2.17
75244,Strong Wind,1,0.18,4.0,0.957,0.697
75244,Flood,1,0.18,4.5,0.71,0.582
75245,Flash Flood,111,20.21,6.0,0.818,99.194
75245,Hail,164,29.86,4.0,0.814,97.227
75245,Thunderstorm Wind,70,12.75,5.0,0.837,53.34
75245,Excessive Heat,12,2.18,5.5,0.979,11.765
75245,Winter Storm,6,1.09,7.0,1.314,10.049
75245,Extreme Cold/Wind Chill,4,0.73,6.5,2.115,10.013
75245,Heat,27,4.92,3.0,0.619,9.129
75245,Tornado,5,0.91,8.9,0.92,7.454
75245,High Wind,6,1.09,6.0,0.954,6.253
75245,Drought,13,2.37,1.5,1.158,4.112
75245,Ice Storm,1,0.18,8.5,1.528,2.365
75245,Winter Weather,2,0.36,5.0,1.266,2.305
75245,Cold/Wind Chill,2,0.36,4.0,1.581,2.303
75245,Lightning,7,1.27,2.5,0.681,2.17
75245,Strong Wind,1,0.18,4.0,0.957,0.697
75245,Flood,1,0.18,4.5,0.71,0.582
75246,Flash Flood,111,20.21,6.0,0.818,99.194
75246,Hail,164,29.86,4.0,0.814,97.227
75246,Thunderstorm Wind,70,12.75,5.0,0.837,53.34
75246,Excessive Heat,12,2.18,5.5,0.979,11.765
75246,Winter Storm,6,1.09,7.0,1.314,10.049
75246,Extreme Cold/Wind Chill,4,0.73,6.5,2.115,10.013
75246,Heat,27,4.92,3.0,0.619,9.129
75246,Tornado,5,0.91,8.9,0.92,7.454
75246,High Wind,6,1.09,6.0,0.954,6.253
75246,Drought,13,2.37,1.5,1.158,4.112
75246,Ice Storm,1,0.18,8.5,1.528,2.365
75246,Winter Weather,2,0.36,5.0,1.266,2.305
75246,Cold/Wind Chill,2,0.36,4.0,1.581,2.303
75246,Lightning,7,1.27,2.5,0.681,2.17
75246,Strong Wind,1,0.18,4.0,0.957,0.697
75246,Flood,1,0.18,4.5,0.71,0.582
75247,Flash Flood,111,20.21,6.0,0.818,99.194
75247,Hail,164,29.86,4.0,0.814,97.227
75247,Thunderstorm Wind,70,12.75,5.0,0.837,53.34
75247,Excessive Heat,12,2.18,5.5,0.979,11.765
75247,Winter Storm,6,1.09,7.0,1.314,10.049
75247,Extreme Cold/Wind Chill,4,0.73,6.5,2.115,10.013
75247,Heat,27,4.92,3.0,0.619,9.129
75247,Tornado,5,0.91,8.9,0.92,7.454
75247,High Wind,6,1.09,6.0,0.954,6.253
75247,Drought,13,2.37,1.5,1.158,4.112
75247,Ice Storm,1,0.18,8.5,1.528,2.365
75247,Winter Weather,2,0.36,5.0,1.266,2.305
75247,Cold/Wind Chill,2,0.36,4.0,1.581,2.303
75247,Lightning,7,1.27,2.5,0.681,2.17
75247,Strong Wind,1,0.18,4.0,0.957,0.697
75247,Flood,1,0.18,4.5,0.71,0.582
75248,Flash Flood,111,20.21,6.0,0.818,99.194
75248,Hail,164,29.86,4.0,0.814,97.227
75248,Thunderstorm Wind,70,12.75,5.0,0.837,53.34
75248,Excessive Heat,12,2.18,5.5,0.979,11.765
75248,Winter Storm,6,1.09,7.0,1.314,10.049
75248,Extreme Cold/Wind Chill,4,0.73,6.5,2.115,10.013
75248,Heat,27,4.92,3.0,0.619,9.129
75248,Tornado,5,0.91,8.9,0.92,7.454
75248,High Wind,6,1.09,6.0,0.954,6.253
75248,Drought,13,2.37,1.5,1.158,4.112
75248,Ice Storm,1,0.18,8.5,1.528,2.365
75248,Winter Weather,2,0.36,5.0,1.266,2.305
75248,Cold/Wind Chill,2,0.36,4.0,1.581,2.303
75248,Lightning,7,1.27,2.5,0.681,2.17
75248,Strong Wind,1,0.18,4.0,0.957,0.697
75248,Flood,1,0.18,4.5,0.71,0.582
75249,Flash Flood,111,20.21,6.0,0.818,99.194
75249,Hail,164,29.86,4.0,0.814,97.227
75249,Thunderstorm Wind,70,12.75,5.0,0.837,53.34
75249,Excessive Heat,12,2.18,5.5,0.979,11.765
75249,Winter Storm,6,1.09,7.0,1.314,10.049
75249,Extreme Cold/Wind Chill,4,0.73,6.5,2.115,10.013
75249,Heat,27,4.92,3.0,0.619,9.129
75249,Tornado,5,0.91,8.9,0.92,7.454
75249,High Wind,6,1.09,6.0,0.954,6.253
75249,Drought,13,2.37,1.5,1.158,4.112
75249,Ice Storm,1,0.18,8.5,1.528,2.365
75249,Winter Weather,2,0.36,5.0,1.266,2.305
75249,Cold/Wind Chill,2,0.36,4.0,1.581,2.303
75249,Lightning,7,1.27,2.5,0.681,2.17
75249,Strong Wind,1,0.18,4.0,0.957,0.697
75249,Flood,1,0.18,4.5,0.71,0.582
75250,Flash Flood,111,20.21,6.0,0.818,99.194
75250,Hail,164,29.86,4.0,0.814,97.227
75250,Thunderstorm Wind,70,12.75,5.0,0.837,53.34
75250,Excessive Heat,12,2.18,5.5,0.979,11.765
75250,Winter Storm,6,1.09,7.0,1.314,10.049
75250,Extreme Cold/Wind Chill,4,0.73,6.5,2.115,10.013
75250,Heat,27,4.92,3.0,0.619,9.129
75250,Tornado,5,0.91,8.9,0.92,7.454
75250,High Wind,6,1.09,6.0,0.954,6.253
75250,Drought,13,2.37,1.5,1.158,4.112
75250,Ice Storm,1,0.18,8.5,1.528,2.365
75250,Winter Weather,2,0.36,5.0,1.266,2.305
75250,Cold/Wind Chill,2,0.36,4.0,1.581,2.303
75250,Lightning,7,1.27,2.5,0.681,2.17
75250,Strong Wind,1,0.18,4.0,0.957,0.697
75250,Flood,1,0.18,4.5,0.71,0.582
75251,Flash Flood,111,20.21,6.0,0.818,99.194
75251,Hail,164,29.86,4.0,0.814,97.227
75251,Thunderstorm Wind,70,12.75,5.0,0.837,53.34
75251,Excessive Heat,12,2.18,5.5,0.979,11.765
75251,Winter Storm,6,1.09,7.0,1.314,10.049
75251,Extreme Cold/Wind Chill,4,0.73,6.5,2.115,10.013
75251,Heat,27,4.92,3.0,0.619,9.129
75251,Tornado,5,0.91,8.9,0.92,7.454
75251,High Wind,6,1.09,6.0,0.954,6.253
75251,Drought,13,2.37,1.5,1.158,4.112
75251,Ice Storm,1,0.18,8.5,1.528,2.365
75251,Winter Weather,2,0.36,5.0,1.266,2.305
75251,Cold/Wind Chill,2,0.36,4.0,1.581,2.303
75251,Lightning,7,1.27,2.5,0.681,2.17
75251,Strong Wind,1,0.18,4.0,0.957,0.697
75251,Flood,1,0.18,4.5,0.71,0.582
75252,Hail,156,28.4,4.0,0.814,92.484
75252,Thunderstorm Wind,61,11.11,5.0,0.837,46.482
75252,Flash Flood,21,3.82,6.0,0.818,18.766
75252,Excessive Heat,11,2.0,5.5,0.979,10.784
75252,Tornado,7,1.27,9.0,0.92,10.553
75252,Extreme Cold/Wind Chill,4,0.73,6.5,2.115,10.013
75252,Heat,27,4.92,3.0,0.619,9.129
75252,Winter Storm,5,0.91,7.0,1.314,8.374
75252,High Wind,4,0.73,6.0,0.954,4.169
75252,Drought,12,2.18,1.5,1.158,3.795
75252,Ice Storm,1,0.18,8.5,1.528,2.365
75252,Cold/Wind Chill,2,0.36,4.0,1.581,2.303
75252,Lightning,7,1.27,2.5,0.681,2.17
75252,Winter Weather,1,0.18,5.0,1.266,1.153
75252,Flood,1,0.18,4.5,0.71,0.582
75253,Flash Flood,111,20.21,6.0,0.818,99.194
75253,Hail,164,29.86,4.0,0.814,97.227
75253,Thunderstorm Wind,70,12.75,5.0,0.837,53.34
75253,Excessive Heat,12,2.18,5.5,0.979,11.765
75253,Winter Storm,6,1.09,7.0,1.314,10.049
75253,Extreme Cold/Wind Chill,4,0.73,6.5,2.115,10.013
75253,Heat,27,4.92,3.0,0.619,9.129
75253,Tornado,5,0.91,8.9,0.92,7.454
75253,High Wind,6,1.09,6.0,0.954,6.253
75253,Drought,13,2.37,1.5,1.158,4.112
75253,Ice Storm,1,0.18,8.5,1.528,2.365
75253,Winter Weather,2,0.36,5.0,1.266,2.305
75253,Cold/Wind Chill,2,0.36,4.0,1.581,2.303
75253,Lightning,7,1.27,2.5,0.681,2.17
75253,Strong Wind,1,0.18,4.0,0.957,0.697
75253,Flood,1,0.18,4.5,0.71,0.582
75254,Flash Flood,111,20.21,6.0,0.818,99.194
75254,Hail,164,29.86,4.0,0.814,97.227
75254,Thunderstorm Wind,70,12.75,5.0,0.837,53.34
75254,Excessive Heat,12,2.18,5.5,0.979,11.765
75254,Winter Storm,6,1.09,7.0,1.314,10.049
75254,Extreme Cold/Wind Chill,4,0.73,6.5,2.115,10.013
75254,Heat,27,4.92,3.0,0.619,9.129
75254,Tornado,5,0.91,8.9,0.92,7.454
75254,High Wind,6,1.09,6.0,0.954,6.253
75254,Drought,13,2.37,1.5,1.158,4.112
75254,Ice Storm,1,0.18,8.5,1.528,2.365
75254,Winter Weather,2,0.36,5.0,1.266,2.305
75254,Cold/Wind Chill,2,0.36,4.0,1.581,2.303
75254,Lightning,7,1.27,2.5,0.681,2.17
75254,Strong Wind,1,0.18,4.0,0.957,0.697
75254,Flood,1,0.18,4.5,0.71,0.582
75260,Flash Flood,111,20.21,6.0,0.818,99.194
75260,Hail,164,29.86,4.0,0.814,97.227
75260,Thunderstorm Wind,70,12.75,5.0,0.837,53.34
75260,Excessive Heat,12,2.18,5.5,0.979,11.765
75260,Winter Storm,6,1.09,7.0,1.314,10.049
75260,Extreme Cold/Wind Chill,4,0.73,6.5,2.115,10.013
75260,Heat,27,4.92,3.0,0.619,9.129
75260,Tornado,5,0.91,8.9,0.92,7.454
75260,High Wind,6,1.09,6.0,0.954,6.253
75260,Drought,13,2.37,1.5,1.158,4.112
75260,Ice Storm,1,0.18,8.5,1.528,2.365
75260,Winter Weather,2,0.36,5.0,1.266,2.305
75260,Cold/Wind Chill,2,0.36,4.0,1.581,2.303
75260,Lightning,7,1.27,2.5,0.681,2.17
75260,Strong Wind,1,0.18,4.0,0.957,0.697
75260,Flood,1,0.18,4.5,0.71,0.582
75261,Hail,350,63.73,4.0,0.814,207.497
75261,Thunderstorm Wind,100,18.21,5.0,0.837,76.2
75261,Flash Flood,54,9.83,6.0,0.818,48.257
75261,Winter Storm,9,1.64,7.0,1.314,15.073
75261,High Wind,13,2.37,6.0,0.954,13.549
75261,Tornado,9,1.64,8.72,0.92,13.15
75261,Excessive Heat,13,2.37,5.5,0.979,12.745
75261,Extreme Cold/Wind Chill,4,0.73,6.5,2.115,10.013
75261,Heat,29,5.28,3.0,0.619,9.805
75261,Drought,19,3.46,1.5,1.158,6.009
75261,Lightning,16,2.91,2.5,0.681,4.96
75261,Flood,7,1.27,4.5,0.71,4.072
75261,Cold/Wind Chill,3,0.55,4.0,1.581,3.454
75261,Ice Storm,1,0.18,8.5,1.528,2.365
75261,Winter Weather,1,0.18,5.0,1.266,1.153
75262,Flash Flood,111,20.21,6.0,0.818,99.194
75262,Hail,164,29.86,4.0,0.814,97.227
75262,Thunderstorm Wind,70,12.75,5.0,0.837,53.34
75262,Excessive Heat,12,2.18,5.5,0.979,11.765
75262,Winter Storm,6,1.09,7.0,1.314,10.049
75262,Extreme Cold/Wind Chill,4,0.73,6.5,2.115,10.013
75262,Heat,27,4.92,3.0,0.619,9.129
75262,Tornado,5,0.91,8.9,0.92,7.454
75262,High Wind,6,1.09,6.0,0.954,6.253
75262,Drought,13,2.37,1.5,1.158,4.112
75262,Ice Storm,1,0.18,8.5,1.528,2.365
75262,Winter Weather,2,0.36,5.0,1.266,2.305
75262,Cold/Wind Chill,2,0.36,4.0,1.581,2.303
75262,Lightning,7,1.27,2.5,0.681,2.17
75262,Strong Wind,1,0.18,4.0,0.957,0.697
75262,Flood,1,0.18,4.5,0.71,0.582
75263,Flash Flood,111,20.21,6.0,0.818,99.194
75263,Hail,164,29.86,4.0,0.814,97.227
75263,Thunderstorm Wind,70,12.75,5.0,0.837,53.34
75263,Excessive Heat,12,2.18,5.5,0.979,11.765
75263,Winter Storm,6,1.09,7.0,1.314,10.049
75263,Extreme Cold/Wind Chill,4,0.73,6.5,2.115,10.013
75263,Heat,27,4.92,3.0,0.619,9.129
75263,Tornado,5,0.91,8.9,0.92,7.454
75263,High Wind,6,1.09,6.0,0.954,6.253
75263,Drought,13,2.37,1.5,1.158,4.112
75263,Ice Storm,1,0.18,8.5,1.528,2.365
75263,Winter Weather,2,0.36,5.0,1.266,2.305
75263,Cold/Wind Chill,2,0.36,4.0,1.581,2.303
75263,Lightning,7,1.27,2.5,0.681,2.17
75263,Strong Wind,1,0.18,4.0,0.957,0.697
75263,Flood,1,0.18,4.5,0.71,0.582
75264,Flash Flood,111,20.21,6.0,0.818,99.194
75264,Hail,164,29.86,4.0,0.814,97.227
75264,Thunderstorm Wind,70,12.75,5.0,0.837,53.34
75264,Excessive Heat,12,2.18,5.5,0.979,11.765
75264,Winter Storm,6,1.09,7.0,1.314,10.049
75264,Extreme Cold/Wind Chill,4,0.73,6.5,2.115,10.013
75264,Heat,27,4.92,3.0,0.619,9.129
75264,Tornado,5,0.91,8.9,0.92,7.454
75264,High Wind,6,1.09,6.0,0.954,6.253
75264,Drought,13,2.37,1.5,1.158,4.112
75264,Ice Storm,1,0.18,8.5,1.528,2.365
75264,Winter Weather,2,0.36,5.0,1.266,2.305
75264,Cold/Wind Chill,2,0.36,4.0,1.581,2.303
75264,Lightning,7,1.27,2.5,0.681,2.17
75264,Strong Wind,1,0.18,4.0,0.957,0.697
75264,Flood,1,0.18,4.5,0.71,0.582
75265,Flash Flood,111,20.21,6.0,0.818,99.194
75265,Hail,164,29.86,4.0,0.814,97.227
75265,Thunderstorm Wind,70,12.75,5.0,0.837,53.34
75265,Excessive Heat,12,2.18,5.5,0.979,11.765
75265,Winter Storm,6,1.09,7.0,1.314,10.049
75265,Extreme Cold/Wind Chill,4,0.73,6.5,2.115,10.013
75265,Heat,27,4.92,3.0,0.619,9.129
75265,Tornado,5,0.91,8.9,0.92,7.454
75265,High Wind,6,1.09,6.0,0.954,6.253
75265,Drought,13,2.37,1.5,1.158,4.112
75265,Ice Storm,1,0.18,8.5,1.528,2.365
75265,Winter Weather,2,0.36,5.0,1.266,2.305
75265,Cold/Wind Chill,2,0.36,4.0,1.581,2.303
75265,Lightning,7,1.27,2.5,0.681,2.17
75265,Strong Wind,1,0.18,4.0,0.957,0.697
75265,Flood,1,0.18,4.5,0.71,0.582
75266,Flash Flood,111,20.21,6.0,0.818,99.194
75266,Hail,164,29.86,4.0,0.814,97.227
75266,Thunderstorm Wind,70,12.75,5.0,0.837,53.34
75266,Excessive Heat,12,2.18,5.5,0.979,11.765
75266,Winter Storm,6,1.09,7.0,1.314,10.049
75266,Extreme Cold/Wind Chill,4,0.73,6.5,2.115,10.013
75266,Heat,27,4.92,3.0,0.619,9.129
75266,Tornado,5,0.91,8.9,0.92,7.454
75266,High Wind,6,1.09,6.0,0.954,6.253
75266,Drought,13,2.37,1.5,1.158,4.112
75266,Ice Storm,1,0.18,8.5,1.528,2.365
75266,Winter Weather,2,0.36,5.0,1.266,2.305
75266,Cold/Wind Chill,2,0.36,4.0,1.581,2.303
75266,Lightning,7,1.27,2.5,0.681,2.17
75266,Strong Wind,1,0.18,4.0,0.957,0.697
75266,Flood,1,0.18,4.5,0.71,0.582
75267,Flash Flood,111,20.21,6.0,0.818,99.194
75267,Hail,164,29.86,4.0,0.814,97.227
75267,Thunderstorm Wind,70,12.75,5.0,0.837,53.34
75267,Excessive Heat,12,2.18,5.5,0.979,11.765
75267,Winter Storm,6,1.09,7.0,1.314,10.049
75267,Extreme Cold/Wind Chill,4,0.73,6.5,2.115,10.013
75267,Heat,27,4.92,3.0,0.619,9.129
75267,Tornado,5,0.91,8.9,0.92,7.454
75267,High Wind,6,1.09,6.0,0.954,6.253
75267,Drought,13,2.37,1.5,1.158,4.112
75267,Ice Storm,1,0.18,8.5,1.528,2.365
75267,Winter Weather,2,0.36,5.0,1.266,2.305
75267,Cold/Wind Chill,2,0.36,4.0,1.581,2.303
75267,Lightning,7,1.27,2.5,0.681,2.17
75267,Strong Wind,1,0.18,4.0,0.957,0.697
75267,Flood,1,0.18,4.5,0.71,0.582
75270,Flash Flood,111,20.21,6.0,0.818,99.194
75270,Hail,164,29.86,4.0,0.814,97.227
75270,Thunderstorm Wind,70,12.75,5.0,0.837,53.34
75270,Excessive Heat,12,2.18,5.5,0.979,11.765
75270,Winter Storm,6,1.09,7.0,1.314,10.049
75270,Extreme Cold/Wind Chill,4,0.73,6.5,2.115,10.013
75270,Heat,27,4.92,3.0,0.619,9.129
75270,Tornado,5,0.91,8.9,0.92,7.454
75270,High Wind,6,1.09,6.0,0.954,6.253
75270,Drought,13,2.37,1.5,1.158,4.112
75270,Ice Storm,1,0.18,8.5,1.528,2.365
75270,Winter Weather,2,0.36,5.0,1.266,2.305
75270,Cold/Wind Chill,2,0.36,4.0,1.581,2.303
75270,Lightning,7,1.27,2.5,0.681,2.17
75270,Strong Wind,1,0.18,4.0,0.957,0.697
75270,Flood,1,0.18,4.5,0.71,0.582
75275,Flash Flood,111,20.21,6.0,0.818,99.194
75275,Hail,164,29.86,4.0,0.814,97.227
75275,Thunderstorm Wind,70,12.75,5.0,0.837,53.34
75275,Excessive Heat,12,2.18,5.5,0.979,11.765
75275,Winter Storm,6,1.09,7.0,1.314,10.049
75275,Extreme Cold/Wind Chill,4,0.73,6.5,2.115,10.013
75275,Heat,27,4.92,3.0,0.619,9.129
75275,Tornado,5,0.91,8.9,0.92,7.454
75275,High Wind,6,1.09,6.0,0.954,6.253
75275,Drought,13,2.37,1.5,1.158,4.112
75275,Ice Storm,1,0.18,8.5,1.528,2.365
75275,Winter Weather,2,0.36,5.0,1.266,2.305
75275,Cold/Wind Chill,2,0.36,4.0,1.581,2.303
75275,Lightning,7,1.27,2.5,0.681,2.17
75275,Strong Wind,1,0.18,4.0,0.957,0.697
75275,Flood,1,0.18,4.5,0.71,0.582
75277,Flash Flood,111,20.21,6.0,0.818,99.194
75277,Hail,164,29.86,4.0,0.814,97.227
75277,Thunderstorm Wind,70,12.75,5.0,0.837,53.34
75277,Excessive Heat,12,2.18,5.5,0.979,11.765
75277,Winter Storm,6,1.09,7.0,1.314,10.049
75277,Extreme Cold/Wind Chill,4,0.73,6.5,2.115,10.013
75277,Heat,27,4.92,3.0,0.619,9.129
75277,Tornado,5,0.91,8.9,0.92,7.454
75277,High Wind,6,1.09,6.0,0.954,6.253
75277,Drought,13,2.37,1.5,1.158,4.112
75277,Ice Storm,1,0.18,8.5,1.528,2.365
75277,Winter Weather,2,0.36,5.0,1.266,2.305
75277,Cold/Wind Chill,2,0.36,4.0,1.581,2.303
75277,Lightning,7,1.27,2.5,0.681,2.17
75277,Strong Wind,1,0.18,4.0,0.957,0.697
75277,Flood,1,0.18,4.5,0.71,0.582
75283,Flash Flood,111,20.21,6.0,0.818,99.194
75283,Hail,164,29.86,4.0,0.814,97.227
75283,Thunderstorm Wind,70,12.75,5.0,0.837,53.34
75283,Excessive Heat,12,2.18,5.5,0.979,11.765
75283,Winter Storm,6,1.09,7.0,1.314,10.049
75283,Extreme Cold/Wind Chill,4,0.73,6.5,2.115,10.013
75283,Heat,27,4.92,3.0,0.619,9.129
75283,Tornado,5,0.91,8.9,0.92,7.454
75283,High Wind,6,1.09,6.0,0.954,6.253
75283,Drought,13,2.37,1.5,1.158,4.112
75283,Ice Storm,1,0.18,8.5,1.528,2.365
75283,Winter Weather,2,0.36,5.0,1.266,2.305
75283,Cold/Wind Chill,2,0.36,4.0,1.581,2.303
75283,Lightning,7,1.27,2.5,0.681,2.17
75283,Strong Wind,1,0.18,4.0,0.957,0.697
75283,Flood,1,0.18,4.5,0.71,0.582
75284,Flash Flood,111,20.21,6.0,0.818,99.194
75284,Hail,164,29.86,4.0,0.814,97.227
75284,Thunderstorm Wind,70,12.75,5.0,0.837,53.34
75284,Excessive Heat,12,2.18,5.5,0.979,11.765
75284,Winter Storm,6,1.09,7.0,1.314,10.049
75284,Extreme Cold/Wind Chill,4,0.73,6.5,2.115,10.013
75284,Heat,27,4.92,3.0,0.619,9.129
75284,Tornado,5,0.91,8.9,0.92,7.454
75284,High Wind,6,1.09,6.0,0.954,6.253
75284,Drought,13,2.37,1.5,1.158,4.112
75284,Ice Storm,1,0.18,8.5,1.528,2.365
75284,Winter Weather,2,0.36,5.0,1.266,2.305
75284,Cold/Wind Chill,2,0.36,4.0,1.581,2.303
75284,Lightning,7,1.27,2.5,0.681,2.17
75284,Strong Wind,1,0.18,4.0,0.957,0.697
75284,Flood,1,0.18,4.5,0.71,0.582
75285,Flash Flood,111,20.21,6.0,0.818,99.194
75285,Hail,164,29.86,4.0,0.814,97.227
75285,Thunderstorm Wind,70,12.75,5.0,0.837,53.34
75285,Excessive Heat,12,2.18,5.5,0.979,11.765
75285,Winter Storm,6,1.09,7.0,1.314,10.049
75285,Extreme Cold/Wind Chill,4,0.73,6.5,2.115,10.013
75285,Heat,27,4.92,3.0,0.619,9.129
75285,Tornado,5,0.91,8.9,0.92,7.454
75285,High Wind,6,1.09,6.0,0.954,6.253
75285,Drought,13,2.37,1.5,1.158,4.112
75285,Ice Storm,1,0.18,8.5,1.528,2.365
75285,Winter Weather,2,0.36,5.0,1.266,2.305
75285,Cold/Wind Chill,2,0.36,4.0,1.581,2.303
75285,Lightning,7,1.27,2.5,0.681,2.17
75285,Strong Wind,1,0.18,4.0,0.957,0.697
75285,Flood,1,0.18,4.5,0.71,0.582
75286,Flash Flood,111,20.21,6.0,0.818,99.194
75286,Hail,164,29.86,4.0,0.814,97.227
75286,Thunderstorm Wind,70,12.75,5.0,0.837,53.34
75286,Excessive Heat,12,2.18,5.5,0.979,11.765
75286,Winter Storm,6,1.09,7.0,1.314,10.049
75286,Extreme Cold/Wind Chill,4,0.73,6.5,2.115,10.013
75286,Heat,27,4.92,3.0,0.619,9.129
75286,Tornado,5,0.91,8.9,0.92,7.454
75286,High Wind,6,1.09,6.0,0.954,6.253
75286,Drought,13,2.37,1.5,1.158,4.112
75286,Ice Storm,1,0.18,8.5,1.528,2.365
75286,Winter Weather,2,0.36,5.0,1.266,2.305
75286,Cold/Wind Chill,2,0.36,4.0,1.581,2.303
75286,Lightning,7,1.27,2.5,0.681,2.17
75286,Strong Wind,1,0.18,4.0,0.957,0.697
75286,Flood,1,0.18,4.5,0.71,0.582
75287,Hail,156,28.4,4.0,0.814,92.484
75287,Thunderstorm Wind,61,11.11,5.0,0.837,46.482
75287,Flash Flood,21,3.82,6.0,0.818,18.766
75287,Excessive Heat,11,2.0,5.5,0.979,10.784
75287,Tornado,7,1.27,9.0,0.92,10.553
75287,Extreme Cold/Wind Chill,4,0.73,6.5,2.115,10.013
75287,Heat,27,4.92,3.0,0.619,9.129
75287,Winter Storm,5,0.91,7.0,1.314,8.374
75287,High Wind,4,0.73,6.0,0.954,4.169
75287,Drought,12,2.18,1.5,1.158,3.795
75287,Ice Storm,1,0.18,8.5,1.528,2.365
75287,Cold/Wind Chill,2,0.36,4.0,1.581,2.303
75287,Lightning,7,1.27,2.5,0.681,2.17
75287,Winter Weather,1,0.18,5.0,1.266,1.153
75287,Flood,1,0.18,4.5,0.71,0.582
77001,Thunderstorm Wind,117,21.3,5.0,0.837,89.154
77001,Hail,84,15.29,4.0,0.814,49.799
77001,Flash Flood,34,6.19,6.0,0.818,30.384
77001,Tornado,13,2.37,8.96,0.92,19.515
77001,Excessive Heat,14,2.55,5.5,0.979,13.726
77001,Winter Storm,3,0.55,7.0,1.314,5.024
77001,Lightning,13,2.37,2.5,0.681,4.03
77001,Cold/Wind Chill,3,0.55,4.0,1.581,3.454
77001,Drought,10,1.82,1.5,1.158,3.163
77001,Tropical Storm,2,0.36,6.5,1.186,2.807
77001,Extreme Cold/Wind Chill,1,0.18,6.5,2.115,2.503
77001,High Wind,2,0.36,6.0,0.954,2.084
77001,Funnel Cloud,4,0.73,3.5,0.688,1.754
77001,Flood,3,0.55,4.5,0.71,1.745
77001,Storm Surge/Tide,1,0.18,7.0,1.0,1.275
77001,Winter Weather,1,0.18,5.0,1.266,1.153
77001,Heat,3,0.55,3.0,0.619,1.014
77001,Coastal Flood,1,0.18,4.5,0.909,0.745
77002,Thunderstorm Wind,117,21.3,5.0,0.837,89.154
77002,Hail,84,15.29,4.0,0.814,49.799
77002,Flash Flood,34,6.19,6.0,0.818,30.384
77002,Tornado,13,2.37,8.96,0.92,19.515
77002,Excessive Heat,14,2.55,5.5,0.979,13.726
77002,Winter Storm,3,0.55,7.0,1.314,5.024
77002,Lightning,13,2.37,2.5,0.681,4.03
77002,Cold/Wind Chill,3,0.55,4.0,1.581,3.454
77002,Drought,10,1.82,1.5,1.158,3.163
77002,Tropical Storm,2,0.36,6.5,1.186,2.807
77002,Extreme Cold/Wind Chill,1,0.18,6.5,2.115,2.503
77002,High Wind,2,0.36,6.0,0.954,2.084
77002,Funnel Cloud,4,0.73,3.5,0.688,1.754
77002,Flood,3,0.55,4.5,0.71,1.745
77002,Storm Surge/Tide,1,0.18,7.0,1.0,1.275
77002,Winter Weather,1,0.18,5.0,1.266,1.153
77002,Heat,3,0.55,3.0,0.619,1.014
77002,Coastal Flood,1,0.18,4.5,0.909,0.745
77003,Thunderstorm Wind,117,21.3,5.0,0.837,89.154
77003,Hail,84,15.29,4.0,0.814,49.799
77003,Flash Flood,34,6.19,6.0,0.818,30.384
77003,Tornado,13,2.37,8.96,0.92,19.515
77003,Excessive Heat,14,2.55,5.5,0.979,13.726
77003,Winter Storm,3,0.55,7.0,1.314,5.024
77003,Lightning,13,2.37,2.5,0.681,4.03
77003,Cold/Wind Chill,3,0.55,4.0,1.581,3.454
77003,Drought,10,1.82,1.5,1.158,3.163
77003,Tropical Storm,2,0.36,6.5,1.186,2.807
77003,Extreme Cold/Wind Chill,1,0.18,6.5,2.115,2.503
77003,High Wind,2,0.36,6.0,0.954,2.084
77003,Funnel Cloud,4,0.73,3.5,0.688,1.754
77003,Flood,3,0.55,4.5,0.71,1.745
77003,Storm Surge/Tide,1,0.18,7.0,1.0,1.275
77003,Winter Weather,1,0.18,5.0,1.266,1.153
77003,Heat,3,0.55,3.0,0.619,1.014
77003,Coastal Flood,1,0.18,4.5,0.909,0.745
77004,Thunderstorm Wind,117,21.3,5.0,0.837,89.154
77004,Hail,84,15.29,4.0,0.814,49.799
77004,Flash Flood,34,6.19,6.0,0.818,30.384
77004,Tornado,13,2.37,8.96,0.92,19.515
77004,Excessive Heat,14,2.55,5.5,0.979,13.726
77004,Winter Storm,3,0.55,7.0,1.314,5.024
77004,Lightning,13,2.37,2.5,0.681,4.03
77004,Cold/Wind Chill,3,0.55,4.0,1.581,3.454
77004,Drought,10,1.82,1.5,1.158,3.163
77004,Tropical Storm,2,0.36,6.5,1.186,2.807
77004,Extreme Cold/Wind Chill,1,0.18,6.5,2.115,2.503
77004,High Wind,2,0.36,6.0,0.954,2.084
77004,Funnel Cloud,4,0.73,3.5,0.688,1.754
77004,Flood,3,0.55,4.5,0.71,1.745
77004,Storm Surge/Tide,1,0.18,7.0,1.0,1.275
77004,Winter Weather,1,0.18,5.0,1.266,1.153
77004,Heat,3,0.55,3.0,0.619,1.014
77004,Coastal Flood,1,0.18,4.5,0.909,0.745
77005,Thunderstorm Wind,117,21.3,5.0,0.837,89.154
77005,Hail,84,15.29,4.0,0.814,49.799
77005,Flash Flood,34,6.19,6.0,0.818,30.384
77005,Tornado,13,2.37,8.96,0.92,19.515
77005,Excessive Heat,14,2.55,5.5,0.979,13.726
77005,Winter Storm,3,0.55,7.0,1.314,5.024
77005,Lightning,13,2.37,2.5,0.681,4.03
77005,Cold/Wind Chill,3,0.55,4.0,1.581,3.454
77005,Drought,10,1.82,1.5,1.158,3.163
77005,Tropical Storm,2,0.36,6.5,1.186,2.807
77005,Extreme Cold/Wind Chill,1,0.18,6.5,2.115,2.503
77005,High Wind,2,0.36,6.0,0.954,2.084
77005,Funnel Cloud,4,0.73,3.5,0.688,1.754
77005,Flood,3,0.55,4.5,0.71,1.745
77005,Storm Surge/Tide,1,0.18,7.0,1.0,1.275
77005,Winter Weather,1,0.18,5.0,1.266,1.153
77005,Heat,3,0.55,3.0,0.619,1.014
77005,Coastal Flood,1,0.18,4.5,0.909,0.745
77006,Thunderstorm Wind,117,21.3,5.0,0.837,89.154
77006,Hail,84,15.29,4.0,0.814,49.799
77006,Flash Flood,34,6.19,6.0,0.818,30.384
77006,Tornado,13,2.37,8.96,0.92,19.515
77006,Excessive Heat,14,2.55,5.5,0.979,13.726
77006,Winter Storm,3,0.55,7.0,1.314,5.024
77006,Lightning,13,2.37,2.5,0.681,4.03
77006,Cold/Wind Chill,3,0.55,4.0,1.581,3.454
77006,Drought,10,1.82,1.5,1.158,3.163
77006,Tropical Storm,2,0.36,6.5,1.186,2.807
77006,Extreme Cold/Wind Chill,1,0.18,6.5,2.115,2.503
77006,High Wind,2,0.36,6.0,0.954,2.084
77006,Funnel Cloud,4,0.73,3.5,0.688,1.754
77006,Flood,3,0.55,4.5,0.71,1.745
77006,Storm Surge/Tide,1,0.18,7.0,1.0,1.275
77006,Winter Weather,1,0.18,5.0,1.266,1.153
77006,Heat,3,0.55,3.0,0.619,1.014
77006,Coastal Flood,1,0.18,4.5,0.909,0.745
77007,Thunderstorm Wind,117,21.3,5.0,0.837,89.154
77007,Hail,84,15.29,4.0,0.814,49.799
77007,Flash Flood,34,6.19,6.0,0.818,30.384
77007,Tornado,13,2.37,8.96,0.92,19.515
77007,Excessive Heat,14,2.55,5.5,0.979,13.726
77007,Winter Storm,3,0.55,7.0,1.314,5.024
77007,Lightning,13,2.37,2.5,0.681,4.03
77007,Cold/Wind Chill,3,0.55,4.0,1.581,3.454
77007,Drought,10,1.82,1.5,1.158,3.163
77007,Tropical Storm,2,0.36,6.5,1.186,2.807
77007,Extreme Cold/Wind Chill,1,0.18,6.5,2.115,2.503
77007,High Wind,2,0.36,6.0,0.954,2.084
77007,Funnel Cloud,4,0.73,3.5,0.688,1.754
77007,Flood,3,0.55,4.5,0.71,1.745
77007,Storm Surge/Tide,1,0.18,7.0,1.0,1.275
77007,Winter Weather,1,0.18,5.0,1.266,1.153
77007,Heat,3,0.55,3.0,0.619,1.014
77007,Coastal Flood,1,0.18,4.5,0.909,0.745
77008,Thunderstorm Wind,117,21.3,5.0,0.837,89.154
77008,Hail,84,15.29,4.0,0.814,49.799
77008,Flash Flood,34,6.19,6.0,0.818,30.384
77008,Tornado,13,2.37,8.96,0.92,19.515
77008,Excessive Heat,14,2.55,5.5,0.979,13.726
77008,Winter Storm,3,0.55,7.0,1.314,5.024
77008,Lightning,13,2.37,2.5,0.681,4.03
77008,Cold/Wind Chill,3,0.55,4.0,1.581,3.454
77008,Drought,10,1.82,1.5,1.158,3.163
77008,Tropical Storm,2,0.36,6.5,1.186,2.807
77008,Extreme Cold/Wind Chill,1,0.18,6.5,2.115,2.503
77008,High Wind,2,0.36,6.0,0.954,2.084
77008,Funnel Cloud,4,0.73,3.5,0.688,1.754
77008,Flood,3,0.55,4.5,0.71,1.745
77008,Storm Surge/Tide,1,0.18,7.0,1.0,1.275
77008,Winter Weather,1,0.18,5.0,1.266,1.153
77008,Heat,3,0.55,3.0,0.619,1.014
77008,Coastal Flood,1,0.18,4.5,0.909,0.745
77009,Thunderstorm Wind,117,21.3,5.0,0.837,89.154
77009,Hail,84,15.29,4.0,0.814,49.799
77009,Flash Flood,34,6.19,6.0,0.818,30.384
77009,Tornado,13,2.37,8.96,0.92,19.515
77009,Excessive Heat,14,2.55,5.5,0.979,13.726
77009,Winter Storm,3,0.55,7.0,1.314,5.024
77009,Lightning,13,2.37,2.5,0.681,4.03
77009,Cold/Wind Chill,3,0.55,4.0,1.581,3.454
77009,Drought,10,1.82,1.5,1.158,3.163
77009,Tropical Storm,2,0.36,6.5,1.186,2.807
77009,Extreme Cold/Wind Chill,1,0.18,6.5,2.115,2.503
77009,High Wind,2,0.36,6.0,0.954,2.084
77009,Funnel Cloud,4,0.73,3.5,0.688,1.754
77009,Flood,3,0.55,4.5,0.71,1.745
77009,Storm Surge/Tide,1,0.18,7.0,1.0,1.275
77009,Winter Weather,1,0.18,5.0,1.266,1.153
77009,Heat,3,0.55,3.0,0.619,1.014
77009,Coastal Flood,1,0.18,4.5,0.909,0.745
77010,Thunderstorm Wind,117,21.3,5.0,0.837,89.154
77010,Hail,84,15.29,4.0,0.814,49.799
77010,Flash Flood,34,6.19,6.0,0.818,30.384
77010,Tornado,13,2.37,8.96,0.92,19.515
77010,Excessive Heat,14,2.55,5.5,0.979,13.726
77010,Winter Storm,3,0.55,7.0,1.314,5.024
77010,Lightning,13,2.37,2.5,0.681,4.03
77010,Cold/Wind Chill,3,0.55,4.0,1.581,3.454
77010,Drought,10,1.82,1.5,1.158,3.163
77010,Tropical Storm,2,0.36,6.5,1.186,2.807
77010,Extreme Cold/Wind Chill,1,0.18,6.5,2.115,2.503
77010,High Wind,2,0.36,6.0,0.954,2.084
77010,Funnel Cloud,4,0.73,3.5,0.688,1.754
77010,Flood,3,0.55,4.5,0.71,1.745
77010,Storm Surge/Tide,1,0.18,7.0,1.0,1.275
77010,Winter Weather,1,0.18,5.0,1.266,1.153
77010,Heat,3,0.55,3.0,0.619,1.014
77010,Coastal Flood,1,0.18,4.5,0.909,0.745
77011,Thunderstorm Wind,117,21.3,5.0,0.837,89.154
77011,Hail,84,15.29,4.0,0.814,49.799
77011,Flash Flood,34,6.19,6.0,0.818,30.384
77011,Tornado,13,2.37,8.96,0.92,19.515
77011,Excessive Heat,14,2.55,5.5,0.979,13.726
77011,Winter Storm,3,0.55,7.0,1.314,5.024
77011,Lightning,13,2.37,2.5,0.681,4.03
77011,Cold/Wind Chill,3,0.55,4.0,1.581,3.454
77011,Drought,10,1.82,1.5,1.158,3.163
77011,Tropical Storm,2,0.36,6.5,1.186,2.807
77011,Extreme Cold/Wind Chill,1,0.18,6.5,2.115,2.503
77011,High Wind,2,0.36,6.0,0.954,2.084
77011,Funnel Cloud,4,0.73,3.5,0.688,1.754
77011,Flood,3,0.55,4.5,0.71,1.745
77011,Storm Surge/Tide,1,0.18,7.0,1.0,1.275
77011,Winter Weather,1,0.18,5.0,1.266,1.153
77011,Heat,3,0.55,3.0,0.619,1.014
77011,Coastal Flood,1,0.18,4.5,0.909,0.745
77012,Thunderstorm Wind,117,21.3,5.0,0.837,89.154
77012,Hail,84,15.29,4.0,0.814,49.799
77012,Flash Flood,34,6.19,6.0,0.818,30.384
77012,Tornado,13,2.37,8.96,0.92,19.515
77012,Excessive Heat,14,2.55,5.5,0.979,13.726
77012,Winter Storm,3,0.55,7.0,1.314,5.024
77012,Lightning,13,2.37,2.5,0.681,4.03
77012,Cold/Wind Chill,3,0.55,4.0,1.581,3.454
77012,Drought,10,1.82,1.5,1.158,3.163
77012,Tropical Storm,2,0.36,6.5,1.186,2.807
77012,Extreme Cold/Wind Chill,1,0.18,6.5,2.115,2.503
77012,High Wind,2,0.36,6.0,0.954,2.084
77012,Funnel Cloud,4,0.73,3.5,0.688,1.754
77012,Flood,3,0.55,4.5,0.71,1.745
77012,Storm Surge/Tide,1,0.18,7.0,1.0,1.275
77012,Winter Weather,1,0.18,5.0,1.266,1.153
77012,Heat,3,0.55,3.0,0.619,1.014
77012,Coastal Flood,1,0.18,4.5,0.909,0.745
77013,Thunderstorm Wind,117,21.3,5.0,0.837,89.154
77013,Hail,84,15.29,4.0,0.814,49.799
77013,Flash Flood,34,6.19,6.0,0.818,30.384
77013,Tornado,13,2.37,8.96,0.92,19.515
77013,Excessive Heat,14,2.55,5.5,0.979,13.726
77013,Winter Storm,3,0.55,7.0,1.314,5.024
77013,Lightning,13,2.37,2.5,0.681,4.03
77013,Cold/Wind Chill,3,0.55,4.0,1.581,3.454
77013,Drought,10,1.82,1.5,1.158,3.163
77013,Tropical Storm,2,0.36,6.5,1.186,2.807
77013,Extreme Cold/Wind Chill,1,0.18,6.5,2.115,2.503
77013,High Wind,2,0.36,6.0,0.954,2.084
77013,Funnel Cloud,4,0.73,3.5,0.688,1.754
77013,Flood,3,0.55,4.5,0.71,1.745
77013,Storm Surge/Tide,1,0.18,7.0,1.0,1.275
77013,Winter Weather,1,0.18,5.0,1.266,1.153
77013,Heat,3,0.55,3.0,0.619,1.014
77013,Coastal Flood,1,0.18,4.5,0.909,0.745
77014,Thunderstorm Wind,117,21.3,5.0,0.837,89.154
77014,Hail,84,15.29,4.0,0.814,49.799
77014,Flash Flood,34,6.19,6.0,0.818,30.384
77014,Tornado,13,2.37,8.96,0.92,19.515
77014,Excessive Heat,14,2.55,5.5,0.979,13.726
77014,Winter Storm,3,0.55,7.0,1.314,5.024
77014,Lightning,13,2.37,2.5,0.681,4.03
77014,Cold/Wind Chill,3,0.55,4.0,1.581,3.454
77014,Drought,10,1.82,1.5,1.158,3.163
77014,Tropical Storm,2,0.36,6.5,1.186,2.807
77014,Extreme Cold/Wind Chill,1,0.18,6.5,2.115,2.503
77014,High Wind,2,0.36,6.0,0.954,2.084
77014,Funnel Cloud,4,0.73,3.5,0.688,1.754
77014,Flood,3,0.55,4.5,0.71,1.745
77014,Storm Surge/Tide,1,0.18,7.0,1.0,1.275
77014,Winter Weather,1,0.18,5.0,1.266,1.153
77014,Heat,3,0.55,3.0,0.619,1.014
77014,Coastal Flood,1,0.18,4.5,0.909,0.745
77015,Thunderstorm Wind,117,21.3,5.0,0.837,89.154
77015,Hail,84,15.29,4.0,0.814,49.799
77015,Flash Flood,34,6.19,6.0,0.818,30.384
77015,Tornado,13,2.37,8.96,0.92,19.515
77015,Excessive Heat,14,2.55,5.5,0.979,13.726
77015,Winter Storm,3,0.55,7.0,1.314,5.024
77015,Lightning,13,2.37,2.5,0.681,4.03
77015,Cold/Wind Chill,3,0.55,4.0,1.581,3.454
77015,Drought,10,1.82,1.5,1.158,3.163
77015,Tropical Storm,2,0.36,6.5,1.186,2.807
77015,Extreme Cold/Wind Chill,1,0.18,6.5,2.115,2.503
77015,High Wind,2,0.36,6.0,0.954,2.084
77015,Funnel Cloud,4,0.73,3.5,0.688,1.754
77015,Flood,3,0.55,4.5,0.71,1.745
77015,Storm Surge/Tide,1,0.18,7.0,1.0,1.275
77015,Winter Weather,1,0.18,5.0,1.266,1.153
77015,Heat,3,0.55,3.0,0.619,1.014
77015,Coastal Flood,1,0.18,4.5,0.909,0.745
77016,Thunderstorm Wind,117,21.3,5.0,0.837,89.154
77016,Hail,84,15.29,4.0,0.814,49.799
77016,Flash Flood,34,6.19,6.0,0.818,30.384
77016,Tornado,13,2.37,8.96,0.92,19.515
77016,Excessive Heat,14,2.55,5.5,0.979,13.726
77016,Winter Storm,3,0.55,7.0,1.314,5.024
77016,Lightning,13,2.37,2.5,0.681,4.03
77016,Cold/Wind Chill,3,0.55,4.0,1.581,3.454
77016,Drought,10,1.82,1.5,1.158,3.163
77016,Tropical Storm,2,0.36,6.5,1.186,2.807
77016,Extreme Cold/Wind Chill,1,0.18,6.5,2.115,2.503
77016,High Wind,2,0.36,6.0,0.954,2.084
77016,Funnel Cloud,4,0.73,3.5,0.688,1.754
77016,Flood,3,0.55,4.5,0.71,1.745
77016,Storm Surge/Tide,1,0.18,7.0,1.0,1.275
77016,Winter Weather,1,0.18,5.0,1.266,1.153
77016,Heat,3,0.55,3.0,0.619,1.014
77016,Coastal Flood,1,0.18,4.5,0.909,0.745
77017,Thunderstorm Wind,117,21.3,5.0,0.837,89.154
77017,Hail,84,15.29,4.0,0.814,49.799
77017,Flash Flood,34,6.19,6.0,0.818,30.384
77017,Tornado,13,2.37,8.96,0.92,19.515
77017,Excessive Heat,14,2.55,5.5,0.979,13.726
77017,Winter Storm,3,0.55,7.0,1.314,5.024
77017,Lightning,13,2.37,2.5,0.681,4.03
77017,Cold/Wind Chill,3,0.55,4.0,1.581,3.454
77017,Drought,10,1.82,1.5,1.158,3.163
77017,Tropical Storm,2,0.36,6.5,1.186,2.807
77017,Extreme Cold/Wind Chill,1,0.18,6.5,2.115,2.503
77017,High Wind,2,0.36,6.0,0.954,2.084
77017,Funnel Cloud,4,0.73,3.5,0.688,1.754
77017,Flood,3,0.55,4.5,0.71,1.745
77017,Storm Surge/Tide,1,0.18,7.0,1.0,1.275
77017,Winter Weather,1,0.18,5.0,1.266,1.153
77017,Heat,3,0.55,3.0,0.619,1.014
77017,Coastal Flood,1,0.18,4.5,0.909,0.745
77018,Thunderstorm Wind,117,21.3,5.0,0.837,89.154
77018,Hail,84,15.29,4.0,0.814,49.799
77018,Flash Flood,34,6.19,6.0,0.818,30.384
77018,Tornado,13,2.37,8.96,0.92,19.515
77018,Excessive Heat,14,2.55,5.5,0.979,13.726
77018,Winter Storm,3,0.55,7.0,1.314,5.024
77018,Lightning,13,2.37,2.5,0.681,4.03
77018,Cold/Wind Chill,3,0.55,4.0,1.581,3.454
77018,Drought,10,1.82,1.5,1.158,3.163
77018,Tropical Storm,2,0.36,6.5,1.186,2.807
77018,Extreme Cold/Wind Chill,1,0.18,6.5,2.115,2.503
77018,High Wind,2,0.36,6.0,0.954,2.084
77018,Funnel Cloud,4,0.73,3.5,0.688,1.754
77018,Flood,3,0.55,4.5,0.71,1.745
77018,Storm Surge/Tide,1,0.18,7.0,1.0,1.275
77018,Winter Weather,1,0.18,5.0,1.266,1.153
77018,Heat,3,0.55,3.0,0.619,1.014
77018,Coastal Flood,1,0.18,4.5,0.909,0.745
77019,Thunderstorm Wind,117,21.3,5.0,0.837,89.154
77019,Hail,84,15.29,4.0,0.814,49.799
77019,Flash Flood,34,6.19,6.0,0.818,30.384
77019,Tornado,13,2.37,8.96,0.92,19.515
77019,Excessive Heat,14,2.55,5.5,0.979,13.726
77019,Winter Storm,3,0.55,7.0,1.314,5.024
77019,Lightning,13,2.37,2.5,0.681,4.03
77019,Cold/Wind Chill,3,0.55,4.0,1.581,3.454
77019,Drought,10,1.82,1.5,1.158,3.163
77019,Tropical Storm,2,0.36,6.5,1.186,2.807
77019,Extreme Cold/Wind Chill,1,0.18,6.5,2.115,2.503
77019,High Wind,2,0.36,6.0,0.954,2.084
77019,Funnel Cloud,4,0.73,3.5,0.688,1.754
77019,Flood,3,0.55,4.5,0.71,1.745
77019,Storm Surge/Tide,1,0.18,7.0,1.0,1.275
77019,Winter Weather,1,0.18,5.0,1.266,1.153
77019,Heat,3,0.55,3.0,0.619,1.014
77019,Coastal Flood,1,0.18,4.5,0.909,0.745
77020,Thunderstorm Wind,117,21.3,5.0,0.837,89.154
77020,Hail,84,15.29,4.0,0.814,49.799
77020,Flash Flood,34,6.19,6.0,0.818,30.384
77020,Tornado,13,2.37,8.96,0.92,19.515
77020,Excessive Heat,14,2.55,5.5,0.979,13.726
77020,Winter Storm,3,0.55,7.0,1.314,5.024
77020,Lightning,13,2.37,2.5,0.681,4.03
77020,Cold/Wind Chill,3,0.55,4.0,1.581,3.454
77020,Drought,10,1.82,1.5,1.158,3.163
77020,Tropical Storm,2,0.36,6.5,1.186,2.807
77020,Extreme Cold/Wind Chill,1,0.18,6.5,2.115,2.503
77020,High Wind,2,0.36,6.0,0.954,2.084
77020,Funnel Cloud,4,0.73,3.5,0.688,1.754
77020,Flood,3,0.55,4.5,0.71,1.745
77020,Storm Surge/Tide,1,0.18,7.0,1.0,1.275
77020,Winter Weather,1,0.18,5.0,1.266,1.153
77020,Heat,3,0.55,3.0,0.619,1.014
77020,Coastal Flood,1,0.18,4.5,0.909,0.745
77021,Thunderstorm Wind,117,21.3,5.0,0.837,89.154
77021,Hail,84,15.29,4.0,0.814,49.799
77021,Flash Flood,34,6.19,6.0,0.818,30.384
77021,Tornado,13,2.37,8.96,0.92,19.515
77021,Excessive Heat,14,2.55,5.5,0.979,13.726
77021,Winter Storm,3,0.55,7.0,1.314,5.024
77021,Lightning,13,2.37,2.5,0.681,4.03
77021,Cold/Wind Chill,3,0.55,4.0,1.581,3.454
77021,Drought,10,1.82,1.5,1.158,3.163
77021,Tropical Storm,2,0.36,6.5,1.186,2.807
77021,Extreme Cold/Wind Chill,1,0.18,6.5,2.115,2.503
77021,High Wind,2,0.36,6.0,0.954,2.084
77021,Funnel Cloud,4,0.73,3.5,0.688,1.754
77021,Flood,3,0.55,4.5,0.71,1.745
77021,Storm Surge/Tide,1,0.18,7.0,1.0,1.275
77021,Winter Weather,1,0.18,5.0,1.266,1.153
77021,Heat,3,0.55,3.0,0.619,1.014
77021,Coastal Flood,1,0.18,4.5,0.909,0.745
77022,Thunderstorm Wind,117,21.3,5.0,0.837,89.154
77022,Hail,84,15.29,4.0,0.814,49.799
77022,Flash Flood,34,6.19,6.0,0.818,30.384
77022,Tornado,13,2.37,8.96,0.92,19.515
77022,Excessive Heat,14,2.55,5.5,0.979,13.726
77022,Winter Storm,3,0.55,7.0,1.314,5.024
77022,Lightning,13,2.37,2.5,0.681,4.03
77022,Cold/Wind Chill,3,0.55,4.0,1.581,3.454
77022,Drought,10,1.82,1.5,1.158,3.163
77022,Tropical Storm,2,0.36,6.5,1.186,2.807
77022,Extreme Cold/Wind Chill,1,0.18,6.5,2.115,2.503
77022,High Wind,2,0.36,6.0,0.954,2.084
77022,Funnel Cloud,4,0.73,3.5,0.688,1.754
77022,Flood,3,0.55,4.5,0.71,1.745
77022,Storm Surge/Tide,1,0.18,7.0,1.0,1.275
77022,Winter Weather,1,0.18,5.0,1.266,1.153
77022,Heat,3,0.55,3.0,0.619,1.014
77022,Coastal Flood,1,0.18,4.5,0.909,0.745
77023,Thunderstorm Wind,117,21.3,5.0,0.837,89.154
77023,Hail,84,15.29,4.0,0.814,49.799
77023,Flash Flood,34,6.19,6.0,0.818,30.384
77023,Tornado,13,2.37,8.96,0.92,19.515
77023,Excessive Heat,14,2.55,5.5,0.979,13.726
77023,Winter Storm,3,0.55,7.0,1.314,5.024
77023,Lightning,13,2.37,2.5,0.681,4.03
77023,Cold/Wind Chill,3,0.55,4.0,1.581,3.454
77023,Drought,10,1.82,1.5,1.158,3.163
77023,Tropical Storm,2,0.36,6.5,1.186,2.807
77023,Extreme Cold/Wind Chill,1,0.18,6.5,2.115,2.503
77023,High Wind,2,0.36,6.0,0.954,2.084
77023,Funnel Cloud,4,0.73,3.5,0.688,1.754
77023,Flood,3,0.55,4.5,0.71,1.745
77023,Storm Surge/Tide,1,0.18,7.0,1.0,1.275
77023,Winter Weather,1,0.18,5.0,1.266,1.153
77023,Heat,3,0.55,3.0,0.619,1.014
77023,Coastal Flood,1,0.18,4.5,0.909,0.745
77024,Thunderstorm Wind,117,21.3,5.0,0.837,89.154
77024,Hail,84,15.29,4.0,0.814,49.799
77024,Flash Flood,34,6.19,6.0,0.818,30.384
77024,Tornado,13,2.37,8.96,0.92,19.515
77024,Excessive Heat,14,2.55,5.5,0.979,13.726
77024,Winter Storm,3,0.55,7.0,1.314,5.024
77024,Lightning,13,2.37,2.5,0.681,4.03
77024,Cold/Wind Chill,3,0.55,4.0,1.581,3.454
77024,Drought,10,1.82,1.5,1.158,3.163
77024,Tropical Storm,2,0.36,6.5,1.186,2.807
77024,Extreme Cold/Wind Chill,1,0.18,6.5,2.115,2.503
77024,High Wind,2,0.36,6.0,0.954,2.084
77024,Funnel Cloud,4,0.73,3.5,0.688,1.754
77024,Flood,3,0.55,4.5,0.71,1.745
77024,Storm Surge/Tide,1,0.18,7.0,1.0,1.275
77024,Winter Weather,1,0.18,5.0,1.266,1.153
77024,Heat,3,0.55,3.0,0.619,1.014
77024,Coastal Flood,1,0.18,4.5,0.909,0.745
77025,Thunderstorm Wind,117,21.3,5.0,0.837,89.154
77025,Hail,84,15.29,4.0,0.814,49.799
77025,Flash Flood,34,6.19,6.0,0.818,30.384
77025,Tornado,13,2.37,8.96,0.92,19.515
77025,Excessive Heat,14,2.55,5.5,0.979,13.726
77025,Winter Storm,3,0.55,7.0,1.314,5.024
77025,Lightning,13,2.37,2.5,0.681,4.03
77025,Cold/Wind Chill,3,0.55,4.0,1.581,3.454
77025,Drought,10,1.82,1.5,1.158,3.163
77025,Tropical Storm,2,0.36,6.5,1.186,2.807
77025,Extreme Cold/Wind Chill,1,0.18,6.5,2.115,2.503
77025,High Wind,2,0.36,6.0,0.954,2.084
77025,Funnel Cloud,4,0.73,3.5,0.688,1.754
77025,Flood,3,0.55,4.5,0.71,1.745
77025,Storm Surge/Tide,1,0.18,7.0,1.0,1.275
77025,Winter Weather,1,0.18,5.0,1.266,1.153
77025,Heat,3,0.55,3.0,0.619,1.014
77025,Coastal Flood,1,0.18,4.5,0.909,0.745
77026,Thunderstorm Wind,117,21.3,5.0,0.837,89.154
77026,Hail,84,15.29,4.0,0.814,49.799
77026,Flash Flood,34,6.19,6.0,0.818,30.384
77026,Tornado,13,2.37,8.96,0.92,19.515
77026,Excessive Heat,14,2.55,5.5,0.979,13.726
77026,Winter Storm,3,0.55,7.0,1.314,5.024
77026,Lightning,13,2.37,2.5,0.681,4.03
77026,Cold/Wind Chill,3,0.55,4.0,1.581,3.454
77026,Drought,10,1.82,1.5,1.158,3.163
77026,Tropical Storm,2,0.36,6.5,1.186,2.807
77026,Extreme Cold/Wind Chill,1,0.18,6.5,2.115,2.503
77026,High Wind,2,0.36,6.0,0.954,2.084
77026,Funnel Cloud,4,0.73,3.5,0.688,1.754
77026,Flood,3,0.55,4.5,0.71,1.745
77026,Storm Surge/Tide,1,0.18,7.0,1.0,1.275
77026,Winter Weather,1,0.18,5.0,1.266,1.153
77026,Heat,3,0.55,3.0,0.619,1.014
77026,Coastal Flood,1,0.18,4.5,0.909,0.745
77027,Thunderstorm Wind,117,21.3,5.0,0.837,89.154
77027,Hail,84,15.29,4.0,0.814,49.799
77027,Flash Flood,34,6.19,6.0,0.818,30.384
77027,Tornado,13,2.37,8.96,0.92,19.515
77027,Excessive Heat,14,2.55,5.5,0.979,13.726
77027,Winter Storm,3,0.55,7.0,1.314,5.024
77027,Lightning,13,2.37,2.5,0.681,4.03
77027,Cold/Wind Chill,3,0.55,4.0,1.581,3.454
77027,Drought,10,1.82,1.5,1.158,3.163
77027,Tropical Storm,2,0.36,6.5,1.186,2.807
77027,Extreme Cold/Wind Chill,1,0.18,6.5,2.115,2.503
77027,High Wind,2,0.36,6.0,0.954,2.084
77027,Funnel Cloud,4,0.73,3.5,0.688,1.754
77027,Flood,3,0.55,4.5,0.71,1.745
77027,Storm Surge/Tide,1,0.18,7.0,1.0,1.275
77027,Winter Weather,1,0.18,5.0,1.266,1.153
77027,Heat,3,0.55,3.0,0.619,1.014
77027,Coastal Flood,1,0.18,4.5,0.909,0.745
77028,Thunderstorm Wind,117,21.3,5.0,0.837,89.154
77028,Hail,84,15.29,4.0,0.814,49.799
77028,Flash Flood,34,6.19,6.0,0.818,30.384
77028,Tornado,13,2.37,8.96,0.92,19.515
77028,Excessive Heat,14,2.55,5.5,0.979,13.726
77028,Winter Storm,3,0.55,7.0,1.314,5.024
77028,Lightning,13,2.37,2.5,0.681,4.03
77028,Cold/Wind Chill,3,0.55,4.0,1.581,3.454
77028,Drought,10,1.82,1.5,1.158,3.163
77028,Tropical Storm,2,0.36,6.5,1.186,2.807
77028,Extreme Cold/Wind Chill,1,0.18,6.5,2.115,2.503
77028,High Wind,2,0.36,6.0,0.954,2.084
77028,Funnel Cloud,4,0.73,3.5,0.688,1.754
77028,Flood,3,0.55,4.5,0.71,1.745
77028,Storm Surge/Tide,1,0.18,7.0,1.0,1.275
77028,Winter Weather,1,0.18,5.0,1.266,1.153
77028,Heat,3,0.55,3.0,0.619,1.014
77028,Coastal Flood,1,0.18,4.5,0.909,0.745
77029,Thunderstorm Wind,117,21.3,5.0,0.837,89.154
77029,Hail,84,15.29,4.0,0.814,49.799
77029,Flash Flood,34,6.19,6.0,0.818,30.384
77029,Tornado,13,2.37,8.96,0.92,19.515
77029,Excessive Heat,14,2.55,5.5,0.979,13.726
77029,Winter Storm,3,0.55,7.0,1.314,5.024
77029,Lightning,13,2.37,2.5,0.681,4.03
77029,Cold/Wind Chill,3,0.55,4.0,1.581,3.454
77029,Drought,10,1.82,1.5,1.158,3.163
77029,Tropical Storm,2,0.36,6.5,1.186,2.807
77029,Extreme Cold/Wind Chill,1,0.18,6.5,2.115,2.503
77029,High Wind,2,0.36,6.0,0.954,2.084
77029,Funnel Cloud,4,0.73,3.5,0.688,1.754
77029,Flood,3,0.55,4.5,0.71,1.745
77029,Storm Surge/Tide,1,0.18,7.0,1.0,1.275
77029,Winter Weather,1,0.18,5.0,1.266,1.153
77029,Heat,3,0.55,3.0,0.619,1.014
77029,Coastal Flood,1,0.18,4.5,0.909,0.745
77030,Thunderstorm Wind,117,21.3,5.0,0.837,89.154
77030,Hail,84,15.29,4.0,0.814,49.799
77030,Flash Flood,34,6.19,6.0,0.818,30.384
77030,Tornado,13,2.37,8.96,0.92,19.515
77030,Excessive Heat,14,2.55,5.5,0.979,13.726
77030,Winter Storm,3,0.55,7.0,1.314,5.024
77030,Lightning,13,2.37,2.5,0.681,4.03
77030,Cold/Wind Chill,3,0.55,4.0,1.581,3.454
77030,Drought,10,1.82,1.5,1.158,3.163
77030,Tropical Storm,2,0.36,6.5,1.186,2.807
77030,Extreme Cold/Wind Chill,1,0.18,6.5,2.115,2.503
77030,High Wind,2,0.36,6.0,0.954,2.084
77030,Funnel Cloud,4,0.73,3.5,0.688,1.754
77030,Flood,3,0.55,4.5,0.71,1.745
77030,Storm Surge/Tide,1,0.18,7.0,1.0,1.275
77030,Winter Weather,1,0.18,5.0,1.266,1.153
77030,Heat,3,0.55,3.0,0.619,1.014
77030,Coastal Flood,1,0.18,4.5,0.909,0.745
77031,Thunderstorm Wind,117,21.3,5.0,0.837,89.154
77031,Hail,84,15.29,4.0,0.814,49.799
77031,Flash Flood,34,6.19,6.0,0.818,30.384
77031,Tornado,13,2.37,8.96,0.92,19.515
77031,Excessive Heat,14,2.55,5.5,0.979,13.726
77031,Winter Storm,3,0.55,7.0,1.314,5.024
77031,Lightning,13,2.37,2.5,0.681,4.03
77031,Cold/Wind Chill,3,0.55,4.0,1.581,3.454
77031,Drought,10,1.82,1.5,1.158,3.163
77031,Tropical Storm,2,0.36,6.5,1.186,2.807
77031,Extreme Cold/Wind Chill,1,0.18,6.5,2.115,2.503
77031,High Wind,2,0.36,6.0,0.954,2.084
77031,Funnel Cloud,4,0.73,3.5,0.688,1.754
77031,Flood,3,0.55,4.5,0.71,1.745
77031,Storm Surge/Tide,1,0.18,7.0,1.0,1.275
77031,Winter Weather,1,0.18,5.0,1.266,1.153
77031,Heat,3,0.55,3.0,0.619,1.014
77031,Coastal Flood,1,0.18,4.5,0.909,0.745
77032,Thunderstorm Wind,117,21.3,5.0,0.837,89.154
77032,Hail,84,15.29,4.0,0.814,49.799
77032,Flash Flood,34,6.19,6.0,0.818,30.384
77032,Tornado,13,2.37,8.96,0.92,19.515
77032,Excessive Heat,14,2.55,5.5,0.979,13.726
77032,Winter Storm,3,0.55,7.0,1.314,5.024
77032,Lightning,13,2.37,2.5,0.681,4.03
77032,Cold/Wind Chill,3,0.55,4.0,1.581,3.454
77032,Drought,10,1.82,1.5,1.158,3.163
77032,Tropical Storm,2,0.36,6.5,1.186,2.807
77032,Extreme Cold/Wind Chill,1,0.18,6.5,2.115,2.503
77032,High Wind,2,0.36,6.0,0.954,2.084
77032,Funnel Cloud,4,0.73,3.5,0.688,1.754
77032,Flood,3,0.55,4.5,0.71,1.745
77032,Storm Surge/Tide,1,0.18,7.0,1.0,1.275
77032,Winter Weather,1,0.18,5.0,1.266,1.153
77032,Heat,3,0.55,3.0,0.619,1.014
77032,Coastal Flood,1,0.18,4.5,0.909,0.745
77033,Thunderstorm Wind,117,21.3,5.0,0.837,89.154
77033,Hail,84,15.29,4.0,0.814,49.799
77033,Flash Flood,34,6.19,6.0,0.818,30.384
77033,Tornado,13,2.37,8.96,0.92,19.515
77033,Excessive Heat,14,2.55,5.5,0.979,13.726
77033,Winter Storm,3,0.55,7.0,1.314,5.024
77033,Lightning,13,2.37,2.5,0.681,4.03
77033,Cold/Wind Chill,3,0.55,4.0,1.581,3.454
77033,Drought,10,1.82,1.5,1.158,3.163
77033,Tropical Storm,2,0.36,6.5,1.186,2.807
77033,Extreme Cold/Wind Chill,1,0.18,6.5,2.115,2.503
77033,High Wind,2,0.36,6.0,0.954,2.084
77033,Funnel Cloud,4,0.73,3.5,0.688,1.754
77033,Flood,3,0.55,4.5,0.71,1.745
77033,Storm Surge/Tide,1,0.18,7.0,1.0,1.275
77033,Winter Weather,1,0.18,5.0,1.266,1.153
77033,Heat,3,0.55,3.0,0.619,1.014
77033,Coastal Flood,1,0.18,4.5,0.909,0.745
77034,Thunderstorm Wind,117,21.3,5.0,0.837,89.154
77034,Hail,84,15.29,4.0,0.814,49.799
77034,Flash Flood,34,6.19,6.0,0.818,30.384
77034,Tornado,13,2.37,8.96,0.92,19.515
77034,Excessive Heat,14,2.55,5.5,0.979,13.726
77034,Winter Storm,3,0.55,7.0,1.314,5.024
77034,Lightning,13,2.37,2.5,0.681,4.03
77034,Cold/Wind Chill,3,0.55,4.0,1.581,3.454
77034,Drought,10,1.82,1.5,1.158,3.163
77034,Tropical Storm,2,0.36,6.5,1.186,2.807
77034,Extreme Cold/Wind Chill,1,0.18,6.5,2.115,2.503
77034,High Wind,2,0.36,6.0,0.954,2.084
77034,Funnel Cloud,4,0.73,3.5,0.688,1.754
77034,Flood,3,0.55,4.5,0.71,1.745
77034,Storm Surge/Tide,1,0.18,7.0,1.0,1.275
77034,Winter Weather,1,0.18,5.0,1.266,1.153
77034,Heat,3,0.55,3.0,0.619,1.014
77034,Coastal Flood,1,0.18,4.5,0.909,0.745
77035,Thunderstorm Wind,117,21.3,5.0,0.837,89.154
77035,Hail,84,15.29,4.0,0.814,49.799
77035,Flash Flood,34,6.19,6.0,0.818,30.384
77035,Tornado,13,2.37,8.96,0.92,19.515
77035,Excessive Heat,14,2.55,5.5,0.979,13.726
77035,Winter Storm,3,0.55,7.0,1.314,5.024
77035,Lightning,13,2.37,2.5,0.681,4.03
77035,Cold/Wind Chill,3,0.55,4.0,1.581,3.454
77035,Drought,10,1.82,1.5,1.158,3.163
77035,Tropical Storm,2,0.36,6.5,1.186,2.807
77035,Extreme Cold/Wind Chill,1,0.18,6.5,2.115,2.503
77035,High Wind,2,0.36,6.0,0.954,2.084
77035,Funnel Cloud,4,0.73,3.5,0.688,1.754
77035,Flood,3,0.55,4.5,0.71,1.745
77035,Storm Surge/Tide,1,0.18,7.0,1.0,1.275
77035,Winter Weather,1,0.18,5.0,1.266,1.153
77035,Heat,3,0.55,3.0,0.619,1.014
77035,Coastal Flood,1,0.18,4.5,0.909,0.745
77036,Thunderstorm Wind,117,21.3,5.0,0.837,89.154
77036,Hail,84,15.29,4.0,0.814,49.799
77036,Flash Flood,34,6.19,6.0,0.818,30.384
77036,Tornado,13,2.37,8.96,0.92,19.515
77036,Excessive Heat,14,2.55,5.5,0.979,13.726
77036,Winter Storm,3,0.55,7.0,1.314,5.024
77036,Lightning,13,2.37,2.5,0.681,4.03
77036,Cold/Wind Chill,3,0.55,4.0,1.581,3.454
77036,Drought,10,1.82,1.5,1.158,3.163
77036,Tropical Storm,2,0.36,6.5,1.186,2.807
77036,Extreme Cold/Wind Chill,1,0.18,6.5,2.115,2.503
77036,High Wind,2,0.36,6.0,0.954,2.084
77036,Funnel Cloud,4,0.73,3.5,0.688,1.754
77036,Flood,3,0.55,4.5,0.71,1.745
77036,Storm Surge/Tide,1,0.18,7.0,1.0,1.275
77036,Winter Weather,1,0.18,5.0,1.266,1.153
77036,Heat,3,0.55,3.0,0.619,1.014
77036,Coastal Flood,1,0.18,4.5,0.909,0.745
77037,Thunderstorm Wind,117,21.3,5.0,0.837,89.154
77037,Hail,84,15.29,4.0,0.814,49.799
77037,Flash Flood,34,6.19,6.0,0.818,30.384
77037,Tornado,13,2.37,8.96,0.92,19.515
77037,Excessive Heat,14,2.55,5.5,0.979,13.726
77037,Winter Storm,3,0.55,7.0,1.314,5.024
77037,Lightning,13,2.37,2.5,0.681,4.03
77037,Cold/Wind Chill,3,0.55,4.0,1.581,3.454
77037,Drought,10,1.82,1.5,1.158,3.163
77037,Tropical Storm,2,0.36,6.5,1.186,2.807
77037,Extreme Cold/Wind Chill,1,0.18,6.5,2.115,2.503
77037,High Wind,2,0.36,6.0,0.954,2.084
77037,Funnel Cloud,4,0.73,3.5,0.688,1.754
77037,Flood,3,0.55,4.5,0.71,1.745
77037,Storm Surge/Tide,1,0.18,7.0,1.0,1.275
77037,Winter Weather,1,0.18,5.0,1.266,1.153
77037,Heat,3,0.55,3.0,0.619,1.014
77037,Coastal Flood,1,0.18,4.5,0.909,0.745
77038,Thunderstorm Wind,117,21.3,5.0,0.837,89.154
77038,Hail,84,15.29,4.0,0.814,49.799
77038,Flash Flood,34,6.19,6.0,0.818,30.384
77038,Tornado,13,2.37,8.96,0.92,19.515
77038,Excessive Heat,14,2.55,5.5,0.979,13.726
77038,Winter Storm,3,0.55,7.0,1.314,5.024
77038,Lightning,13,2.37,2.5,0.681,4.03
77038,Cold/Wind Chill,3,0.55,4.0,1.581,3.454
77038,Drought,10,1.82,1.5,1.158,3.163
77038,Tropical Storm,2,0.36,6.5,1.186,2.807
77038,Extreme Cold/Wind Chill,1,0.18,6.5,2.115,2.503
77038,High Wind,2,0.36,6.0,0.954,2.084
77038,Funnel Cloud,4,0.73,3.5,0.688,1.754
77038,Flood,3,0.55,4.5,0.71,1.745
77038,Storm Surge/Tide,1,0.18,7.0,1.0,1.275
77038,Winter Weather,1,0.18,5.0,1.266,1.153
77038,Heat,3,0.55,3.0,0.619,1.014
77038,Coastal Flood,1,0.18,4.5,0.909,0.745
77039,Thunderstorm Wind,117,21.3,5.0,0.837,89.154
77039,Hail,84,15.29,4.0,0.814,49.799
77039,Flash Flood,34,6.19,6.0,0.818,30.384
77039,Tornado,13,2.37,8.96,0.92,19.515
77039,Excessive Heat,14,2.55,5.5,0.979,13.726
77039,Winter Storm,3,0.55,7.0,1.314,5.024
77039,Lightning,13,2.37,2.5,0.681,4.03
77039,Cold/Wind Chill,3,0.55,4.0,1.581,3.454
77039,Drought,10,1.82,1.5,1.158,3.163
77039,Tropical Storm,2,0.36,6.5,1.186,2.807
77039,Extreme Cold/Wind Chill,1,0.18,6.5,2.115,2.503
77039,High Wind,2,0.36,6.0,0.954,2.084
77039,Funnel Cloud,4,0.73,3.5,0.688,1.754
77039,Flood,3,0.55,4.5,0.71,1.745
77039,Storm Surge/Tide,1,0.18,7.0,1.0,1.275
77039,Winter Weather,1,0.18,5.0,1.266,1.153
77039,Heat,3,0.55,3.0,0.619,1.014
77039,Coastal Flood,1,0.18,4.5,0.909,0.745
77040,Thunderstorm Wind,117,21.3,5.0,0.837,89.154
77040,Hail,84,15.29,4.0,0.814,49.799
77040,Flash Flood,34,6.19,6.0,0.818,30.384
77040,Tornado,13,2.37,8.96,0.92,19.515
77040,Excessive Heat,14,2.55,5.5,0.979,13.726
77040,Winter Storm,3,0.55,7.0,1.314,5.024
77040,Lightning,13,2.37,2.5,0.681,4.03
77040,Cold/Wind Chill,3,0.55,4.0,1.581,3.454
77040,Drought,10,1.82,1.5,1.158,3.163
77040,Tropical Storm,2,0.36,6.5,1.186,2.807
77040,Extreme Cold/Wind Chill,1,0.18,6.5,2.115,2.503
77040,High Wind,2,0.36,6.0,0.954,2.084
77040,Funnel Cloud,4,0.73,3.5,0.688,1.754
77040,Flood,3,0.55,4.5,0.71,1.745
77040,Storm Surge/Tide,1,0.18,7.0,1.0,1.275
77040,Winter Weather,1,0.18,5.0,1.266,1.153
77040,Heat,3,0.55,3.0,0.619,1.014
77040,Coastal Flood,1,0.18,4.5,0.909,0.745
77041,Thunderstorm Wind,117,21.3,5.0,0.837,89.154
77041,Hail,84,15.29,4.0,0.814,49.799
77041,Flash Flood,34,6.19,6.0,0.818,30.384
77041,Tornado,13,2.37,8.96,0.92,19.515
77041,Excessive Heat,14,2.55,5.5,0.979,13.726
77041,Winter Storm,3,0.55,7.0,1.314,5.024
77041,Lightning,13,2.37,2.5,0.681,4.03
77041,Cold/Wind Chill,3,0.55,4.0,1.581,3.454
77041,Drought,10,1.82,1.5,1.158,3.163
77041,Tropical Storm,2,0.36,6.5,1.186,2.807
77041,Extreme Cold/Wind Chill,1,0.18,6.5,2.115,2.503
77041,High Wind,2,0.36,6.0,0.954,2.084
77041,Funnel Cloud,4,0.73,3.5,0.688,1.754
77041,Flood,3,0.55,4.5,0.71,1.745
77041,Storm Surge/Tide,1,0.18,7.0,1.0,1.275
77041,Winter Weather,1,0.18,5.0,1.266,1.153
77041,Heat,3,0.55,3.0,0.619,1.014
77041,Coastal Flood,1,0.18,4.5,0.909,0.745
77042,Thunderstorm Wind,117,21.3,5.0,0.837,89.154
77042,Hail,84,15.29,4.0,0.814,49.799
77042,Flash Flood,34,6.19,6.0,0.818,30.384
77042,Tornado,13,2.37,8.96,0.92,19.515
77042,Excessive Heat,14,2.55,5.5,0.979,13.726
77042,Winter Storm,3,0.55,7.0,1.314,5.024
77042,Lightning,13,2.37,2.5,0.681,4.03
77042,Cold/Wind Chill,3,0.55,4.0,1.581,3.454
77042,Drought,10,1.82,1.5,1.158,3.163
77042,Tropical Storm,2,0.36,6.5,1.186,2.807
77042,Extreme Cold/Wind Chill,1,0.18,6.5,2.115,2.503
77042,High Wind,2,0.36,6.0,0.954,2.084
77042,Funnel Cloud,4,0.73,3.5,0.688,1.754
77042,Flood,3,0.55,4.5,0.71,1.745
77042,Storm Surge/Tide,1,0.18,7.0,1.0,1.275
77042,Winter Weather,1,0.18,5.0,1.266,1.153
77042,Heat,3,0.55,3.0,0.619,1.014
77042,Coastal Flood,1,0.18,4.5,0.909,0.745
77043,Thunderstorm Wind,117,21.3,5.0,0.837,89.154
77043,Hail,84,15.29,4.0,0.814,49.799
77043,Flash Flood,34,6.19,6.0,0.818,30.384
77043,Tornado,13,2.37,8.96,0.92,19.515
77043,Excessive Heat,14,2.55,5.5,0.979,13.726
77043,Winter Storm,3,0.55,7.0,1.314,5.024
77043,Lightning,13,2.37,2.5,0.681,4.03
77043,Cold/Wind Chill,3,0.55,4.0,1.581,3.454
77043,Drought,10,1.82,1.5,1.158,3.163
77043,Tropical Storm,2,0.36,6.5,1.186,2.807
77043,Extreme Cold/Wind Chill,1,0.18,6.5,2.115,2.503
77043,High Wind,2,0.36,6.0,0.954,2.084
77043,Funnel Cloud,4,0.73,3.5,0.688,1.754
77043,Flood,3,0.55,4.5,0.71,1.745
77043,Storm Surge/Tide,1,0.18,7.0,1.0,1.275
77043,Winter Weather,1,0.18,5.0,1.266,1.153
77043,Heat,3,0.55,3.0,0.619,1.014
77043,Coastal Flood,1,0.18,4.5,0.909,0.745
77044,Thunderstorm Wind,117,21.3,5.0,0.837,89.154
77044,Hail,84,15.29,4.0,0.814,49.799
77044,Flash Flood,34,6.19,6.0,0.818,30.384
77044,Tornado,13,2.37,8.96,0.92,19.515
77044,Excessive Heat,14,2.55,5.5,0.979,13.726
77044,Winter Storm,3,0.55,7.0,1.314,5.024
77044,Lightning,13,2.37,2.5,0.681,4.03
77044,Cold/Wind Chill,3,0.55,4.0,1.581,3.454
77044,Drought,10,1.82,1.5,1.158,3.163
77044,Tropical Storm,2,0.36,6.5,1.186,2.807
77044,Extreme Cold/Wind Chill,1,0.18,6.5,2.115,2.503
77044,High Wind,2,0.36,6.0,0.954,2.084
77044,Funnel Cloud,4,0.73,3.5,0.688,1.754
77044,Flood,3,0.55,4.5,0.71,1.745
77044,Storm Surge/Tide,1,0.18,7.0,1.0,1.275
77044,Winter Weather,1,0.18,5.0,1.266,1.153
77044,Heat,3,0.55,3.0,0.619,1.014
77044,Coastal Flood,1,0.18,4.5,0.909,0.745
77045,Thunderstorm Wind,117,21.3,5.0,0.837,89.154
77045,Hail,84,15.29,4.0,0.814,49.799
77045,Flash Flood,34,6.19,6.0,0.818,30.384
77045,Tornado,13,2.37,8.96,0.92,19.515
77045,Excessive Heat,14,2.55,5.5,0.979,13.726
77045,Winter Storm,3,0.55,7.0,1.314,5.024
77045,Lightning,13,2.37,2.5,0.681,4.03
77045,Cold/Wind Chill,3,0.55,4.0,1.581,3.454
77045,Drought,10,1.82,1.5,1.158,3.163
77045,Tropical Storm,2,0.36,6.5,1.186,2.807
77045,Extreme Cold/Wind Chill,1,0.18,6.5,2.115,2.503
77045,High Wind,2,0.36,6.0,0.954,2.084
77045,Funnel Cloud,4,0.73,3.5,0.688,1.754
77045,Flood,3,0.55,4.5,0.71,1.745
77045,Storm Surge/Tide,1,0.18,7.0,1.0,1.275
77045,Winter Weather,1,0.18,5.0,1.266,1.153
77045,Heat,3,0.55,3.0,0.619,1.014
77045,Coastal Flood,1,0.18,4.5,0.909,0.745
77046,Thunderstorm Wind,117,21.3,5.0,0.837,89.154
77046,Hail,84,15.29,4.0,0.814,49.799
77046,Flash Flood,34,6.19,6.0,0.818,30.384
77046,Tornado,13,2.37,8.96,0.92,19.515
77046,Excessive Heat,14,2.55,5.5,0.979,13.726
77046,Winter Storm,3,0.55,7.0,1.314,5.024
77046,Lightning,13,2.37,2.5,0.681,4.03
77046,Cold/Wind Chill,3,0.55,4.0,1.581,3.454
77046,Drought,10,1.82,1.5,1.158,3.163
77046,Tropical Storm,2,0.36,6.5,1.186,2.807
77046,Extreme Cold/Wind Chill,1,0.18,6.5,2.115,2.503
77046,High Wind,2,0.36,6.0,0.954,2.084
77046,Funnel Cloud,4,0.73,3.5,0.688,1.754
77046,Flood,3,0.55,4.5,0.71,1.745
77046,Storm Surge/Tide,1,0.18,7.0,1.0,1.275
77046,Winter Weather,1,0.18,5.0,1.266,1.153
77046,Heat,3,0.55,3.0,0.619,1.014
77046,Coastal Flood,1,0.18,4.5,0.909,0.745
77047,Thunderstorm Wind,117,21.3,5.0,0.837,89.154
77047,Hail,84,15.29,4.0,0.814,49.799
77047,Flash Flood,34,6.19,6.0,0.818,30.384
77047,Tornado,13,2.37,8.96,0.92,19.515
77047,Excessive Heat,14,2.55,5.5,0.979,13.726
77047,Winter Storm,3,0.55,7.0,1.314,5.024
77047,Lightning,13,2.37,2.5,0.681,4.03
77047,Cold/Wind Chill,3,0.55,4.0,1.581,3.454
77047,Drought,10,1.82,1.5,1.158,3.163
77047,Tropical Storm,2,0.36,6.5,1.186,2.807
77047,Extreme Cold/Wind Chill,1,0.18,6.5,2.115,2.503
77047,High Wind,2,0.36,6.0,0.954,2.084
77047,Funnel Cloud,4,0.73,3.5,0.688,1.754
77047,Flood,3,0.55,4.5,0.71,1.745
77047,Storm Surge/Tide,1,0.18,7.0,1.0,1.275
77047,Winter Weather,1,0.18,5.0,1.266,1.153
77047,Heat,3,0.55,3.0,0.619,1.014
77047,Coastal Flood,1,0.18,4.5,0.909,0.745
77048,Thunderstorm Wind,117,21.3,5.0,0.837,89.154
77048,Hail,84,15.29,4.0,0.814,49.799
77048,Flash Flood,34,6.19,6.0,0.818,30.384
77048,Tornado,13,2.37,8.96,0.92,19.515
77048,Excessive Heat,14,2.55,5.5,0.979,13.726
77048,Winter Storm,3,0.55,7.0,1.314,5.024
77048,Lightning,13,2.37,2.5,0.681,4.03
77048,Cold/Wind Chill,3,0.55,4.0,1.581,3.454
77048,Drought,10,1.82,1.5,1.158,3.163
77048,Tropical Storm,2,0.36,6.5,1.186,2.807
77048,Extreme Cold/Wind Chill,1,0.18,6.5,2.115,2.503
77048,High Wind,2,0.36,6.0,0.954,2.084
77048,Funnel Cloud,4,0.73,3.5,0.688,1.754
77048,Flood,3,0.55,4.5,0.71,1.745
77048,Storm Surge/Tide,1,0.18,7.0,1.0,1.275
77048,Winter Weather,1,0.18,5.0,1.266,1.153
77048,Heat,3,0.55,3.0,0.619,1.014
77048,Coastal Flood,1,0.18,4.5,0.909,0.745
77049,Thunderstorm Wind,117,21.3,5.0,0.837,89.154
77049,Hail,84,15.29,4.0,0.814,49.799
77049,Flash Flood,34,6.19,6.0,0.818,30.384
77049,Tornado,13,2.37,8.96,0.92,19.515
77049,Excessive Heat,14,2.55,5.5,0.979,13.726
77049,Winter Storm,3,0.55,7.0,1.314,5.024
77049,Lightning,13,2.37,2.5,0.681,4.03
77049,Cold/Wind Chill,3,0.55,4.0,1.581,3.454
77049,Drought,10,1.82,1.5,1.158,3.163
77049,Tropical Storm,2,0.36,6.5,1.186,2.807
77049,Extreme Cold/Wind Chill,1,0.18,6.5,2.115,2.503
77049,High Wind,2,0.36,6.0,0.954,2.084
77049,Funnel Cloud,4,0.73,3.5,0.688,1.754
77049,Flood,3,0.55,4.5,0.71,1.745
77049,Storm Surge/Tide,1,0.18,7.0,1.0,1.275
77049,Winter Weather,1,0.18,5.0,1.266,1.153
77049,Heat,3,0.55,3.0,0.619,1.014
77049,Coastal Flood,1,0.18,4.5,0.909,0.745
77050,Thunderstorm Wind,117,21.3,5.0,0.837,89.154
77050,Hail,84,15.29,4.0,0.814,49.799
77050,Flash Flood,34,6.19,6.0,0.818,30.384
77050,Tornado,13,2.37,8.96,0.92,19.515
77050,Excessive Heat,14,2.55,5.5,0.979,13.726
77050,Winter Storm,3,0.55,7.0,1.314,5.024
77050,Lightning,13,2.37,2.5,0.681,4.03
77050,Cold/Wind Chill,3,0.55,4.0,1.581,3.454
77050,Drought,10,1.82,1.5,1.158,3.163
77050,Tropical Storm,2,0.36,6.5,1.186,2.807
77050,Extreme Cold/Wind Chill,1,0.18,6.5,2.115,2.503
77050,High Wind,2,0.36,6.0,0.954,2.084
77050,Funnel Cloud,4,0.73,3.5,0.688,1.754
77050,Flood,3,0.55,4.5,0.71,1.745
77050,Storm Surge/Tide,1,0.18,7.0,1.0,1.275
77050,Winter Weather,1,0.18,5.0,1.266,1.153
77050,Heat,3,0.55,3.0,0.619,1.014
77050,Coastal Flood,1,0.18,4.5,0.909,0.745
77051,Thunderstorm Wind,117,21.3,5.0,0.837,89.154
77051,Hail,84,15.29,4.0,0.814,49.799
77051,Flash Flood,34,6.19,6.0,0.818,30.384
77051,Tornado,13,2.37,8.96,0.92,19.515
77051,Excessive Heat,14,2.55,5.5,0.979,13.726
77051,Winter Storm,3,0.55,7.0,1.314,5.024
77051,Lightning,13,2.37,2.5,0.681,4.03
77051,Cold/Wind Chill,3,0.55,4.0,1.581,3.454
77051,Drought,10,1.82,1.5,1.158,3.163
77051,Tropical Storm,2,0.36,6.5,1.186,2.807
77051,Extreme Cold/Wind Chill,1,0.18,6.5,2.115,2.503
77051,High Wind,2,0.36,6.0,0.954,2.084
77051,Funnel Cloud,4,0.73,3.5,0.688,1.754
77051,Flood,3,0.55,4.5,0.71,1.745
77051,Storm Surge/Tide,1,0.18,7.0,1.0,1.275
77051,Winter Weather,1,0.18,5.0,1.266,1.153
77051,Heat,3,0.55,3.0,0.619,1.014
77051,Coastal Flood,1,0.18,4.5,0.909,0.745
77052,Thunderstorm Wind,117,21.3,5.0,0.837,89.154
77052,Hail,84,15.29,4.0,0.814,49.799
77052,Flash Flood,34,6.19,6.0,0.818,30.384
77052,Tornado,13,2.37,8.96,0.92,19.515
77052,Excessive Heat,14,2.55,5.5,0.979,13.726
77052,Winter Storm,3,0.55,7.0,1.314,5.024
77052,Lightning,13,2.37,2.5,0.681,4.03
77052,Cold/Wind Chill,3,0.55,4.0,1.581,3.454
77052,Drought,10,1.82,1.5,1.158,3.163
77052,Tropical Storm,2,0.36,6.5,1.186,2.807
77052,Extreme Cold/Wind Chill,1,0.18,6.5,2.115,2.503
77052,High Wind,2,0.36,6.0,0.954,2.084
77052,Funnel Cloud,4,0.73,3.5,0.688,1.754
77052,Flood,3,0.55,4.5,0.71,1.745
77052,Storm Surge/Tide,1,0.18,7.0,1.0,1.275
77052,Winter Weather,1,0.18,5.0,1.266,1.153
77052,Heat,3,0.55,3.0,0.619,1.014
77052,Coastal Flood,1,0.18,4.5,0.909,0.745
77053,Thunderstorm Wind,17,3.1,5.0,0.837,12.954
77053,Hail,18,3.28,4.0,0.814,10.671
77053,Excessive Heat,5,0.91,5.5,0.979,4.902
77053,Tornado,2,0.36,8.5,0.92,2.848
77053,Drought,6,1.09,1.5,1.158,1.898
77053,Flash Flood,2,0.36,6.0,0.818,1.787
77053,Winter Storm,1,0.18,7.0,1.314,1.675
77053,Tropical Storm,1,0.18,6.5,1.186,1.404
77053,Winter Weather,1,0.18,5.0,1.266,1.153
77053,Cold/Wind Chill,1,0.18,4.0,1.581,1.151
77053,Heat,2,0.36,3.0,0.619,0.676
77053,Lightning,2,0.36,2.5,0.681,0.62
77053,Funnel Cloud,1,0.18,3.5,0.688,0.438
77054,Thunderstorm Wind,117,21.3,5.0,0.837,89.154
77054,Hail,84,15.29,4.0,0.814,49.799
77054,Flash Flood,34,6.19,6.0,0.818,30.384
77054,Tornado,13,2.37,8.96,0.92,19.515
77054,Excessive Heat,14,2.55,5.5,0.979,13.726
77054,Winter Storm,3,0.55,7.0,1.314,5.024
77054,Lightning,13,2.37,2.5,0.681,4.03
77054,Cold/Wind Chill,3,0.55,4.0,1.581,3.454
77054,Drought,10,1.82,1.5,1.158,3.163
77054,Tropical Storm,2,0.36,6.5,1.186,2.807
77054,Extreme Cold/Wind Chill,1,0.18,6.5,2.115,2.503
77054,High Wind,2,0.36,6.0,0.954,2.084
77054,Funnel Cloud,4,0.73,3.5,0.688,1.754
77054,Flood,3,0.55,4.5,0.71,1.745
77054,Storm Surge/Tide,1,0.18,7.0,1.0,1.275
77054,Winter Weather,1,0.18,5.0,1.266,1.153
77054,Heat,3,0.55,3.0,0.619,1.014
77054,Coastal Flood,1,0.18,4.5,0.909,0.745
77055,Thunderstorm Wind,117,21.3,5.0,0.837,89.154
77055,Hail,84,15.29,4.0,0.814,49.799
77055,Flash Flood,34,6.19,6.0,0.818,30.384
77055,Tornado,13,2.37,8.96,0.92,19.515
77055,Excessive Heat,14,2.55,5.5,0.979,13.726
77055,Winter Storm,3,0.55,7.0,1.314,5.024
77055,Lightning,13,2.37,2.5,0.681,4.03
77055,Cold/Wind Chill,3,0.55,4.0,1.581,3.454
77055,Drought,10,1.82,1.5,1.158,3.163
77055,Tropical Storm,2,0.36,6.5,1.186,2.807
77055,Extreme Cold/Wind Chill,1,0.18,6.5,2.115,2.503
77055,High Wind,2,0.36,6.0,0.954,2.084
77055,Funnel Cloud,4,0.73,3.5,0.688,1.754
77055,Flood,3,0.55,4.5,0.71,1.745
77055,Storm Surge/Tide,1,0.18,7.0,1.0,1.275
77055,Winter Weather,1,0.18,5.0,1.266,1.153
77055,Heat,3,0.55,3.0,0.619,1.014
77055,Coastal Flood,1,0.18,4.5,0.909,0.745
77056,Thunderstorm Wind,117,21.3,5.0,0.837,89.154
77056,Hail,84,15.29,4.0,0.814,49.799
77056,Flash Flood,34,6.19,6.0,0.818,30.384
77056,Tornado,13,2.37,8.96,0.92,19.515
77056,Excessive Heat,14,2.55,5.5,0.979,13.726
77056,Winter Storm,3,0.55,7.0,1.314,5.024
77056,Lightning,13,2.37,2.5,0.681,4.03
77056,Cold/Wind Chill,3,0.55,4.0,1.581,3.454
77056,Drought,10,1.82,1.5,1.158,3.163
77056,Tropical Storm,2,0.36,6.5,1.186,2.807
77056,Extreme Cold/Wind Chill,1,0.18,6.5,2.115,2.503
77056,High Wind,2,0.36,6.0,0.954,2.084
77056,Funnel Cloud,4,0.73,3.5,0.688,1.754
77056,Flood,3,0.55,4.5,0.71,1.745
77056,Storm Surge/Tide,1,0.18,7.0,1.0,1.275
77056,Winter Weather,1,0.18,5.0,1.266,1.153
77056,Heat,3,0.55,3.0,0.619,1.014
77056,Coastal Flood,1,0.18,4.5,0.909,0.745
77057,Thunderstorm Wind,117,21.3,5.0,0.837,89.154
77057,Hail,84,15.29,4.0,0.814,49.799
77057,Flash Flood,34,6.19,6.0,0.818,30.384
77057,Tornado,13,2.37,8.96,0.92,19.515
77057,Excessive Heat,14,2.55,5.5,0.979,13.726
77057,Winter Storm,3,0.55,7.0,1.314,5.024
77057,Lightning,13,2.37,2.5,0.681,4.03
77057,Cold/Wind Chill,3,0.55,4.0,1.581,3.454
77057,Drought,10,1.82,1.5,1.158,3.163
77057,Tropical Storm,2,0.36,6.5,1.186,2.807
77057,Extreme Cold/Wind Chill,1,0.18,6.5,2.115,2.503
77057,High Wind,2,0.36,6.0,0.954,2.084
77057,Funnel Cloud,4,0.73,3.5,0.688,1.754
77057,Flood,3,0.55,4.5,0.71,1.745
77057,Storm Surge/Tide,1,0.18,7.0,1.0,1.275
77057,Winter Weather,1,0.18,5.0,1.266,1.153
77057,Heat,3,0.55,3.0,0.619,1.014
77057,Coastal Flood,1,0.18,4.5,0.909,0.745
77058,Thunderstorm Wind,117,21.3,5.0,0.837,89.154
77058,Hail,84,15.29,4.0,0.814,49.799
77058,Flash Flood,34,6.19,6.0,0.818,30.384
77058,Tornado,13,2.37,8.96,0.92,19.515
77058,Excessive Heat,14,2.55,5.5,0.979,13.726
77058,Winter Storm,3,0.55,7.0,1.314,5.024
77058,Lightning,13,2.37,2.5,0.681,4.03
77058,Cold/Wind Chill,3,0.55,4.0,1.581,3.454
77058,Drought,10,1.82,1.5,1.158,3.163
77058,Tropical Storm,2,0.36,6.5,1.186,2.807
77058,Extreme Cold/Wind Chill,1,0.18,6.5,2.115,2.503
77058,High Wind,2,0.36,6.0,0.954,2.084
77058,Funnel Cloud,4,0.73,3.5,0.688,1.754
77058,Flood,3,0.55,4.5,0.71,1.745
77058,Storm Surge/Tide,1,0.18,7.0,1.0,1.275
77058,Winter Weather,1,0.18,5.0,1.266,1.153
77058,Heat,3,0.55,3.0,0.619,1.014
77058,Coastal Flood,1,0.18,4.5,0.909,0.745
77059,Thunderstorm Wind,117,21.3,5.0,0.837,89.154
77059,Hail,84,15.29,4.0,0.814,49.799
77059,Flash Flood,34,6.19,6.0,0.818,30.384
77059,Tornado,13,2.37,8.96,0.92,19.515
77059,Excessive Heat,14,2.55,5.5,0.979,13.726
77059,Winter Storm,3,0.55,7.0,1.314,5.024
77059,Lightning,13,2.37,2.5,0.681,4.03
77059,Cold/Wind Chill,3,0.55,4.0,1.581,3.454
77059,Drought,10,1.82,1.5,1.158,3.163
77059,Tropical Storm,2,0.36,6.5,1.186,2.807
77059,Extreme Cold/Wind Chill,1,0.18,6.5,2.115,2.503
77059,High Wind,2,0.36,6.0,0.954,2.084
77059,Funnel Cloud,4,0.73,3.5,0.688,1.754
77059,Flood,3,0.55,4.5,0.71,1.745
77059,Storm Surge/Tide,1,0.18,7.0,1.0,1.275
77059,Winter Weather,1,0.18,5.0,1.266,1.153
77059,Heat,3,0.55,3.0,0.619,1.014
77059,Coastal Flood,1,0.18,4.5,0.909,0.745
77060,Thunderstorm Wind,117,21.3,5.0,0.837,89.154
77060,Hail,84,15.29,4.0,0.814,49.799
77060,Flash Flood,34,6.19,6.0,0.818,30.384
77060,Tornado,13,2.37,8.96,0.92,19.515
77060,Excessive Heat,14,2.55,5.5,0.979,13.726
77060,Winter Storm,3,0.55,7.0,1.314,5.024
77060,Lightning,13,2.37,2.5,0.681,4.03
77060,Cold/Wind Chill,3,0.55,4.0,1.581,3.454
77060,Drought,10,1.82,1.5,1.158,3.163
77060,Tropical Storm,2,0.36,6.5,1.186,2.807
77060,Extreme Cold/Wind Chill,1,0.18,6.5,2.115,2.503
77060,High Wind,2,0.36,6.0,0.954,2.084
77060,Funnel Cloud,4,0.73,3.5,0.688,1.754
77060,Flood,3,0.55,4.5,0.71,1.745
77060,Storm Surge/Tide,1,0.18,7.0,1.0,1.275
77060,Winter Weather,1,0.18,5.0,1.266,1.153
77060,Heat,3,0.55,3.0,0.619,1.014
77060,Coastal Flood,1,0.18,4.5,0.909,0.745
77061,Thunderstorm Wind,117,21.3,5.0,0.837,89.154
77061,Hail,84,15.29,4.0,0.814,49.799
77061,Flash Flood,34,6.19,6.0,0.818,30.384
77061,Tornado,13,2.37,8.96,0.92,19.515
77061,Excessive Heat,14,2.55,5.5,0.979,13.726
77061,Winter Storm,3,0.55,7.0,1.314,5.024
77061,Lightning,13,2.37,2.5,0.681,4.03
77061,Cold/Wind Chill,3,0.55,4.0,1.581,3.454
77061,Drought,10,1.82,1.5,1.158,3.163
77061,Tropical Storm,2,0.36,6.5,1.186,2.807
77061,Extreme Cold/Wind Chill,1,0.18,6.5,2.115,2.503
77061,High Wind,2,0.36,6.0,0.954,2.084
77061,Funnel Cloud,4,0.73,3.5,0.688,1.754
77061,Flood,3,0.55,4.5,0.71,1.745
77061,Storm Surge/Tide,1,0.18,7.0,1.0,1.275
77061,Winter Weather,1,0.18,5.0,1.266,1.153
77061,Heat,3,0.55,3.0,0.619,1.014
77061,Coastal Flood,1,0.18,4.5,0.909,0.745
77062,Thunderstorm Wind,117,21.3,5.0,0.837,89.154
77062,Hail,84,15.29,4.0,0.814,49.799
77062,Flash Flood,34,6.19,6.0,0.818,30.384
77062,Tornado,13,2.37,8.96,0.92,19.515
77062,Excessive Heat,14,2.55,5.5,0.979,13.726
77062,Winter Storm,3,0.55,7.0,1.314,5.024
77062,Lightning,13,2.37,2.5,0.681,4.03
77062,Cold/Wind Chill,3,0.55,4.0,1.581,3.454
77062,Drought,10,1.82,1.5,1.158,3.163
77062,Tropical Storm,2,0.36,6.5,1.186,2.807
77062,Extreme Cold/Wind Chill,1,0.18,6.5,2.115,2.503
77062,High Wind,2,0.36,6.0,0.954,2.084
77062,Funnel Cloud,4,0.73,3.5,0.688,1.754
77062,Flood,3,0.55,4.5,0.71,1.745
77062,Storm Surge/Tide,1,0.18,7.0,1.0,1.275
77062,Winter Weather,1,0.18,5.0,1.266,1.153
77062,Heat,3,0.55,3.0,0.619,1.014
77062,Coastal Flood,1,0.18,4.5,0.909,0.745
77063,Thunderstorm Wind,117,21.3,5.0,0.837,89.154
77063,Hail,84,15.29,4.0,0.814,49.799
77063,Flash Flood,34,6.19,6.0,0.818,30.384
77063,Tornado,13,2.37,8.96,0.92,19.515
77063,Excessive Heat,14,2.55,5.5,0.979,13.726
77063,Winter Storm,3,0.55,7.0,1.314,5.024
77063,Lightning,13,2.37,2.5,0.681,4.03
77063,Cold/Wind Chill,3,0.55,4.0,1.581,3.454
77063,Drought,10,1.82,1.5,1.158,3.163
77063,Tropical Storm,2,0.36,6.5,1.186,2.807
77063,Extreme Cold/Wind Chill,1,0.18,6.5,2.115,2.503
77063,High Wind,2,0.36,6.0,0.954,2.084
77063,Funnel Cloud,4,0.73,3.5,0.688,1.754
77063,Flood,3,0.55,4.5,0.71,1.745
77063,Storm Surge/Tide,1,0.18,7.0,1.0,1.275
77063,Winter Weather,1,0.18,5.0,1.266,1.153
77063,Heat,3,0.55,3.0,0.619,1.014
77063,Coastal Flood,1,0.18,4.5,0.909,0.745
77064,Thunderstorm Wind,117,21.3,5.0,0.837,89.154
77064,Hail,84,15.29,4.0,0.814,49.799
77064,Flash Flood,34,6.19,6.0,0.818,30.384
77064,Tornado,13,2.37,8.96,0.92,19.515
77064,Excessive Heat,14,2.55,5.5,0.979,13.726
77064,Winter Storm,3,0.55,7.0,1.314,5.024
77064,Lightning,13,2.37,2.5,0.681,4.03
77064,Cold/Wind Chill,3,0.55,4.0,1.581,3.454
77064,Drought,10,1.82,1.5,1.158,3.163
77064,Tropical Storm,2,0.36,6.5,1.186,2.807
77064,Extreme Cold/Wind Chill,1,0.18,6.5,2.115,2.503
77064,High Wind,2,0.36,6.0,0.954,2.084
77064,Funnel Cloud,4,0.73,3.5,0.688,1.754
77064,Flood,3,0.55,4.5,0.71,1.745
77064,Storm Surge/Tide,1,0.18,7.0,1.0,1.275
77064,Winter Weather,1,0.18,5.0,1.266,1.153
77064,Heat,3,0.55,3.0,0.619,1.014
77064,Coastal Flood,1,0.18,4.5,0.909,0.745
77065,Thunderstorm Wind,117,21.3,5.0,0.837,89.154
77065,Hail,84,15.29,4.0,0.814,49.799
77065,Flash Flood,34,6.19,6.0,0.818,30.384
77065,Tornado,13,2.37,8.96,0.92,19.515
77065,Excessive Heat,14,2.55,5.5,0.979,13.726
77065,Winter Storm,3,0.55,7.0,1.314,5.024
77065,Lightning,13,2.37,2.5,0.681,4.03
77065,Cold/Wind Chill,3,0.55,4.0,1.581,3.454
77065,Drought,10,1.82,1.5,1.158,3.163
77065,Tropical Storm,2,0.36,6.5,1.186,2.807
77065,Extreme Cold/Wind Chill,1,0.18,6.5,2.115,2.503
77065,High Wind,2,0.36,6.0,0.954,2.084
77065,Funnel Cloud,4,0.73,3.5,0.688,1.754
77065,Flood,3,0.55,4.5,0.71,1.745
77065,Storm Surge/Tide,1,0.18,7.0,1.0,1.275
77065,Winter Weather,1,0.18,5.0,1.266,1.153
77065,Heat,3,0.55,3.0,0.619,1.014
77065,Coastal Flood,1,0.18,4.5,0.909,0.745
77066,Thunderstorm Wind,117,21.3,5.0,0.837,89.154
77066,Hail,84,15.29,4.0,0.814,49.799
77066,Flash Flood,34,6.19,6.0,0.818,30.384
77066,Tornado,13,2.37,8.96,0.92,19.515
77066,Excessive Heat,14,2.55,5.5,0.979,13.726
77066,Winter Storm,3,0.55,7.0,1.314,5.024
77066,Lightning,13,2.37,2.5,0.681,4.03
77066,Cold/Wind Chill,3,0.55,4.0,1.581,3.454
77066,Drought,10,1.82,1.5,1.158,3.163
77066,Tropical Storm,2,0.36,6.5,1.186,2.807
77066,Extreme Cold/Wind Chill,1,0.18,6.5,2.115,2.503
77066,High Wind,2,0.36,6.0,0.954,2.084
77066,Funnel Cloud,4,0.73,3.5,0.688,1.754
77066,Flood,3,0.55,4.5,0.71,1.745
77066,Storm Surge/Tide,1,0.18,7.0,1.0,1.275
77066,Winter Weather,1,0.18,5.0,1.266,1.153
77066,Heat,3,0.55,3.0,0.619,1.014
77066,Coastal Flood,1,0.18,4.5,0.909,0.745
77067,Thunderstorm Wind,117,21.3,5.0,0.837,89.154
77067,Hail,84,15.29,4.0,0.814,49.799
77067,Flash Flood,34,6.19,6.0,0.818,30.384
77067,Tornado,13,2.37,8.96,0.92,19.515
77067,Excessive Heat,14,2.55,5.5,0.979,13.726
77067,Winter Storm,3,0.55,7.0,1.314,5.024
77067,Lightning,13,2.37,2.5,0.681,4.03
77067,Cold/Wind Chill,3,0.55,4.0,1.581,3.454
77067,Drought,10,1.82,1.5,1.158,3.163
77067,Tropical Storm,2,0.36,6.5,1.186,2.807
77067,Extreme Cold/Wind Chill,1,0.18,6.5,2.115,2.503
77067,High Wind,2,0.36,6.0,0.954,2.084
77067,Funnel Cloud,4,0.73,3.5,0.688,1.754
77067,Flood,3,0.55,4.5,0.71,1.745
77067,Storm Surge/Tide,1,0.18,7.0,1.0,1.275
77067,Winter Weather,1,0.18,5.0,1.266,1.153
77067,Heat,3,0.55,3.0,0.619,1.014
77067,Coastal Flood,1,0.18,4.5,0.909,0.745
77068,Thunderstorm Wind,117,21.3,5.0,0.837,89.154
77068,Hail,84,15.29,4.0,0.814,49.799
77068,Flash Flood,34,6.19,6.0,0.818,30.384
77068,Tornado,13,2.37,8.96,0.92,19.515
77068,Excessive Heat,14,2.55,5.5,0.979,13.726
77068,Winter Storm,3,0.55,7.0,1.314,5.024
77068,Lightning,13,2.37,2.5,0.681,4.03
77068,Cold/Wind Chill,3,0.55,4.0,1.581,3.454
77068,Drought,10,1.82,1.5,1.158,3.163
77068,Tropical Storm,2,0.36,6.5,1.186,2.807
77068,Extreme Cold/Wind Chill,1,0.18,6.5,2.115,2.503
77068,High Wind,2,0.36,6.0,0.954,2.084
77068,Funnel Cloud,4,0.73,3.5,0.688,1.754
77068,Flood,3,0.55,4.5,0.71,1.745
77068,Storm Surge/Tide,1,0.18,7.0,1.0,1.275
77068,Winter Weather,1,0.18,5.0,1.266,1.153
77068,Heat,3,0.55,3.0,0.619,1.014
77068,Coastal Flood,1,0.18,4.5,0.909,0.745
77069,Thunderstorm Wind,117,21.3,5.0,0.837,89.154
77069,Hail,84,15.29,4.0,0.814,49.799
77069,Flash Flood,34,6.19,6.0,0.818,30.384
77069,Tornado,13,2.37,8.96,0.92,19.515
77069,Excessive Heat,14,2.55,5.5,0.979,13.726
77069,Winter Storm,3,0.55,7.0,1.314,5.024
77069,Lightning,13,2.37,2.5,0.681,4.03
77069,Cold/Wind Chill,3,0.55,4.0,1.581,3.454
77069,Drought,10,1.82,1.5,1.158,3.163
77069,Tropical Storm,2,0.36,6.5,1.186,2.807
77069,Extreme Cold/Wind Chill,1,0.18,6.5,2.115,2.503
77069,High Wind,2,0.36,6.0,0.954,2.084
77069,Funnel Cloud,4,0.73,3.5,0.688,1.754
77069,Flood,3,0.55,4.5,0.71,1.745
77069,Storm Surge/Tide,1,0.18,7.0,1.0,1.275
77069,Winter Weather,1,0.18,5.0,1.266,1.153
77069,Heat,3,0.55,3.0,0.619,1.014
77069,Coastal Flood,1,0.18,4.5,0.909,0.745
77070,Thunderstorm Wind,117,21.3,5.0,0.837,89.154
77070,Hail,84,15.29,4.0,0.814,49.799
77070,Flash Flood,34,6.19,6.0,0.818,30.384
77070,Tornado,13,2.37,8.96,0.92,19.515
77070,Excessive Heat,14,2.55,5.5,0.979,13.726
77070,Winter Storm,3,0.55,7.0,1.314,5.024
77070,Lightning,13,2.37,2.5,0.681,4.03
77070,Cold/Wind Chill,3,0.55,4.0,1.581,3.454
77070,Drought,10,1.82,1.5,1.158,3.163
77070,Tropical Storm,2,0.36,6.5,1.186,2.807
77070,Extreme Cold/Wind Chill,1,0.18,6.5,2.115,2.503
77070,High Wind,2,0.36,6.0,0.954,2.084
77070,Funnel Cloud,4,0.73,3.5,0.688,1.754
77070,Flood,3,0.55,4.5,0.71,1.745
77070,Storm Surge/Tide,1,0.18,7.0,1.0,1.275
77070,Winter Weather,1,0.18,5.0,1.266,1.153
77070,Heat,3,0.55,3.0,0.619,1.014
77070,Coastal Flood,1,0.18,4.5,0.909,0.745
77071,Thunderstorm Wind,117,21.3,5.0,0.837,89.154
77071,Hail,84,15.29,4.0,0.814,49.799
77071,Flash Flood,34,6.19,6.0,0.818,30.384
77071,Tornado,13,2.37,8.96,0.92,19.515
77071,Excessive Heat,14,2.55,5.5,0.979,13.726
77071,Winter Storm,3,0.55,7.0,1.314,5.024
77071,Lightning,13,2.37,2.5,0.681,4.03
77071,Cold/Wind Chill,3,0.55,4.0,1.581,3.454
77071,Drought,10,1.82,1.5,1.158,3.163
77071,Tropical Storm,2,0.36,6.5,1.186,2.807
77071,Extreme Cold/Wind Chill,1,0.18,6.5,2.115,2.503
77071,High Wind,2,0.36,6.0,0.954,2.084
77071,Funnel Cloud,4,0.73,3.5,0.688,1.754
77071,Flood,3,0.55,4.5,0.71,1.745
77071,Storm Surge/Tide,1,0.18,7.0,1.0,1.275
77071,Winter Weather,1,0.18,5.0,1.266,1.153
77071,Heat,3,0.55,3.0,0.619,1.014
77071,Coastal Flood,1,0.18,4.5,0.909,0.745
77072,Thunderstorm Wind,117,21.3,5.0,0.837,89.154
77072,Hail,84,15.29,4.0,0.814,49.799
77072,Flash Flood,34,6.19,6.0,0.818,30.384
77072,Tornado,13,2.37,8.96,0.92,19.515
77072,Excessive Heat,14,2.55,5.5,0.979,13.726
77072,Winter Storm,3,0.55,7.0,1.314,5.024
77072,Lightning,13,2.37,2.5,0.681,4.03
77072,Cold/Wind Chill,3,0.55,4.0,1.581,3.454
77072,Drought,10,1.82,1.5,1.158,3.163
77072,Tropical Storm,2,0.36,6.5,1.186,2.807
77072,Extreme Cold/Wind Chill,1,0.18,6.5,2.115,2.503
77072,High Wind,2,0.36,6.0,0.954,2.084
77072,Funnel Cloud,4,0.73,3.5,0.688,1.754
77072,Flood,3,0.55,4.5,0.71,1.745
77072,Storm Surge/Tide,1,0.18,7.0,1.0,1.275
77072,Winter Weather,1,0.18,5.0,1.266,1.153
77072,Heat,3,0.55,3.0,0.619,1.014
77072,Coastal Flood,1,0.18,4.5,0.909,0.745
77073,Thunderstorm Wind,117,21.3,5.0,0.837,89.154
77073,Hail,84,15.29,4.0,0.814,49.799
77073,Flash Flood,34,6.19,6.0,0.818,30.384
77073,Tornado,13,2.37,8.96,0.92,19.515
77073,Excessive Heat,14,2.55,5.5,0.979,13.726
77073,Winter Storm,3,0.55,7.0,1.314,5.024
77073,Lightning,13,2.37,2.5,0.681,4.03
77073,Cold/Wind Chill,3,0.55,4.0,1.581,3.454
77073,Drought,10,1.82,1.5,1.158,3.163
77073,Tropical Storm,2,0.36,6.5,1.186,2.807
77073,Extreme Cold/Wind Chill,1,0.18,6.5,2.115,2.503
77073,High Wind,2,0.36,6.0,0.954,2.084
77073,Funnel Cloud,4,0.73,3.5,0.688,1.754
77073,Flood,3,0.55,4.5,0.71,1.745
77073,Storm Surge/Tide,1,0.18,7.0,1.0,1.275
77073,Winter Weather,1,0.18,5.0,1.266,1.153
77073,Heat,3,0.55,3.0,0.619,1.014
77073,Coastal Flood,1,0.18,4.5,0.909,0.745
77074,Thunderstorm Wind,117,21.3,5.0,0.837,89.154
77074,Hail,84,15.29,4.0,0.814,49.799
77074,Flash Flood,34,6.19,6.0,0.818,30.384
77074,Tornado,13,2.37,8.96,0.92,19.515
77074,Excessive Heat,14,2.55,5.5,0.979,13.726
77074,Winter Storm,3,0.55,7.0,1.314,5.024
77074,Lightning,13,2.37,2.5,0.681,4.03
77074,Cold/Wind Chill,3,0.55,4.0,1.581,3.454
77074,Drought,10,1.82,1.5,1.158,3.163
77074,Tropical Storm,2,0.36,6.5,1.186,2.807
77074,Extreme Cold/Wind Chill,1,0.18,6.5,2.115,2.503
77074,High Wind,2,0.36,6.0,0.954,2.084
77074,Funnel Cloud,4,0.73,3.5,0.688,1.754
77074,Flood,3,0.55,4.5,0.71,1.745
77074,Storm Surge/Tide,1,0.18,7.0,1.0,1.275
77074,Winter Weather,1,0.18,5.0,1.266,1.153
77074,Heat,3,0.55,3.0,0.619,1.014
77074,Coastal Flood,1,0.18,4.5,0.909,0.745
77075,Thunderstorm Wind,117,21.3,5.0,0.837,89.154
77075,Hail,84,15.29,4.0,0.814,49.799
77075,Flash Flood,34,6.19,6.0,0.818,30.384
77075,Tornado,13,2.37,8.96,0.92,19.515
77075,Excessive Heat,14,2.55,5.5,0.979,13.726
77075,Winter Storm,3,0.55,7.0,1.314,5.024
77075,Lightning,13,2.37,2.5,0.681,4.03
77075,Cold/Wind Chill,3,0.55,4.0,1.581,3.454
77075,Drought,10,1.82,1.5,1.158,3.163
77075,Tropical Storm,2,0.36,6.5,1.186,2.807
77075,Extreme Cold/Wind Chill,1,0.18,6.5,2.115,2.503
77075,High Wind,2,0.36,6.0,0.954,2.084
77075,Funnel Cloud,4,0.73,3.5,0.688,1.754
77075,Flood,3,0.55,4.5,0.71,1.745
77075,Storm Surge/Tide,1,0.18,7.0,1.0,1.275
77075,Winter Weather,1,0.18,5.0,1.266,1.153
77075,Heat,3,0.55,3.0,0.619,1.014
77075,Coastal Flood,1,0.18,4.5,0.909,0.745
77076,Thunderstorm Wind,117,21.3,5.0,0.837,89.154
77076,Hail,84,15.29,4.0,0.814,49.799
77076,Flash Flood,34,6.19,6.0,0.818,30.384
77076,Tornado,13,2.37,8.96,0.92,19.515
77076,Excessive Heat,14,2.55,5.5,0.979,13.726
77076,Winter Storm,3,0.55,7.0,1.314,5.024
77076,Lightning,13,2.37,2.5,0.681,4.03
77076,Cold/Wind Chill,3,0.55,4.0,1.581,3.454
77076,Drought,10,1.82,1.5,1.158,3.163
77076,Tropical Storm,2,0.36,6.5,1.186,2.807
77076,Extreme Cold/Wind Chill,1,0.18,6.5,2.115,2.503
77076,High Wind,2,0.36,6.0,0.954,2.084
77076,Funnel Cloud,4,0.73,3.5,0.688,1.754
77076,Flood,3,0.55,4.5,0.71,1.745
77076,Storm Surge/Tide,1,0.18,7.0,1.0,1.275
77076,Winter Weather,1,0.18,5.0,1.266,1.153
77076,Heat,3,0.55,3.0,0.619,1.014
77076,Coastal Flood,1,0.18,4.5,0.909,0.745
77077,Thunderstorm Wind,117,21.3,5.0,0.837,89.154
77077,Hail,84,15.29,4.0,0.814,49.799
77077,Flash Flood,34,6.19,6.0,0.818,30.384
77077,Tornado,13,2.37,8.96,0.92,19.515
77077,Excessive Heat,14,2.55,5.5,0.979,13.726
77077,Winter Storm,3,0.55,7.0,1.314,5.024
77077,Lightning,13,2.37,2.5,0.681,4.03
77077,Cold/Wind Chill,3,0.55,4.0,1.581,3.454
77077,Drought,10,1.82,1.5,1.158,3.163
77077,Tropical Storm,2,0.36,6.5,1.186,2.807
77077,Extreme Cold/Wind Chill,1,0.18,6.5,2.115,2.503
77077,High Wind,2,0.36,6.0,0.954,2.084
77077,Funnel Cloud,4,0.73,3.5,0.688,1.754
77077,Flood,3,0.55,4.5,0.71,1.745
77077,Storm Surge/Tide,1,0.18,7.0,1.0,1.275
77077,Winter Weather,1,0.18,5.0,1.266,1.153
77077,Heat,3,0.55,3.0,0.619,1.014
77077,Coastal Flood,1,0.18,4.5,0.909,0.745
77078,Thunderstorm Wind,117,21.3,5.0,0.837,89.154
77078,Hail,84,15.29,4.0,0.814,49.799
77078,Flash Flood,34,6.19,6.0,0.818,30.384
77078,Tornado,13,2.37,8.96,0.92,19.515
77078,Excessive Heat,14,2.55,5.5,0.979,13.726
77078,Winter Storm,3,0.55,7.0,1.314,5.024
77078,Lightning,13,2.37,2.5,0.681,4.03
77078,Cold/Wind Chill,3,0.55,4.0,1.581,3.454
77078,Drought,10,1.82,1.5,1.158,3.163
77078,Tropical Storm,2,0.36,6.5,1.186,2.807
77078,Extreme Cold/Wind Chill,1,0.18,6.5,2.115,2.503
77078,High Wind,2,0.36,6.0,0.954,2.084
77078,Funnel Cloud,4,0.73,3.5,0.688,1.754
77078,Flood,3,0.55,4.5,0.71,1.745
77078,Storm Surge/Tide,1,0.18,7.0,1.0,1.275
77078,Winter Weather,1,0.18,5.0,1.266,1.153
77078,Heat,3,0.55,3.0,0.619,1.014
77078,Coastal Flood,1,0.18,4.5,0.909,0.745
77079,Thunderstorm Wind,117,21.3,5.0,0.837,89.154
77079,Hail,84,15.29,4.0,0.814,49.799
77079,Flash Flood,34,6.19,6.0,0.818,30.384
77079,Tornado,13,2.37,8.96,0.92,19.515
77079,Excessive Heat,14,2.55,5.5,0.979,13.726
77079,Winter Storm,3,0.55,7.0,1.314,5.024
77079,Lightning,13,2.37,2.5,0.681,4.03
77079,Cold/Wind Chill,3,0.55,4.0,1.581,3.454
77079,Drought,10,1.82,1.5,1.158,3.163
77079,Tropical Storm,2,0.36,6.5,1.186,2.807
77079,Extreme Cold/Wind Chill,1,0.18,6.5,2.115,2.503
77079,High Wind,2,0.36,6.0,0.954,2.084
77079,Funnel Cloud,4,0.73,3.5,0.688,1.754
77079,Flood,3,0.55,4.5,0.71,1.745
77079,Storm Surge/Tide,1,0.18,7.0,1.0,1.275
77079,Winter Weather,1,0.18,5.0,1.266,1.153
77079,Heat,3,0.55,3.0,0.619,1.014
77079,Coastal Flood,1,0.18,4.5,0.909,0.745
77080,Thunderstorm Wind,117,21.3,5.0,0.837,89.154
77080,Hail,84,15.29,4.0,0.814,49.799
77080,Flash Flood,34,6.19,6.0,0.818,30.384
77080,Tornado,13,2.37,8.96,0.92,19.515
77080,Excessive Heat,14,2.55,5.5,0.979,13.726
77080,Winter Storm,3,0.55,7.0,1.314,5.024
77080,Lightning,13,2.37,2.5,0.681,4.03
77080,Cold/Wind Chill,3,0.55,4.0,1.581,3.454
77080,Drought,10,1.82,1.5,1.158,3.163
77080,Tropical Storm,2,0.36,6.5,1.186,2.807
77080,Extreme Cold/Wind Chill,1,0.18,6.5,2.115,2.503
77080,High Wind,2,0.36,6.0,0.954,2.084
77080,Funnel Cloud,4,0.73,3.5,0.688,1.754
77080,Flood,3,0.55,4.5,0.71,1.745
77080,Storm Surge/Tide,1,0.18,7.0,1.0,1.275
77080,Winter Weather,1,0.18,5.0,1.266,1.153
77080,Heat,3,0.55,3.0,0.619,1.014
77080,Coastal Flood,1,0.18,4.5,0.909,0.745
77081,Thunderstorm Wind,117,21.3,5.0,0.837,89.154
77081,Hail,84,15.29,4.0,0.814,49.799
77081,Flash Flood,34,6.19,6.0,0.818,30.384
77081,Tornado,13,2.37,8.96,0.92,19.515
77081,Excessive Heat,14,2.55,5.5,0.979,13.726
77081,Winter Storm,3,0.55,7.0,1.314,5.024
77081,Lightning,13,2.37,2.5,0.681,4.03
77081,Cold/Wind Chill,3,0.55,4.0,1.581,3.454
77081,Drought,10,1.82,1.5,1.158,3.163
77081,Tropical Storm,2,0.36,6.5,1.186,2.807
77081,Extreme Cold/Wind Chill,1,0.18,6.5,2.115,2.503
77081,High Wind,2,0.36,6.0,0.954,2.084
77081,Funnel Cloud,4,0.73,3.5,0.688,1.754
77081,Flood,3,0.55,4.5,0.71,1.745
77081,Storm Surge/Tide,1,0.18,7.0,1.0,1.275
77081,Winter Weather,1,0.18,5.0,1.266,1.153
77081,Heat,3,0.55,3.0,0.619,1.014
77081,Coastal Flood,1,0.18,4.5,0.909,0.745
77082,Thunderstorm Wind,117,21.3,5.0,0.837,89.154
77082,Hail,84,15.29,4.0,0.814,49.799
77082,Flash Flood,34,6.19,6.0,0.818,30.384
77082,Tornado,13,2.37,8.96,0.92,19.515
77082,Excessive Heat,14,2.55,5.5,0.979,13.726
77082,Winter Storm,3,0.55,7.0,1.314,5.024
77082,Lightning,13,2.37,2.5,0.681,4.03
77082,Cold/Wind Chill,3,0.55,4.0,1.581,3.454
77082,Drought,10,1.82,1.5,1.158,3.163
77082,Tropical Storm,2,0.36,6.5,1.186,2.807
77082,Extreme Cold/Wind Chill,1,0.18,6.5,2.115,2.503
77082,High Wind,2,0.36,6.0,0.954,2.084
77082,Funnel Cloud,4,0.73,3.5,0.688,1.754
77082,Flood,3,0.55,4.5,0.71,1.745
77082,Storm Surge/Tide,1,0.18,7.0,1.0,1.275
77082,Winter Weather,1,0.18,5.0,1.266,1.153
77082,Heat,3,0.55,3.0,0.619,1.014
77082,Coastal Flood,1,0.18,4.5,0.909,0.745
77083,Thunderstorm Wind,117,21.3,5.0,0.837,89.154
77083,Hail,84,15.29,4.0,0.814,49.799
77083,Flash Flood,34,6.19,6.0,0.818,30.384
77083,Tornado,13,2.37,8.96,0.92,19.515
77083,Excessive Heat,14,2.55,5.5,0.979,13.726
77083,Winter Storm,3,0.55,7.0,1.314,5.024
77083,Lightning,13,2.37,2.5,0.681,4.03
77083,Cold/Wind Chill,3,0.55,4.0,1.581,3.454
77083,Drought,10,1.82,1.5,1.158,3.163
77083,Tropical Storm,2,0.36,6.5,1.186,2.807
77083,Extreme Cold/Wind Chill,1,0.18,6.5,2.115,2.503
77083,High Wind,2,0.36,6.0,0.954,2.084
77083,Funnel Cloud,4,0.73,3.5,0.688,1.754
77083,Flood,3,0.55,4.5,0.71,1.745
77083,Storm Surge/Tide,1,0.18,7.0,1.0,1.275
77083,Winter Weather,1,0.18,5.0,1.266,1.153
77083,Heat,3,0.55,3.0,0.619,1.014
77083,Coastal Flood,1,0.18,4.5,0.909,0.745
77084,Thunderstorm Wind,117,21.3,5.0,0.837,89.154
77084,Hail,84,15.29,4.0,0.814,49.799
77084,Flash Flood,34,6.19,6.0,0.818,30.384
77084,Tornado,13,2.37,8.96,0.92,19.515
77084,Excessive Heat,14,2.55,5.5,0.979,13.726
77084,Winter Storm,3,0.55,7.0,1.314,5.024
77084,Lightning,13,2.37,2.5,0.681,4.03
77084,Cold/Wind Chill,3,0.55,4.0,1.581,3.454
77084,Drought,10,1.82,1.5,1.158,3.163
77084,Tropical Storm,2,0.36,6.5,1.186,2.807
77084,Extreme Cold/Wind Chill,1,0.18,6.5,2.115,2.503
77084,High Wind,2,0.36,6.0,0.954,2.084
77084,Funnel Cloud,4,0.73,3.5,0.688,1.754
77084,Flood,3,0.55,4.5,0.71,1.745
77084,Storm Surge/Tide,1,0.18,7.0,1.0,1.275
77084,Winter Weather,1,0.18,5.0,1.266,1.153
77084,Heat,3,0.55,3.0,0.619,1.014
77084,Coastal Flood,1,0.18,4.5,0.909,0.745
77085,Thunderstorm Wind,117,21.3,5.0,0.837,89.154
77085,Hail,84,15.29,4.0,0.814,49.799
77085,Flash Flood,34,6.19,6.0,0.818,30.384
77085,Tornado,13,2.37,8.96,0.92,19.515
77085,Excessive Heat,14,2.55,5.5,0.979,13.726
77085,Winter Storm,3,0.55,7.0,1.314,5.024
77085,Lightning,13,2.37,2.5,0.681,4.03
77085,Cold/Wind Chill,3,0.55,4.0,1.581,3.454
77085,Drought,10,1.82,1.5,1.158,3.163
77085,Tropical Storm,2,0.36,6.5,1.186,2.807
77085,Extreme Cold/Wind Chill,1,0.18,6.5,2.115,2.503
77085,High Wind,2,0.36,6.0,0.954,2.084
77085,Funnel Cloud,4,0.73,3.5,0.688,1.754
77085,Flood,3,0.55,4.5,0.71,1.745
77085,Storm Surge/Tide,1,0.18,7.0,1.0,1.275
77085,Winter Weather,1,0.18,5.0,1.266,1.153
77085,Heat,3,0.55,3.0,0.619,1.014
77085,Coastal Flood,1,0.18,4.5,0.909,0.745
77086,Thunderstorm Wind,117,21.3,5.0,0.837,89.154
77086,Hail,84,15.29,4.0,0.814,49.799
77086,Flash Flood,34,6.19,6.0,0.818,30.384
77086,Tornado,13,2.37,8.96,0.92,19.515
77086,Excessive Heat,14,2.55,5.5,0.979,13.726
77086,Winter Storm,3,0.55,7.0,1.314,5.024
77086,Lightning,13,2.37,2.5,0.681,4.03
77086,Cold/Wind Chill,3,0.55,4.0,1.581,3.454
77086,Drought,10,1.82,1.5,1.158,3.163
77086,Tropical Storm,2,0.36,6.5,1.186,2.807
77086,Extreme Cold/Wind Chill,1,0.18,6.5,2.115,2.503
77086,High Wind,2,0.36,6.0,0.954,2.084
77086,Funnel Cloud,4,0.73,3.5,0.688,1.754
77086,Flood,3,0.55,4.5,0.71,1.745
77086,Storm Surge/Tide,1,0.18,7.0,1.0,1.275
77086,Winter Weather,1,0.18,5.0,1.266,1.153
77086,Heat,3,0.55,3.0,0.619,1.014
77086,Coastal Flood,1,0.18,4.5,0.909,0.745
77087,Thunderstorm Wind,117,21.3,5.0,0.837,89.154
77087,Hail,84,15.29,4.0,0.814,49.799
77087,Flash Flood,34,6.19,6.0,0.818,30.384
77087,Tornado,13,2.37,8.96,0.92,19.515
77087,Excessive Heat,14,2.55,5.5,0.979,13.726
77087,Winter Storm,3,0.55,7.0,1.314,5.024
77087,Lightning,13,2.37,2.5,0.681,4.03
77087,Cold/Wind Chill,3,0.55,4.0,1.581,3.454
77087,Drought,10,1.82,1.5,1.158,3.163
77087,Tropical Storm,2,0.36,6.5,1.186,2.807
77087,Extreme Cold/Wind Chill,1,0.18,6.5,2.115,2.503
77087,High Wind,2,0.36,6.0,0.954,2.084
77087,Funnel Cloud,4,0.73,3.5,0.688,1.754
77087,Flood,3,0.55,4.5,0.71,1.745
77087,Storm Surge/Tide,1,0.18,7.0,1.0,1.275
77087,Winter Weather,1,0.18,5.0,1.266,1.153
77087,Heat,3,0.55,3.0,0.619,1.014
77087,Coastal Flood,1,0.18,4.5,0.909,0.745
77088,Thunderstorm Wind,117,21.3,5.0,0.837,89.154
77088,Hail,84,15.29,4.0,0.814,49.799
77088,Flash Flood,34,6.19,6.0,0.818,30.384
77088,Tornado,13,2.37,8.96,0.92,19.515
77088,Excessive Heat,14,2.55,5.5,0.979,13.726
77088,Winter Storm,3,0.55,7.0,1.314,5.024
77088,Lightning,13,2.37,2.5,0.681,4.03
77088,Cold/Wind Chill,3,0.55,4.0,1.581,3.454
77088,Drought,10,1.82,1.5,1.158,3.163
77088,Tropical Storm,2,0.36,6.5,1.186,2.807
77088,Extreme Cold/Wind Chill,1,0.18,6.5,2.115,2.503
77088,High Wind,2,0.36,6.0,0.954,2.084
77088,Funnel Cloud,4,0.73,3.5,0.688,1.754
77088,Flood,3,0.55,4.5,0.71,1.745
77088,Storm Surge/Tide,1,0.18,7.0,1.0,1.275
77088,Winter Weather,1,0.18,5.0,1.266,1.153
77088,Heat,3,0.55,3.0,0.619,1.014
77088,Coastal Flood,1,0.18,4.5,0.909,0.745
77089,Thunderstorm Wind,117,21.3,5.0,0.837,89.154
77089,Hail,84,15.29,4.0,0.814,49.799
77089,Flash Flood,34,6.19,6.0,0.818,30.384
77089,Tornado,13,2.37,8.96,0.92,19.515
77089,Excessive Heat,14,2.55,5.5,0.979,13.726
77089,Winter Storm,3,0.55,7.0,1.314,5.024
77089,Lightning,13,2.37,2.5,0.681,4.03
77089,Cold/Wind Chill,3,0.55,4.0,1.581,3.454
77089,Drought,10,1.82,1.5,1.158,3.163
77089,Tropical Storm,2,0.36,6.5,1.186,2.807
77089,Extreme Cold/Wind Chill,1,0.18,6.5,2.115,2.503
77089,High Wind,2,0.36,6.0,0.954,2.084
77089,Funnel Cloud,4,0.73,3.5,0.688,1.754
77089,Flood,3,0.55,4.5,0.71,1.745
77089,Storm Surge/Tide,1,0.18,7.0,1.0,1.275
77089,Winter Weather,1,0.18,5.0,1.266,1.153
77089,Heat,3,0.55,3.0,0.619,1.014
77089,Coastal Flood,1,0.18,4.5,0.909,0.745
77090,Thunderstorm Wind,117,21.3,5.0,0.837,89.154
77090,Hail,84,15.29,4.0,0.814,49.799
77090,Flash Flood,34,6.19,6.0,0.818,30.384
77090,Tornado,13,2.37,8.96,0.92,19.515
77090,Excessive Heat,14,2.55,5.5,0.979,13.726
77090,Winter Storm,3,0.55,7.0,1.314,5.024
77090,Lightning,13,2.37,2.5,0.681,4.03
77090,Cold/Wind Chill,3,0.55,4.0,1.581,3.454
77090,Drought,10,1.82,1.5,1.158,3.163
77090,Tropical Storm,2,0.36,6.5,1.186,2.807
77090,Extreme Cold/Wind Chill,1,0.18,6.5,2.115,2.503
77090,High Wind,2,0.36,6.0,0.954,2.084
77090,Funnel Cloud,4,0.73,3.5,0.688,1.754
77090,Flood,3,0.55,4.5,0.71,1.745
77090,Storm Surge/Tide,1,0.18,7.0,1.0,1.275
77090,Winter Weather,1,0.18,5.0,1.266,1.153
77090,Heat,3,0.55,3.0,0.619,1.014
77090,Coastal Flood,1,0.18,4.5,0.909,0.745
77091,Thunderstorm Wind,117,21.3,5.0,0.837,89.154
77091,Hail,84,15.29,4.0,0.814,49.799
77091,Flash Flood,34,6.19,6.0,0.818,30.384
77091,Tornado,13,2.37,8.96,0.92,19.515
77091,Excessive Heat,14,2.55,5.5,0.979,13.726
77091,Winter Storm,3,0.55,7.0,1.314,5.024
77091,Lightning,13,2.37,2.5,0.681,4.03
77091,Cold/Wind Chill,3,0.55,4.0,1.581,3.454
77091,Drought,10,1.82,1.5,1.158,3.163
77091,Tropical Storm,2,0.36,6.5,1.186,2.807
77091,Extreme Cold/Wind Chill,1,0.18,6.5,2.115,2.503
77091,High Wind,2,0.36,6.0,0.954,2.084
77091,Funnel Cloud,4,0.73,3.5,0.688,1.754
77091,Flood,3,0.55,4.5,0.71,1.745
77091,Storm Surge/Tide,1,0.18,7.0,1.0,1.275
77091,Winter Weather,1,0.18,5.0,1.266,1.153
77091,Heat,3,0.55,3.0,0.619,1.014
77091,Coastal Flood,1,0.18,4.5,0.909,0.745
77092,Thunderstorm Wind,117,21.3,5.0,0.837,89.154
77092,Hail,84,15.29,4.0,0.814,49.799
77092,Flash Flood,34,6.19,6.0,0.818,30.384
77092,Tornado,13,2.37,8.96,0.92,19.515
77092,Excessive Heat,14,2.55,5.5,0.979,13.726
77092,Winter Storm,3,0.55,7.0,1.314,5.024
77092,Lightning,13,2.37,2.5,0.681,4.03
77092,Cold/Wind Chill,3,0.55,4.0,1.581,3.454
77092,Drought,10,1.82,1.5,1.158,3.163
77092,Tropical Storm,2,0.36,6.5,1.186,2.807
77092,Extreme Cold/Wind Chill,1,0.18,6.5,2.115,2.503
77092,High Wind,2,0.36,6.0,0.954,2.084
77092,Funnel Cloud,4,0.73,3.5,0.688,1.754
77092,Flood,3,0.55,4.5,0.71,1.745
77092,Storm Surge/Tide,1,0.18,7.0,1.0,1.275
77092,Winter Weather,1,0.18,5.0,1.266,1.153
77092,Heat,3,0.55,3.0,0.619,1.014
77092,Coastal Flood,1,0.18,4.5,0.909,0.745
77093,Thunderstorm Wind,117,21.3,5.0,0.837,89.154
77093,Hail,84,15.29,4.0,0.814,49.799
77093,Flash Flood,34,6.19,6.0,0.818,30.384
77093,Tornado,13,2.37,8.96,0.92,19.515
77093,Excessive Heat,14,2.55,5.5,0.979,13.726
77093,Winter Storm,3,0.55,7.0,1.314,5.024
77093,Lightning,13,2.37,2.5,0.681,4.03
77093,Cold/Wind Chill,3,0.55,4.0,1.581,3.454
77093,Drought,10,1.82,1.5,1.158,3.163
77093,Tropical Storm,2,0.36,6.5,1.186,2.807
77093,Extreme Cold/Wind Chill,1,0.18,6.5,2.115,2.503
77093,High Wind,2,0.36,6.0,0.954,2.084
77093,Funnel Cloud,4,0.73,3.5,0.688,1.754
77093,Flood,3,0.55,4.5,0.71,1.745
77093,Storm Surge/Tide,1,0.18,7.0,1.0,1.275
77093,Winter Weather,1,0.18,5.0,1.266,1.153
77093,Heat,3,0.55,3.0,0.619,1.014
77093,Coastal Flood,1,0.18,4.5,0.909,0.745
77094,Thunderstorm Wind,117,21.3,5.0,0.837,89.154
77094,Hail,84,15.29,4.0,0.814,49.799
77094,Flash Flood,34,6.19,6.0,0.818,30.384
77094,Tornado,13,2.37,8.96,0.92,19.515
77094,Excessive Heat,14,2.55,5.5,0.979,13.726
77094,Winter Storm,3,0.55,7.0,1.314,5.024
77094,Lightning,13,2.37,2.5,0.681,4.03
77094,Cold/Wind Chill,3,0.55,4.0,1.581,3.454
77094,Drought,10,1.82,1.5,1.158,3.163
77094,Tropical Storm,2,0.36,6.5,1.186,2.807
77094,Extreme Cold/Wind Chill,1,0.18,6.5,2.115,2.503
77094,High Wind,2,0.36,6.0,0.954,2.084
77094,Funnel Cloud,4,0.73,3.5,0.688,1.754
77094,Flood,3,0.55,4.5,0.71,1.745
77094,Storm Surge/Tide,1,0.18,7.0,1.0,1.275
77094,Winter Weather,1,0.18,5.0,1.266,1.153
77094,Heat,3,0.55,3.0,0.619,1.014
77094,Coastal Flood,1,0.18,4.5,0.909,0.745
77095,Thunderstorm Wind,117,21.3,5.0,0.837,89.154
77095,Hail,84,15.29,4.0,0.814,49.799
77095,Flash Flood,34,6.19,6.0,0.818,30.384
77095,Tornado,13,2.37,8.96,0.92,19.515
77095,Excessive Heat,14,2.55,5.5,0.979,13.726
77095,Winter Storm,3,0.55,7.0,1.314,5.024
77095,Lightning,13,2.37,2.5,0.681,4.03
77095,Cold/Wind Chill,3,0.55,4.0,1.581,3.454
77095,Drought,10,1.82,1.5,1.158,3.163
77095,Tropical Storm,2,0.36,6.5,1.186,2.807
77095,Extreme Cold/Wind Chill,1,0.18,6.5,2.115,2.503
77095,High Wind,2,0.36,6.0,0.954,2.084
77095,Funnel Cloud,4,0.73,3.5,0.688,1.754
77095,Flood,3,0.55,4.5,0.71,1.745
77095,Storm Surge/Tide,1,0.18,7.0,1.0,1.275
77095,Winter Weather,1,0.18,5.0,1.266,1.153
77095,Heat,3,0.55,3.0,0.619,1.014
77095,Coastal Flood,1,0.18,4.5,0.909,0.745
77096,Thunderstorm Wind,117,21.3,5.0,0.837,89.154
77096,Hail,84,15.29,4.0,0.814,49.799
77096,Flash Flood,34,6.19,6.0,0.818,30.384
77096,Tornado,13,2.37,8.96,0.92,19.515
77096,Excessive Heat,14,2.55,5.5,0.979,13.726
77096,Winter Storm,3,0.55,7.0,1.314,5.024
77096,Lightning,13,2.37,2.5,0.681,4.03
77096,Cold/Wind Chill,3,0.55,4.0,1.581,3.454
77096,Drought,10,1.82,1.5,1.158,3.163
77096,Tropical Storm,2,0.36,6.5,1.186,2.807
77096,Extreme Cold/Wind Chill,1,0.18,6.5,2.115,2.503
77096,High Wind,2,0.36,6.0,0.954,2.084
77096,Funnel Cloud,4,0.73,3.5,0.688,1.754
77096,Flood,3,0.55,4.5,0.71,1.745
77096,Storm Surge/Tide,1,0.18,7.0,1.0,1.275
77096,Winter Weather,1,0.18,5.0,1.266,1.153
77096,Heat,3,0.55,3.0,0.619,1.014
77096,Coastal Flood,1,0.18,4.5,0.909,0.745
77097,Thunderstorm Wind,117,21.3,5.0,0.837,89.154
77097,Hail,84,15.29,4.0,0.814,49.799
77097,Flash Flood,34,6.19,6.0,0.818,30.384
77097,Tornado,13,2.37,8.96,0.92,19.515
77097,Excessive Heat,14,2.55,5.5,0.979,13.726
77097,Winter Storm,3,0.55,7.0,1.314,5.024
77097,Lightning,13,2.37,2.5,0.681,4.03
77097,Cold/Wind Chill,3,0.55,4.0,1.581,3.454
77097,Drought,10,1.82,1.5,1.158,3.163
77097,Tropical Storm,2,0.36,6.5,1.186,2.807
77097,Extreme Cold/Wind Chill,1,0.18,6.5,2.115,2.503
77097,High Wind,2,0.36,6.0,0.954,2.084
77097,Funnel Cloud,4,0.73,3.5,0.688,1.754
77097,Flood,3,0.55,4.5,0.71,1.745
77097,Storm Surge/Tide,1,0.18,7.0,1.0,1.275
77097,Winter Weather,1,0.18,5.0,1.266,1.153
77097,Heat,3,0.55,3.0,0.619,1.014
77097,Coastal Flood,1,0.18,4.5,0.909,0.745
77098,Thunderstorm Wind,117,21.3,5.0,0.837,89.154
77098,Hail,84,15.29,4.0,0.814,49.799
77098,Flash Flood,34,6.19,6.0,0.818,30.384
77098,Tornado,13,2.37,8.96,0.92,19.515
77098,Excessive Heat,14,2.55,5.5,0.979,13.726
77098,Winter Storm,3,0.55,7.0,1.314,5.024
77098,Lightning,13,2.37,2.5,0.681,4.03
77098,Cold/Wind Chill,3,0.55,4.0,1.581,3.454
77098,Drought,10,1.82,1.5,1.158,3.163
77098,Tropical Storm,2,0.36,6.5,1.186,2.807
77098,Extreme Cold/Wind Chill,1,0.18,6.5,2.115,2.503
77098,High Wind,2,0.36,6.0,0.954,2.084
77098,Funnel Cloud,4,0.73,3.5,0.688,1.754
77098,Flood,3,0.55,4.5,0.71,1.745
77098,Storm Surge/Tide,1,0.18,7.0,1.0,1.275
77098,Winter Weather,1,0.18,5.0,1.266,1.153
77098,Heat,3,0.55,3.0,0.619,1.014
77098,Coastal Flood,1,0.18,4.5,0.909,0.745
77099,Thunderstorm Wind,117,21.3,5.0,0.837,89.154
77099,Hail,84,15.29,4.0,0.814,49.799
77099,Flash Flood,34,6.19,6.0,0.818,30.384
77099,Tornado,13,2.37,8.96,0.92,19.515
77099,Excessive Heat,14,2.55,5.5,0.979,13.726
77099,Winter Storm,3,0.55,7.0,1.314,5.024
77099,Lightning,13,2.37,2.5,0.681,4.03
77099,Cold/Wind Chill,3,0.55,4.0,1.581,3.454
77099,Drought,10,1.82,1.5,1.158,3.163
77099,Tropical Storm,2,0.36,6.5,1.186,2.807
77099,Extreme Cold/Wind Chill,1,0.18,6.5,2.115,2.503
77099,High Wind,2,0.36,6.0,0.954,2.084
77099,Funnel Cloud,4,0.73,3.5,0.688,1.754
77099,Flood,3,0.55,4.5,0.71,1.745
77099,Storm Surge/Tide,1,0.18,7.0,1.0,1.275
77099,Winter Weather,1,0.18,5.0,1.266,1.153
77099,Heat,3,0.55,3.0,0.619,1.014
77099,Coastal Flood,1,0.18,4.5,0.909,0.745
78701,Hail,125,22.76,4.0,0.814,74.106
78701,Flash Flood,40,7.28,6.0,0.818,35.746
78701,Thunderstorm Wind,46,8.38,5.0,0.837,35.052
78701,Winter Storm,9,1.64,7.0,1.314,15.073
78701,Drought,36,6.55,1.5,1.158,11.386
78701,Extreme Cold/Wind Chill,4,0.73,6.5,2.115,10.013
78701,Winter Weather,6,1.09,5.0,1.266,6.915
78701,Excessive Heat,6,1.09,5.5,0.979,5.882
78701,Tornado,3,0.55,8.83,0.92,4.439
78701,Cold/Wind Chill,3,0.55,4.0,1.581,3.454
78701,Flood,3,0.55,4.5,0.71,1.745
78701,High Wind,1,0.18,6.0,0.954,1.042
78701,Strong Wind,1,0.18,4.0,0.957,0.697
78701,Lightning,2,0.36,2.5,0.681,0.62
78702,Hail,125,22.76,4.0,0.814,74.106
78702,Flash Flood,40,7.28,6.0,0.818,35.746
78702,Thunderstorm Wind,46,8.38,5.0,0.837,35.052
78702,Winter Storm,9,1.64,7.0,1.314,15.073
78702,Drought,36,6.55,1.5,1.158,11.386
78702,Extreme Cold/Wind Chill,4,0.73,6.5,2.115,10.013
78702,Winter Weather,6,1.09,5.0,1.266,6.915
78702,Excessive Heat,6,1.09,5.5,0.979,5.882
78702,Tornado,3,0.55,8.83,0.92,4.439
78702,Cold/Wind Chill,3,0.55,4.0,1.581,3.454
78702,Flood,3,0.55,4.5,0.71,1.745
78702,High Wind,1,0.18,6.0,0.954,1.042
78702,Strong Wind,1,0.18,4.0,0.957,0.697
78702,Lightning,2,0.36,2.5,0.681,0.62
78703,Hail,125,22.76,4.0,0.814,74.106
78703,Flash Flood,40,7.28,6.0,0.818,35.746
78703,Thunderstorm Wind,46,8.38,5.0,0.837,35.052
78703,Winter Storm,9,1.64,7.0,1.314,15.073
78703,Drought,36,6.55,1.5,1.158,11.386
78703,Extreme Cold/Wind Chill,4,0.73,6.5,2.115,10.013
78703,Winter Weather,6,1.09,5.0,1.266,6.915
78703,Excessive Heat,6,1.09,5.5,0.979,5.882
78703,Tornado,3,0.55,8.83,0.92,4.439
78703,Cold/Wind Chill,3,0.55,4.0,1.581,3.454
78703,Flood,3,0.55,4.5,0.71,1.745
78703,High Wind,1,0.18,6.0,0.954,1.042
78703,Strong Wind,1,0.18,4.0,0.957,0.697
78703,Lightning,2,0.36,2.5,0.681,0.62
78704,Hail,125,22.76,4.0,0.814,74.106
78704,Flash Flood,40,7.28,6.0,0.818,35.746
78704,Thunderstorm Wind,46,8.38,5.0,0.837,35.052
78704,Winter Storm,9,1.64,7.0,1.314,15.073
78704,Drought,36,6.55,1.5,1.158,11.386
78704,Extreme Cold/Wind Chill,4,0.73,6.5,2.115,10.013
78704,Winter Weather,6,1.09,5.0,1.266,6.915
78704,Excessive Heat,6,1.09,5.5,0.979,5.882
78704,Tornado,3,0.55,8.83,0.92,4.439
78704,Cold/Wind Chill,3,0.55,4.0,1.581,3.454
78704,Flood,3,0.55,4.5,0.71,1.745
78704,High Wind,1,0.18,6.0,0.954,1.042
78704,Strong Wind,1,0.18,4.0,0.957,0.697
78704,Lightning,2,0.36,2.5,0.681,0.62
78705,Hail,125,22.76,4.0,0.814,74.106
78705,Flash Flood,40,7.28,6.0,0.818,35.746
78705,Thunderstorm Wind,46,8.38,5.0,0.837,35.052
78705,Winter Storm,9,1.64,7.0,1.314,15.073
78705,Drought,36,6.55,1.5,1.158,11.386
78705,Extreme Cold/Wind Chill,4,0.73,6.5,2.115,10.013
78705,Winter Weather,6,1.09,5.0,1.266,6.915
78705,Excessive Heat,6,1.09,5.5,0.979,5.882
78705,Tornado,3,0.55,8.83,0.92,4.439
78705,Cold/Wind Chill,3,0.55,4.0,1.581,3.454
78705,Flood,3,0.55,4.5,0.71,1.745
78705,High Wind,1,0.18,6.0,0.954,1.042
78705,Strong Wind,1,0.18,4.0,0.957,0.697
78705,Lightning,2,0.36,2.5,0.681,0.62
78706,Hail,125,22.76,4.0,0.814,74.106
78706,Flash Flood,40,7.28,6.0,0.818,35.746
78706,Thunderstorm Wind,46,8.38,5.0,0.837,35.052
78706,Winter Storm,9,1.64,7.0,1.314,15.073
78706,Drought,36,6.55,1.5,1.158,11.386
78706,Extreme Cold/Wind Chill,4,0.73,6.5,2.115,10.013
78706,Winter Weather,6,1.09,5.0,1.266,6.915
78706,Excessive Heat,6,1.09,5.5,0.979,5.882
78706,Tornado,3,0.55,8.83,0.92,4.439
78706,Cold/Wind Chill,3,0.55,4.0,1.581,3.454
78706,Flood,3,0.55,4.5,0.71,1.745
78706,High Wind,1,0.18,6.0,0.954,1.042
78706,Strong Wind,1,0.18,4.0,0.957,0.697
78706,Lightning,2,0.36,2.5,0.681,0.62
78707,Hail,125,22.76,4.0,0.814,74.106
78707,Flash Flood,40,7.28,6.0,0.818,35.746
78707,Thunderstorm Wind,46,8.38,5.0,0.837,35.052
78707,Winter Storm,9,1.64,7.0,1.314,15.073
78707,Drought,36,6.55,1.5,1.158,11.386
78707,Extreme Cold/Wind Chill,4,0.73,6.5,2.115,10.013
78707,Winter Weather,6,1.09,5.0,1.266,6.915
78707,Excessive Heat,6,1.09,5.5,0.979,5.882
78707,Tornado,3,0.55,8.83,0.92,4.439
78707,Cold/Wind Chill,3,0.55,4.0,1.581,3.454
78707,Flood,3,0.55,4.5,0.71,1.745
78707,High Wind,1,0.18,6.0,0.954,1.042
78707,Strong Wind,1,0.18,4.0,0.957,0.697
78707,Lightning,2,0.36,2.5,0.681,0.62
78708,Hail,125,22.76,4.0,0.814,74.106
78708,Flash Flood,40,7.28,6.0,0.818,35.746
78708,Thunderstorm Wind,46,8.38,5.0,0.837,35.052
78708,Winter Storm,9,1.64,7.0,1.314,15.073
78708,Drought,36,6.55,1.5,1.158,11.386
78708,Extreme Cold/Wind Chill,4,0.73,6.5,2.115,10.013
78708,Winter Weather,6,1.09,5.0,1.266,6.915
78708,Excessive Heat,6,1.09,5.5,0.979,5.882
78708,Tornado,3,0.55,8.83,0.92,4.439
78708,Cold/Wind Chill,3,0.55,4.0,1.581,3.454
78708,Flood,3,0.55,4.5,0.71,1.745
78708,High Wind,1,0.18,6.0,0.954,1.042
78708,Strong Wind,1,0.18,4.0,0.957,0.697
78708,Lightning,2,0.36,2.5,0.681,0.62
78709,Hail,125,22.76,4.0,0.814,74.106
78709,Flash Flood,40,7.28,6.0,0.818,35.746
78709,Thunderstorm Wind,46,8.38,5.0,0.837,35.052
78709,Winter Storm,9,1.64,7.0,1.314,15.073
78709,Drought,36,6.55,1.5,1.158,11.386
78709,Extreme Cold/Wind Chill,4,0.73,6.5,2.115,10.013
78709,Winter Weather,6,1.09,5.0,1.266,6.915
78709,Excessive Heat,6,1.09,5.5,0.979,5.882
78709,Tornado,3,0.55,8.83,0.92,4.439
78709,Cold/Wind Chill,3,0.55,4.0,1.581,3.454
78709,Flood,3,0.55,4.5,0.71,1.745
78709,High Wind,1,0.18,6.0,0.954,1.042
78709,Strong Wind,1,0.18,4.0,0.957,0.697
78709,Lightning,2,0.36,2.5,0.681,0.62
78710,Hail,125,22.76,4.0,0.814,74.106
78710,Flash Flood,40,7.28,6.0,0.818,35.746
78710,Thunderstorm Wind,46,8.38,5.0,0.837,35.052
78710,Winter Storm,9,1.64,7.0,1.314,15.073
78710,Drought,36,6.55,1.5,1.158,11.386
78710,Extreme Cold/Wind Chill,4,0.73,6.5,2.115,10.013
78710,Winter Weather,6,1.09,5.0,1.266,6.915
78710,Excessive Heat,6,1.09,5.5,0.979,5.882
78710,Tornado,3,0.55,8.83,0.92,4.439
78710,Cold/Wind Chill,3,0.55,4.0,1.581,3.454
78710,Flood,3,0.55,4.5,0.71,1.745
78710,High Wind,1,0.18,6.0,0.954,1.042
78710,Strong Wind,1,0.18,4.0,0.957,0.697
78710,Lightning,2,0.36,2.5,0.681,0.62
78711,Hail,125,22.76,4.0,0.814,74.106
78711,Flash Flood,40,7.28,6.0,0.818,35.746
78711,Thunderstorm Wind,46,8.38,5.0,0.837,35.052
78711,Winter Storm,9,1.64,7.0,1.314,15.073
78711,Drought,36,6.55,1.5,1.158,11.386
78711,Extreme Cold/Wind Chill,4,0.73,6.5,2.115,10.013
78711,Winter Weather,6,1.09,5.0,1.266,6.915
78711,Excessive Heat,6,1.09,5.5,0.979,5.882
78711,Tornado,3,0.55,8.83,0.92,4.439
78711,Cold/Wind Chill,3,0.55,4.0,1.581,3.454
78711,Flood,3,0.55,4.5,0.71,1.745
78711,High Wind,1,0.18,6.0,0.954,1.042
78711,Strong Wind,1,0.18,4.0,0.957,0.697
78711,Lightning,2,0.36,2.5,0.681,0.62
78712,Hail,125,22.76,4.0,0.814,74.106
78712,Flash Flood,40,7.28,6.0,0.818,35.746
78712,Thunderstorm Wind,46,8.38,5.0,0.837,35.052
78712,Winter Storm,9,1.64,7.0,1.314,15.073
78712,Drought,36,6.55,1.5,1.158,11.386
78712,Extreme Cold/Wind Chill,4,0.73,6.5,2.115,10.013
78712,Winter Weather,6,1.09,5.0,1.266,6.915
78712,Excessive Heat,6,1.09,5.5,0.979,5.882
78712,Tornado,3,0.55,8.83,0.92,4.439
78712,Cold/Wind Chill,3,0.55,4.0,1.581,3.454
78712,Flood,3,0.55,4.5,0.71,1.745
78712,High Wind,1,0.18,6.0,0.954,1.042
78712,Strong Wind,1,0.18,4.0,0.957,0.697
78712,Lightning,2,0.36,2.5,0.681,0.62
78713,Hail,125,22.76,4.0,0.814,74.106
78713,Flash Flood,40,7.28,6.0,0.818,35.746
78713,Thunderstorm Wind,46,8.38,5.0,0.837,35.052
78713,Winter Storm,9,1.64,7.0,1.314,15.073
78713,Drought,36,6.55,1.5,1.158,11.386
78713,Extreme Cold/Wind Chill,4,0.73,6.5,2.115,10.013
78713,Winter Weather,6,1.09,5.0,1.266,6.915
78713,Excessive Heat,6,1.09,5.5,0.979,5.882
78713,Tornado,3,0.55,8.83,0.92,4.439
78713,Cold/Wind Chill,3,0.55,4.0,1.581,3.454
78713,Flood,3,0.55,4.5,0.71,1.745
78713,High Wind,1,0.18,6.0,0.954,1.042
78713,Strong Wind,1,0.18,4.0,0.957,0.697
78713,Lightning,2,0.36,2.5,0.681,0.62
78714,Hail,125,22.76,4.0,0.814,74.106
78714,Flash Flood,40,7.28,6.0,0.818,35.746
78714,Thunderstorm Wind,46,8.38,5.0,0.837,35.052
78714,Winter Storm,9,1.64,7.0,1.314,15.073
78714,Drought,36,6.55,1.5,1.158,11.386
78714,Extreme Cold/Wind Chill,4,0.73,6.5,2.115,10.013
78714,Winter Weather,6,1.09,5.0,1.266,6.915
78714,Excessive Heat,6,1.09,5.5,0.979,5.882
78714,Tornado,3,0.55,8.83,0.92,4.439
78714,Cold/Wind Chill,3,0.55,4.0,1.581,3.454
78714,Flood,3,0.55,4.5,0.71,1.745
78714,High Wind,1,0.18,6.0,0.954,1.042
78714,Strong Wind,1,0.18,4.0,0.957,0.697
78714,Lightning,2,0.36,2.5,0.681,0.62
78715,Hail,125,22.76,4.0,0.814,74.106
78715,Flash Flood,40,7.28,6.0,0.818,35.746
78715,Thunderstorm Wind,46,8.38,5.0,0.837,35.052
78715,Winter Storm,9,1.64,7.0,1.314,15.073
78715,Drought,36,6.55,1.5,1.158,11.386
78715,Extreme Cold/Wind Chill,4,0.73,6.5,2.115,10.013
78715,Winter Weather,6,1.09,5.0,1.266,6.915
78715,Excessive Heat,6,1.09,5.5,0.979,5.882
78715,Tornado,3,0.55,8.83,0.92,4.439
78715,Cold/Wind Chill,3,0.55,4.0,1.581,3.454
78715,Flood,3,0.55,4.5,0.71,1.745
78715,High Wind,1,0.18,6.0,0.954,1.042
78715,Strong Wind,1,0.18,4.0,0.957,0.697
78715,Lightning,2,0.36,2.5,0.681,0.62
78716,Hail,125,22.76,4.0,0.814,74.106
78716,Flash Flood,40,7.28,6.0,0.818,35.746
78716,Thunderstorm Wind,46,8.38,5.0,0.837,35.052
78716,Winter Storm,9,1.64,7.0,1.314,15.073
78716,Drought,36,6.55,1.5,1.158,11.386
78716,Extreme Cold/Wind Chill,4,0.73,6.5,2.115,10.013
78716,Winter Weather,6,1.09,5.0,1.266,6.915
78716,Excessive Heat,6,1.09,5.5,0.979,5.882
78716,Tornado,3,0.55,8.83,0.92,4.439
78716,Cold/Wind Chill,3,0.55,4.0,1.581,3.454
78716,Flood,3,0.55,4.5,0.71,1.745
78716,High Wind,1,0.18,6.0,0.954,1.042
78716,Strong Wind,1,0.18,4.0,0.957,0.697
78716,Lightning,2,0.36,2.5,0.681,0.62
78717,Hail,172,31.32,4.0,0.814,101.97
78717,Flash Flood,24,4.37,6.0,0.818,21.447
78717,Thunderstorm Wind,27,4.92,5.0,0.837,20.574
78717,Winter Storm,9,1.64,7.0,1.314,15.073
78717,Drought,33,6.01,1.5,1.158,10.437
78717,Extreme Cold/Wind Chill,4,0.73,6.5,2.115,10.013
78717,Winter Weather,6,1.09,5.0,1.266,6.915
78717,Tornado,4,0.73,9.12,0.92,6.114
78717,Excessive Heat,4,0.73,5.5,0.979,3.922
78717,Cold/Wind Chill,3,0.55,4.0,1.581,3.454
78717,Wildfire,3,0.55,4.5,1.192,2.93
78717,Funnel Cloud,1,0.18,3.5,0.688,0.438
78718,Hail,125,22.76,4.0,0.814,74.106
78718,Flash Flood,40,7.28,6.0,0.818,35.746
78718,Thunderstorm Wind,46,8.38,5.0,0.837,35.052
78718,Winter Storm,9,1.64,7.0,1.314,15.073
78718,Drought,36,6.55,1.5,1.158,11.386
78718,Extreme Cold/Wind Chill,4,0.73,6.5,2.115,10.013
78718,Winter Weather,6,1.09,5.0,1.266,6.915
78718,Excessive Heat,6,1.09,5.5,0.979,5.882
78718,Tornado,3,0.55,8.83,0.92,4.439
78718,Cold/Wind Chill,3,0.55,4.0,1.581,3.454
78718,Flood,3,0.55,4.5,0.71,1.745
78718,High Wind,1,0.18,6.0,0.954,1.042
78718,Strong Wind,1,0.18,4.0,0.957,0.697
78718,Lightning,2,0.36,2.5,0.681,0.62
78719,Hail,125,22.76,4.0,0.814,74.106
78719,Flash Flood,40,7.28,6.0,0.818,35.746
78719,Thunderstorm Wind,46,8.38,5.0,0.837,35.052
78719,Winter Storm,9,1.64,7.0,1.314,15.073
78719,Drought,36,6.55,1.5,1.158,11.386
78719,Extreme Cold/Wind Chill,4,0.73,6.5,2.115,10.013
78719,Winter Weather,6,1.09,5.0,1.266,6.915
78719,Excessive Heat,6,1.09,5.5,0.979,5.882
78719,Tornado,3,0.55,8.83,0.92,4.439
78719,Cold/Wind Chill,3,0.55,4.0,1.581,3.454
78719,Flood,3,0.55,4.5,0.71,1.745
78719,High Wind,1,0.18,6.0,0.954,1.042
78719,Strong Wind,1,0.18,4.0,0.957,0.697
78719,Lightning,2,0.36,2.5,0.681,0.62
78720,Hail,125,22.76,4.0,0.814,74.106
78720,Flash Flood,40,7.28,6.0,0.818,35.746
78720,Thunderstorm Wind,46,8.38,5.0,0.837,35.052
78720,Winter Storm,9,1.64,7.0,1.314,15.073
78720,Drought,36,6.55,1.5,1.158,11.386
78720,Extreme Cold/Wind Chill,4,0.73,6.5,2.115,10.013
78720,Winter Weather,6,1.09,5.0,1.266,6.915
78720,Excessive Heat,6,1.09,5.5,0.979,5.882
78720,Tornado,3,0.55,8.83,0.92,4.439
78720,Cold/Wind Chill,3,0.55,4.0,1.581,3.454
78720,Flood,3,0.55,4.5,0.71,1.745
78720,High Wind,1,0.18,6.0,0.954,1.042
78720,Strong Wind,1,0.18,4.0,0.957,0.697
78720,Lightning,2,0.36,2.5,0.681,0.62
78721,Hail,125,22.76,4.0,0.814,74.106
78721,Flash Flood,40,7.28,6.0,0.818,35.746
78721,Thunderstorm Wind,46,8.38,5.0,0.837,35.052
78721,Winter Storm,9,1.64,7.0,1.314,15.073
78721,Drought,36,6.55,1.5,1.158,11.386
78721,Extreme Cold/Wind Chill,4,0.73,6.5,2.115,10.013
78721,Winter Weather,6,1.09,5.0,1.266,6.915
78721,Excessive Heat,6,1.09,5.5,0.979,5.882
78721,Tornado,3,0.55,8.83,0.92,4.439
78721,Cold/Wind Chill,3,0.55,4.0,1.581,3.454
78721,Flood,3,0.55,4.5,0.71,1.745
78721,High Wind,1,0.18,6.0,0.954,1.042
78721,Strong Wind,1,0.18,4.0,0.957,0.697
78721,Lightning,2,0.36,2.5,0.681,0.62
78722,Hail,125,22.76,4.0,0.814,74.106
78722,Flash Flood,40,7.28,6.0,0.818,35.746
78722,Thunderstorm Wind,46,8.38,5.0,0.837,35.052
78722,Winter Storm,9,1.64,7.0,1.314,15.073
78722,Drought,36,6.55,1.5,1.158,11.386
78722,Extreme Cold/Wind Chill,4,0.73,6.5,2.115,10.013
78722,Winter Weather,6,1.09,5.0,1.266,6.915
78722,Excessive Heat,6,1.09,5.5,0.979,5.882
78722,Tornado,3,0.55,8.83,0.92,4.439
78722,Cold/Wind Chill,3,0.55,4.0,1.581,3.454
78722,Flood,3,0.55,4.5,0.71,1.745
78722,High Wind,1,0.18,6.0,0.954,1.042
78722,Strong Wind,1,0.18,4.0,0.957,0.697
78722,Lightning,2,0.36,2.5,0.681,0.62
78723,Hail,125,22.76,4.0,0.814,74.106
78723,Flash Flood,40,7.28,6.0,0.818,35.746
78723,Thunderstorm Wind,46,8.38,5.0,0.837,35.052
78723,Winter Storm,9,1.64,7.0,1.314,15.073
78723,Drought,36,6.55,1.5,1.158,11.386
78723,Extreme Cold/Wind Chill,4,0.73,6.5,2.115,10.013
78723,Winter Weather,6,1.09,5.0,1.266,6.915
78723,Excessive Heat,6,1.09,5.5,0.979,5.882
78723,Tornado,3,0.55,8.83,0.92,4.439
78723,Cold/Wind Chill,3,0.55,4.0,1.581,3.454
78723,Flood,3,0.55,4.5,0.71,1.745
78723,High Wind,1,0.18,6.0,0.954,1.042
78723,Strong Wind,1,0.18,4.0,0.957,0.697
78723,Lightning,2,0.36,2.5,0.681,0.62
78724,Hail,125,22.76,4.0,0.814,74.106
78724,Flash Flood,40,7.28,6.0,0.818,35.746
78724,Thunderstorm Wind,46,8.38,5.0,0.837,35.052
78724,Winter Storm,9,1.64,7.0,1.314,15.073
78724,Drought,36,6.55,1.5,1.158,11.386
78724,Extreme Cold/Wind Chill,4,0.73,6.5,2.115,10.013
78724,Winter Weather,6,1.09,5.0,1.266,6.915
78724,Excessive Heat,6,1.09,5.5,0.979,5.882
78724,Tornado,3,0.55,8.83,0.92,4.439
78724,Cold/Wind Chill,3,0.55,4.0,1.581,3.454
78724,Flood,3,0.55,4.5,0.71,1.745
78724,High Wind,1,0.18,6.0,0.954,1.042
78724,Strong Wind,1,0.18,4.0,0.957,0.697
78724,Lightning,2,0.36,2.5,0.681,0.62
78725,Hail,125,22.76,4.0,0.814,74.106
78725,Flash Flood,40,7.28,6.0,0.818,35.746
78725,Thunderstorm Wind,46,8.38,5.0,0.837,35.052
78725,Winter Storm,9,1.64,7.0,1.314,15.073
78725,Drought,36,6.55,1.5,1.158,11.386
78725,Extreme Cold/Wind Chill,4,0.73,6.5,2.115,10.013
78725,Winter Weather,6,1.09,5.0,1.266,6.915
78725,Excessive Heat,6,1.09,5.5,0.979,5.882
78725,Tornado,3,0.55,8.83,0.92,4.439
78725,Cold/Wind Chill,3,0.55,4.0,1.581,3.454
78725,Flood,3,0.55,4.5,0.71,1.745
78725,High Wind,1,0.18,6.0,0.954,1.042
78725,Strong Wind,1,0.18,4.0,0.957,0.697
78725,Lightning,2,0.36,2.5,0.681,0.62
78726,Hail,125,22.76,4.0,0.814,74.106
78726,Flash Flood,40,7.28,6.0,0.818,35.746
78726,Thunderstorm Wind,46,8.38,5.0,0.837,35.052
78726,Winter Storm,9,1.64,7.0,1.314,15.073
78726,Drought,36,6.55,1.5,1.158,11.386
78726,Extreme Cold/Wind Chill,4,0.73,6.5,2.115,10.013
78726,Winter Weather,6,1.09,5.0,1.266,6.915
78726,Excessive Heat,6,1.09,5.5,0.979,5.882
78726,Tornado,3,0.55,8.83,0.92,4.439
78726,Cold/Wind Chill,3,0.55,4.0,1.581,3.454
78726,Flood,3,0.55,4.5,0.71,1.745
78726,High Wind,1,0.18,6.0,0.954,1.042
78726,Strong Wind,1,0.18,4.0,0.957,0.697
78726,Lightning,2,0.36,2.5,0.681,0.62
78727,Hail,125,22.76,4.0,0.814,74.106
78727,Flash Flood,40,7.28,6.0,0.818,35.746
78727,Thunderstorm Wind,46,8.38,5.0,0.837,35.052
78727,Winter Storm,9,1.64,7.0,1.314,15.073
78727,Drought,36,6.55,1.5,1.158,11.386
78727,Extreme Cold/Wind Chill,4,0.73,6.5,2.115,10.013
78727,Winter Weather,6,1.09,5.0,1.266,6.915
78727,Excessive Heat,6,1.09,5.5,0.979,5.882
78727,Tornado,3,0.55,8.83,0.92,4.439
78727,Cold/Wind Chill,3,0.55,4.0,1.581,3.454
78727,Flood,3,0.55,4.5,0.71,1.745
78727,High Wind,1,0.18,6.0,0.954,1.042
78727,Strong Wind,1,0.18,4.0,0.957,0.697
78727,Lightning,2,0.36,2.5,0.681,0.62
78728,Hail,125,22.76,4.0,0.814,74.106
78728,Flash Flood,40,7.28,6.0,0.818,35.746
78728,Thunderstorm Wind,46,8.38,5.0,0.837,35.052
78728,Winter Storm,9,1.64,7.0,1.314,15.073
78728,Drought,36,6.55,1.5,1.158,11.386
78728,Extreme Cold/Wind Chill,4,0.73,6.5,2.115,10.013
78728,Winter Weather,6,1.09,5.0,1.266,6.915
78728,Excessive Heat,6,1.09,5.5,0.979,5.882
78728,Tornado,3,0.55,8.83,0.92,4.439
78728,Cold/Wind Chill,3,0.55,4.0,1.581,3.454
78728,Flood,3,0.55,4.5,0.71,1.745
78728,High Wind,1,0.18,6.0,0.954,1.042
78728,Strong Wind,1,0.18,4.0,0.957,0.697
78728,Lightning,2,0.36,2.5,0.681,0.62
78729,Hail,172,31.32,4.0,0.814,101.97
78729,Flash Flood,24,4.37,6.0,0.818,21.447
78729,Thunderstorm Wind,27,4.92,5.0,0.837,20.574
78729,Winter Storm,9,1.64,7.0,1.314,15.073
78729,Drought,33,6.01,1.5,1.158,10.437
78729,Extreme Cold/Wind Chill,4,0.73,6.5,2.115,10.013
78729,Winter Weather,6,1.09,5.0,1.266,6.915
78729,Tornado,4,0.73,9.12,0.92,6.114
78729,Excessive Heat,4,0.73,5.5,0.979,3.922
78729,Cold/Wind Chill,3,0.55,4.0,1.581,3.454
78729,Wildfire,3,0.55,4.5,1.192,2.93
78729,Funnel Cloud,1,0.18,3.5,0.688,0.438
78730,Hail,125,22.76,4.0,0.814,74.106
78730,Flash Flood,40,7.28,6.0,0.818,35.746
78730,Thunderstorm Wind,46,8.38,5.0,0.837,35.052
78730,Winter Storm,9,1.64,7.0,1.314,15.073
78730,Drought,36,6.55,1.5,1.158,11.386
78730,Extreme Cold/Wind Chill,4,0.73,6.5,2.115,10.013
78730,Winter Weather,6,1.09,5.0,1.266,6.915
78730,Excessive Heat,6,1.09,5.5,0.979,5.882
78730,Tornado,3,0.55,8.83,0.92,4.439
78730,Cold/Wind Chill,3,0.55,4.0,1.581,3.454
78730,Flood,3,0.55,4.5,0.71,1.745
78730,High Wind,1,0.18,6.0,0.954,1.042
78730,Strong Wind,1,0.18,4.0,0.957,0.697
78730,Lightning,2,0.36,2.5,0.681,0.62
78731,Hail,125,22.76,4.0,0.814,74.106
78731,Flash Flood,40,7.28,6.0,0.818,35.746
78731,Thunderstorm Wind,46,8.38,5.0,0.837,35.052
78731,Winter Storm,9,1.64,7.0,1.314,15.073
78731,Drought,36,6.55,1.5,1.158,11.386
78731,Extreme Cold/Wind Chill,4,0.73,6.5,2.115,10.013
78731,Winter Weather,6,1.09,5.0,1.266,6.915
78731,Excessive Heat,6,1.09,5.5,0.979,5.882
78731,Tornado,3,0.55,8.83,0.92,4.439
78731,Cold/Wind Chill,3,0.55,4.0,1.581,3.454
78731,Flood,3,0.55,4.5,0.71,1.745
78731,High Wind,1,0.18,6.0,0.954,1.042
78731,Strong Wind,1,0.18,4.0,0.957,0.697
78731,Lightning,2,0.36,2.5,0.681,0.62
78732,Hail,125,22.76,4.0,0.814,74.106
78732,Flash Flood,40,7.28,6.0,0.818,35.746
78732,Thunderstorm Wind,46,8.38,5.0,0.837,35.052
78732,Winter Storm,9,1.64,7.0,1.314,15.073
78732,Drought,36,6.55,1.5,1.158,11.386
78732,Extreme Cold/Wind Chill,4,0.73,6.5,2.115,10.013
78732,Winter Weather,6,1.09,5.0,1.266,6.915
78732,Excessive Heat,6,1.09,5.5,0.979,5.882
78732,Tornado,3,0.55,8.83,0.92,4.439
78732,Cold/Wind Chill,3,0.55,4.0,1.581,3.454
78732,Flood,3,0.55,4.5,0.71,1.745
78732,High Wind,1,0.18,6.0,0.954,1.042
78732,Strong Wind,1,0.18,4.0,0.957,0.697
78732,Lightning,2,0.36,2.5,0.681,0.62
78733,Hail,125,22.76,4.0,0.814,74.106
78733,Flash Flood,40,7.28,6.0,0.818,35.746
78733,Thunderstorm Wind,46,8.38,5.0,0.837,35.052
78733,Winter Storm,9,1.64,7.0,1.314,15.073
78733,Drought,36,6.55,1.5,1.158,11.386
78733,Extreme Cold/Wind Chill,4,0.73,6.5,2.115,10.013
78733,Winter Weather,6,1.09,5.0,1.266,6.915
78733,Excessive Heat,6,1.09,5.5,0.979,5.882
78733,Tornado,3,0.55,8.83,0.92,4.439
78733,Cold/Wind Chill,3,0.55,4.0,1.581,3.454
78733,Flood,3,0.55,4.5,0.71,1.745
78733,High Wind,1,0.18,6.0,0.954,1.042
78733,Strong Wind,1,0.18,4.0,0.957,0.697
78733,Lightning,2,0.36,2.5,0.681,0.62
78734,Hail,125,22.76,4.0,0.814,74.106
78734,Flash Flood,40,7.28,6.0,0.818,35.746
78734,Thunderstorm Wind,46,8.38,5.0,0.837,35.052
78734,Winter Storm,9,1.64,7.0,1.314,15.073
78734,Drought,36,6.55,1.5,1.158,11.386
78734,Extreme Cold/Wind Chill,4,0.73,6.5,2.115,10.013
78734,Winter Weather,6,1.09,5.0,1.266,6.915
78734,Excessive Heat,6,1.09,5.5,0.979,5.882
78734,Tornado,3,0.55,8.83,0.92,4.439
78734,Cold/Wind Chill,3,0.55,4.0,1.581,3.454
78734,Flood,3,0.55,4.5,0.71,1.745
78734,High Wind,1,0.18,6.0,0.954,1.042
78734,Strong Wind,1,0.18,4.0,0.957,0.697
78734,Lightning,2,0.36,2.5,0.681,0.62
78735,Hail,125,22.76,4.0,0.814,74.106
78735,Flash Flood,40,7.28,6.0,0.818,35.746
78735,Thunderstorm Wind,46,8.38,5.0,0.837,35.052
78735,Winter Storm,9,1.64,7.0,1.314,15.073
78735,Drought,36,6.55,1.5,1.158,11.386
78735,Extreme Cold/Wind Chill,4,0.73,6.5,2.115,10.013
78735,Winter Weather,6,1.09,5.0,1.266,6.915
78735,Excessive Heat,6,1.09,5.5,0.979,5.882
78735,Tornado,3,0.55,8.83,0.92,4.439
78735,Cold/Wind Chill,3,0.55,4.0,1.581,3.454
78735,Flood,3,0.55,4.5,0.71,1.745
78735,High Wind,1,0.18,6.0,0.954,1.042
78735,Strong Wind,1,0.18,4.0,0.957,0.697
78735,Lightning,2,0.36,2.5,0.681,0.62
78736,Hail,125,22.76,4.0,0.814,74.106
78736,Flash Flood,40,7.28,6.0,0.818,35.746
78736,Thunderstorm Wind,46,8.38,5.0,0.837,35.052
78736,Winter Storm,9,1.64,7.0,1.314,15.073
78736,Drought,36,6.55,1.5,1.158,11.386
78736,Extreme Cold/Wind Chill,4,0.73,6.5,2.115,10.013
78736,Winter Weather,6,1.09,5.0,1.266,6.915
78736,Excessive Heat,6,1.09,5.5,0.979,5.882
78736,Tornado,3,0.55,8.83,0.92,4.439
78736,Cold/Wind Chill,3,0.55,4.0,1.581,3.454
78736,Flood,3,0.55,4.5,0.71,1.745
78736,High Wind,1,0.18,6.0,0.954,1.042
78736,Strong Wind,1,0.18,4.0,0.957,0.697
78736,Lightning,2,0.36,2.5,0.681,0.62
78737,Hail,41,7.47,4.0,0.814,24.307
78737,Thunderstorm Wind,26,4.73,5.0,0.837,19.812
78737,Flash Flood,16,2.91,6.0,0.818,14.298
78737,Winter Storm,8,1.46,7.0,1.314,13.398
78737,Drought,42,7.65,1.5,1.158,13.283
78737,Excessive Heat,6,1.09,5.5,0.979,5.882
78737,Extreme Cold/Wind Chill,2,0.36,6.5,2.115,5.006
78737,Winter Weather,4,0.73,5.0,1.266,4.61
78737,Cold/Wind Chill,3,0.55,4.0,1.581,3.454
78737,Wildfire,3,0.55,4.5,1.192,2.93
78737,Tornado,2,0.36,8.5,0.92,2.848
78737,Ice Storm,1,0.18,8.5,1.528,2.365
78738,Hail,125,22.76,4.0,0.814,74.106
78738,Flash Flood,40,7.28,6.0,0.818,35.746
78738,Thunderstorm Wind,46,8.38,5.0,0.837,35.052
78738,Winter Storm,9,1.64,7.0,1.314,15.073
78738,Drought,36,6.55,1.5,1.158,11.386
78738,Extreme Cold/Wind Chill,4,0.73,6.5,2.115,10.013
78738,Winter Weather,6,1.09,5.0,1.266,6.915
78738,Excessive Heat,6,1.09,5.5,0.979,5.882
78738,Tornado,3,0.55,8.83,0.92,4.439
78738,Cold/Wind Chill,3,0.55,4.0,1.581,3.454
78738,Flood,3,0.55,4.5,0.71,1.745
78738,High Wind,1,0.18,6.0,0.954,1.042
78738,Strong Wind,1,0.18,4.0,0.957,0.697
78738,Lightning,2,0.36,2.5,0.681,0.62
78739,Hail,125,22.76,4.0,0.814,74.106
78739,Flash Flood,40,7.28,6.0,0.818,35.746
78739,Thunderstorm Wind,46,8.38,5.0,0.837,35.052
78739,Winter Storm,9,1.64,7.0,1.314,15.073
78739,Drought,36,6.55,1.5,1.158,11.386
78739,Extreme Cold/Wind Chill,4,0.73,6.5,2.115,10.013
78739,Winter Weather,6,1.09,5.0,1.266,6.915
78739,Excessive Heat,6,1.09,5.5,0.979,5.882
78739,Tornado,3,0.55,8.83,0.92,4.439
78739,Cold/Wind Chill,3,0.55,4.0,1.581,3.454
78739,Flood,3,0.55,4.5,0.71,1.745
78739,High Wind,1,0.18,6.0,0.954,1.042
78739,Strong Wind,1,0.18,4.0,0.957,0.697
78739,Lightning,2,0.36,2.5,0.681,0.62
78741,Hail,125,22.76,4.0,0.814,74.106
78741,Flash Flood,40,7.28,6.0,0.818,35.746
78741,Thunderstorm Wind,46,8.38,5.0,0.837,35.052
78741,Winter Storm,9,1.64,7.0,1.314,15.073
78741,Drought,36,6.55,1.5,1.158,11.386
78741,Extreme Cold/Wind Chill,4,0.73,6.5,2.115,10.013
78741,Winter Weather,6,1.09,5.0,1.266,6.915
78741,Excessive Heat,6,1.09,5.5,0.979,5.882
78741,Tornado,3,0.55,8.83,0.92,4.439
78741,Cold/Wind Chill,3,0.55,4.0,1.581,3.454
78741,Flood,3,0.55,4.5,0.71,1.745
78741,High Wind,1,0.18,6.0,0.954,1.042
78741,Strong Wind,1,0.18,4.0,0.957,0.697
78741,Lightning,2,0.36,2.5,0.681,0.62
78742,Hail,125,22.76,4.0,0.814,74.106
78742,Flash Flood,40,7.28,6.0,0.818,35.746
78742,Thunderstorm Wind,46,8.38,5.0,0.837,35.052
78742,Winter Storm,9,1.64,7.0,1.314,15.073
78742,Drought,36,6.55,1.5,1.158,11.386
78742,Extreme Cold/Wind Chill,4,0.73,6.5,2.115,10.013
78742,Winter Weather,6,1.09,5.0,1.266,6.915
78742,Excessive Heat,6,1.09,5.5,0.979,5.882
78742,Tornado,3,0.55,8.83,0.92,4.439
78742,Cold/Wind Chill,3,0.55,4.0,1.581,3.454
78742,Flood,3,0.55,4.5,0.71,1.745
78742,High Wind,1,0.18,6.0,0.954,1.042
78742,Strong Wind,1,0.18,4.0,0.957,0.697
78742,Lightning,2,0.36,2.5,0.681,0.62
78743,Hail,125,22.76,4.0,0.814,74.106
78743,Flash Flood,40,7.28,6.0,0.818,35.746
78743,Thunderstorm Wind,46,8.38,5.0,0.837,35.052
78743,Winter Storm,9,1.64,7.0,1.314,15.073
78743,Drought,36,6.55,1.5,1.158,11.386
78743,Extreme Cold/Wind Chill,4,0.73,6.5,2.115,10.013
78743,Winter Weather,6,1.09,5.0,1.266,6.915
78743,Excessive Heat,6,1.09,5.5,0.979,5.882
78743,Tornado,3,0.55,8.83,0.92,4.439
78743,Cold/Wind Chill,3,0.55,4.0,1.581,3.454
78743,Flood,3,0.55,4.5,0.71,1.745
78743,High Wind,1,0.18,6.0,0.954,1.042
78743,Strong Wind,1,0.18,4.0,0.957,0.697
78743,Lightning,2,0.36,2.5,0.681,0.62
78744,Hail,125,22.76,4.0,0.814,74.106
78744,Flash Flood,40,7.28,6.0,0.818,35.746
78744,Thunderstorm Wind,46,8.38,5.0,0.837,35.052
78744,Winter Storm,9,1.64,7.0,1.314,15.073
78744,Drought,36,6.55,1.5,1.158,11.386
78744,Extreme Cold/Wind Chill,4,0.73,6.5,2.115,10.013
78744,Winter Weather,6,1.09,5.0,1.266,6.915
78744,Excessive Heat,6,1.09,5.5,0.979,5.882
78744,Tornado,3,0.55,8.83,0.92,4.439
78744,Cold/Wind Chill,3,0.55,4.0,1.581,3.454
78744,Flood,3,0.55,4.5,0.71,1.745
78744,High Wind,1,0.18,6.0,0.954,1.042
78744,Strong Wind,1,0.18,4.0,0.957,0.697
78744,Lightning,2,0.36,2.5,0.681,0.62
78745,Hail,125,22.76,4.0,0.814,74.106
78745,Flash Flood,40,7.28,6.0,0.818,35.746
78745,Thunderstorm Wind,46,8.38,5.0,0.837,35.052
78745,Winter Storm,9,1.64,7.0,1.314,15.073
78745,Drought,36,6.55,1.5,1.158,11.386
78745,Extreme Cold/Wind Chill,4,0.73,6.5,2.115,10.013
78745,Winter Weather,6,1.09,5.0,1.266,6.915
78745,Excessive Heat,6,1.09,5.5,0.979,5.882
78745,Tornado,3,0.55,8.83,0.92,4.439
78745,Cold/Wind Chill,3,0.55,4.0,1.581,3.454
78745,Flood,3,0.55,4.5,0.71,1.745
78745,High Wind,1,0.18,6.0,0.954,1.042
78745,Strong Wind,1,0.18,4.0,0.957,0.697
78745,Lightning,2,0.36,2.5,0.681,0.62
78746,Hail,125,22.76,4.0,0.814,74.106
78746,Flash Flood,40,7.28,6.0,0.818,35.746
78746,Thunderstorm Wind,46,8.38,5.0,0.837,35.052
78746,Winter Storm,9,1.64,7.0,1.314,15.073
78746,Drought,36,6.55,1.5,1.158,11.386
78746,Extreme Cold/Wind Chill,4,0.73,6.5,2.115,10.013
78746,Winter Weather,6,1.09,5.0,1.266,6.915
78746,Excessive Heat,6,1.09,5.5,0.979,5.882
78746,Tornado,3,0.55,8.83,0.92,4.439
78746,Cold/Wind Chill,3,0.55,4.0,1.581,3.454
78746,Flood,3,0.55,4.5,0.71,1.745
78746,High Wind,1,0.18,6.0,0.954,1.042
78746,Strong Wind,1,0.18,4.0,0.957,0.697
78746,Lightning,2,0.36,2.5,0.681,0.62
78747,Hail,125,22.76,4.0,0.814,74.106
78747,Flash Flood,40,7.28,6.0,0.818,35.746
78747,Thunderstorm Wind,46,8.38,5.0,0.837,35.052
78747,Winter Storm,9,1.64,7.0,1.314,15.073
78747,Drought,36,6.55,1.5,1.158,11.386
78747,Extreme Cold/Wind Chill,4,0.73,6.5,2.115,10.013
78747,Winter Weather,6,1.09,5.0,1.266,6.915
78747,Excessive Heat,6,1.09,5.5,0.979,5.882
78747,Tornado,3,0.55,8.83,0.92,4.439
78747,Cold/Wind Chill,3,0.55,4.0,1.581,3.454
78747,Flood,3,0.55,4.5,0.71,1.745
78747,High Wind,1,0.18,6.0,0.954,1.042
78747,Strong Wind,1,0.18,4.0,0.957,0.697
78747,Lightning,2,0.36,2.5,0.681,0.62
78748,Hail,125,22.76,4.0,0.814,74.106
78748,Flash Flood,40,7.28,6.0,0.818,35.746
78748,Thunderstorm Wind,46,8.38,5.0,0.837,35.052
78748,Winter Storm,9,1.64,7.0,1.314,15.073
78748,Drought,36,6.55,1.5,1.158,11.386
78748,Extreme Cold/Wind Chill,4,0.73,6.5,2.115,10.013
78748,Winter Weather,6,1.09,5.0,1.266,6.915
78748,Excessive Heat,6,1.09,5.5,0.979,5.882
78748,Tornado,3,0.55,8.83,0.92,4.439
78748,Cold/Wind Chill,3,0.55,4.0,1.581,3.454
78748,Flood,3,0.55,4.5,0.71,1.745
78748,High Wind,1,0.18,6.0,0.954,1.042
78748,Strong Wind,1,0.18,4.0,0.957,0.697
78748,Lightning,2,0.36,2.5,0.681,0.62
78749,Hail,125,22.76,4.0,0.814,74.106
78749,Flash Flood,40,7.28,6.0,0.818,35.746
78749,Thunderstorm Wind,46,8.38,5.0,0.837,35.052
78749,Winter Storm,9,1.64,7.0,1.314,15.073
78749,Drought,36,6.55,1.5,1.158,11.386
78749,Extreme Cold/Wind Chill,4,0.73,6.5,2.115,10.013
78749,Winter Weather,6,1.09,5.0,1.266,6.915
78749,Excessive Heat,6,1.09,5.5,0.979,5.882
78749,Tornado,3,0.55,8.83,0.92,4.439
78749,Cold/Wind Chill,3,0.55,4.0,1.581,3.454
78749,Flood,3,0.55,4.5,0.71,1.745
78749,High Wind,1,0.18,6.0,0.954,1.042
78749,Strong Wind,1,0.18,4.0,0.957,0.697
78749,Lightning,2,0.36,2.5,0.681,0.62
78750,Hail,125,22.76,4.0,0.814,74.106
78750,Flash Flood,40,7.28,6.0,0.818,35.746
78750,Thunderstorm Wind,46,8.38,5.0,0.837,35.052
78750,Winter Storm,9,1.64,7.0,1.314,15.073
78750,Drought,36,6.55,1.5,1.158,11.386
78750,Extreme Cold/Wind Chill,4,0.73,6.5,2.115,10.013
78750,Winter Weather,6,1.09,5.0,1.266,6.915
78750,Excessive Heat,6,1.09,5.5,0.979,5.882
78750,Tornado,3,0.55,8.83,0.92,4.439
78750,Cold/Wind Chill,3,0.55,4.0,1.581,3.454
78750,Flood,3,0.55,4.5,0.71,1.745
78750,High Wind,1,0.18,6.0,0.954,1.042
78750,Strong Wind,1,0.18,4.0,0.957,0.697
78750,Lightning,2,0.36,2.5,0.681,0.62
78751,Hail,125,22.76,4.0,0.814,74.106
78751,Flash Flood,40,7.28,6.0,0.818,35.746
78751,Thunderstorm Wind,46,8.38,5.0,0.837,35.052
78751,Winter Storm,9,1.64,7.0,1.314,15.073
78751,Drought,36,6.55,1.5,1.158,11.386
78751,Extreme Cold/Wind Chill,4,0.73,6.5,2.115,10.013
78751,Winter Weather,6,1.09,5.0,1.266,6.915
78751,Excessive Heat,6,1.09,5.5,0.979,5.882
78751,Tornado,3,0.55,8.83,0.92,4.439
78751,Cold/Wind Chill,3,0.55,4.0,1.581,3.454
78751,Flood,3,0.55,4.5,0.71,1.745
78751,High Wind,1,0.18,6.0,0.954,1.042
78751,Strong Wind,1,0.18,4.0,0.957,0.697
78751,Lightning,2,0.36,2.5,0.681,0.62
78752,Hail,125,22.76,4.0,0.814,74.106
78752,Flash Flood,40,7.28,6.0,0.818,35.746
78752,Thunderstorm Wind,46,8.38,5.0,0.837,35.052
78752,Winter Storm,9,1.64,7.0,1.314,15.073
78752,Drought,36,6.55,1.5,1.158,11.386
78752,Extreme Cold/Wind Chill,4,0.73,6.5,2.115,10.013
78752,Winter Weather,6,1.09,5.0,1.266,6.915
78752,Excessive Heat,6,1.09,5.5,0.979,5.882
78752,Tornado,3,0.55,8.83,0.92,4.439
78752,Cold/Wind Chill,3,0.55,4.0,1.581,3.454
78752,Flood,3,0.55,4.5,0.71,1.745
78752,High Wind,1,0.18,6.0,0.954,1.042
78752,Strong Wind,1,0.18,4.0,0.957,0.697
78752,Lightning,2,0.36,2.5,0.681,0.62
78753,Hail,125,22.76,4.0,0.814,74.106
78753,Flash Flood,40,7.28,6.0,0.818,35.746
78753,Thunderstorm Wind,46,8.38,5.0,0.837,35.052
78753,Winter Storm,9,1.64,7.0,1.314,15.073
78753,Drought,36,6.55,1.5,1.158,11.386
78753,Extreme Cold/Wind Chill,4,0.73,6.5,2.115,10.013
78753,Winter Weather,6,1.09,5.0,1.266,6.915
78753,Excessive Heat,6,1.09,5.5,0.979,5.882
78753,Tornado,3,0.55,8.83,0.92,4.439
78753,Cold/Wind Chill,3,0.55,4.0,1.581,3.454
78753,Flood,3,0.55,4.5,0.71,1.745
78753,High Wind,1,0.18,6.0,0.954,1.042
78753,Strong Wind,1,0.18,4.0,0.957,0.697
78753,Lightning,2,0.36,2.5,0.681,0.62
78754,Hail,125,22.76,4.0,0.814,74.106
78754,Flash Flood,40,7.28,6.0,0.818,35.746
78754,Thunderstorm Wind,46,8.38,5.0,0.837,35.052
78754,Winter Storm,9,1.64,7.0,1.314,15.073
78754,Drought,36,6.55,1.5,1.158,11.386
78754,Extreme Cold/Wind Chill,4,0.73,6.5,2.115,10.013
78754,Winter Weather,6,1.09,5.0,1.266,6.915
78754,Excessive Heat,6,1.09,5.5,0.979,5.882
78754,Tornado,3,0.55,8.83,0.92,4.439
78754,Cold/Wind Chill,3,0.55,4.0,1.581,3.454
78754,Flood,3,0.55,4.5,0.71,1.745
78754,High Wind,1,0.18,6.0,0.954,1.042
78754,Strong Wind,1,0.18,4.0,0.957,0.697
78754,Lightning,2,0.36,2.5,0.681,0.62
78756,Hail,125,22.76,4.0,0.814,74.106
78756,Flash Flood,40,7.28,6.0,0.818,35.746
78756,Thunderstorm Wind,46,8.38,5.0,0.837,35.052
78756,Winter Storm,9,1.64,7.0,1.314,15.073
78756,Drought,36,6.55,1.5,1.158,11.386
78756,Extreme Cold/Wind Chill,4,0.73,6.5,2.115,10.013
78756,Winter Weather,6,1.09,5.0,1.266,6.915
78756,Excessive Heat,6,1.09,5.5,0.979,5.882
78756,Tornado,3,0.55,8.83,0.92,4.439
78756,Cold/Wind Chill,3,0.55,4.0,1.581,3.454
78756,Flood,3,0.55,4.5,0.71,1.745
78756,High Wind,1,0.18,6.0,0.954,1.042
78756,Strong Wind,1,0.18,4.0,0.957,0.697
78756,Lightning,2,0.36,2.5,0.681,0.62
78757,Hail,125,22.76,4.0,0.814,74.106
78757,Flash Flood,40,7.28,6.0,0.818,35.746
78757,Thunderstorm Wind,46,8.38,5.0,0.837,35.052
78757,Winter Storm,9,1.64,7.0,1.314,15.073
78757,Drought,36,6.55,1.5,1.158,11.386
78757,Extreme Cold/Wind Chill,4,0.73,6.5,2.115,10.013
78757,Winter Weather,6,1.09,5.0,1.266,6.915
78757,Excessive Heat,6,1.09,5.5,0.979,5.882
78757,Tornado,3,0.55,8.83,0.92,4.439
78757,Cold/Wind Chill,3,0.55,4.0,1.581,3.454
78757,Flood,3,0.55,4.5,0.71,1.745
78757,High Wind,1,0.18,6.0,0.954,1.042
78757,Strong Wind,1,0.18,4.0,0.957,0.697
78757,Lightning,2,0.36,2.5,0.681,0.62
78758,Hail,125,22.76,4.0,0.814,74.106
78758,Flash Flood,40,7.28,6.0,0.818,35.746
78758,Thunderstorm Wind,46,8.38,5.0,0.837,35.052
78758,Winter Storm,9,1.64,7.0,1.314,15.073
78758,Drought,36,6.55,1.5,1.158,11.386
78758,Extreme Cold/Wind Chill,4,0.73,6.5,2.115,10.013
78758,Winter Weather,6,1.09,5.0,1.266,6.915
78758,Excessive Heat,6,1.09,5.5,0.979,5.882
78758,Tornado,3,0.55,8.83,0.92,4.439
78758,Cold/Wind Chill,3,0.55,4.0,1.581,3.454
78758,Flood,3,0.55,4.5,0.71,1.745
78758,High Wind,1,0.18,6.0,0.954,1.042
78758,Strong Wind,1,0.18,4.0,0.957,0.697
78758,Lightning,2,0.36,2.5,0.681,0.62
78759,Hail,125,22.76,4.0,0.814,74.106
78759,Flash Flood,40,7.28,6.0,0.818,35.746
78759,Thunderstorm Wind,46,8.38,5.0,0.837,35.052
78759,Winter Storm,9,1.64,7.0,1.314,15.073
78759,Drought,36,6.55,1.5,1.158,11.386
78759,Extreme Cold/Wind Chill,4,0.73,6.5,2.115,10.013
78759,Winter Weather,6,1.09,5.0,1.266,6.915
78759,Excessive Heat,6,1.09,5.5,0.979,5.882
78759,Tornado,3,0.55,8.83,0.92,4.439
78759,Cold/Wind Chill,3,0.55,4.0,1.581,3.454
78759,Flood,3,0.55,4.5,0.71,1.745
78759,High Wind,1,0.18,6.0,0.954,1.042
78759,Strong Wind,1,0.18,4.0,0.957,0.697
78759,Lightning,2,0.36,2.5,0.681,0.62
78760,Hail,125,22.76,4.0,0.814,74.106
78760,Flash Flood,40,7.28,6.0,0.818,35.746
78760,Thunderstorm Wind,46,8.38,5.0,0.837,35.052
78760,Winter Storm,9,1.64,7.0,1.314,15.073
78760,Drought,36,6.55,1.5,1.158,11.386
78760,Extreme Cold/Wind Chill,4,0.73,6.5,2.115,10.013
78760,Winter Weather,6,1.09,5.0,1.266,6.915
78760,Excessive Heat,6,1.09,5.5,0.979,5.882
78760,Tornado,3,0.55,8.83,0.92,4.439
78760,Cold/Wind Chill,3,0.55,4.0,1.581,3.454
78760,Flood,3,0.55,4.5,0.71,1.745
78760,High Wind,1,0.18,6.0,0.954,1.042
78760,Strong Wind,1,0.18,4.0,0.957,0.697
78760,Lightning,2,0.36,2.5,0.681,0.62
78761,Hail,125,22.76,4.0,0.814,74.106
78761,Flash Flood,40,7.28,6.0,0.818,35.746
78761,Thunderstorm Wind,46,8.38,5.0,0.837,35.052
78761,Winter Storm,9,1.64,7.0,1.314,15.073
78761,Drought,36,6.55,1.5,1.158,11.386
78761,Extreme Cold/Wind Chill,4,0.73,6.5,2.115,10.013
78761,Winter Weather,6,1.09,5.0,1.266,6.915
78761,Excessive Heat,6,1.09,5.5,0.979,5.882
78761,Tornado,3,0.55,8.83,0.92,4.439
78761,Cold/Wind Chill,3,0.55,4.0,1.581,3.454
78761,Flood,3,0.55,4.5,0.71,1.745
78761,High Wind,1,0.18,6.0,0.954,1.042
78761,Strong Wind,1,0.18,4.0,0.957,0.697
78761,Lightning,2,0.36,2.5,0.681,0.62
78762,Hail,125,22.76,4.0,0.814,74.106
78762,Flash Flood,40,7.28,6.0,0.818,35.746
78762,Thunderstorm Wind,46,8.38,5.0,0.837,35.052
78762,Winter Storm,9,1.64,7.0,1.314,15.073
78762,Drought,36,6.55,1.5,1.158,11.386
78762,Extreme Cold/Wind Chill,4,0.73,6.5,2.115,10.013
78762,Winter Weather,6,1.09,5.0,1.266,6.915
78762,Excessive Heat,6,1.09,5.5,0.979,5.882
78762,Tornado,3,0.55,8.83,0.92,4.439
78762,Cold/Wind Chill,3,0.55,4.0,1.581,3.454
78762,Flood,3,0.55,4.5,0.71,1.745
78762,High Wind,1,0.18,6.0,0.954,1.042
78762,Strong Wind,1,0.18,4.0,0.957,0.697
78762,Lightning,2,0.36,2.5,0.681,0.62
78763,Hail,125,22.76,4.0,0.814,74.106
78763,Flash Flood,40,7.28,6.0,0.818,35.746
78763,Thunderstorm Wind,46,8.38,5.0,0.837,35.052
78763,Winter Storm,9,1.64,7.0,1.314,15.073
78763,Drought,36,6.55,1.5,1.158,11.386
78763,Extreme Cold/Wind Chill,4,0.73,6.5,2.115,10.013
78763,Winter Weather,6,1.09,5.0,1.266,6.915
78763,Excessive Heat,6,1.09,5.5,0.979,5.882
78763,Tornado,3,0.55,8.83,0.92,4.439
78763,Cold/Wind Chill,3,0.55,4.0,1.581,3.454
78763,Flood,3,0.55,4.5,0.71,1.745
78763,High Wind,1,0.18,6.0,0.954,1.042
78763,Strong Wind,1,0.18,4.0,0.957,0.697
78763,Lightning,2,0.36,2.5,0.681,0.62
78764,Hail,125,22.76,4.0,0.814,74.106
78764,Flash Flood,40,7.28,6.0,0.818,35.746
78764,Thunderstorm Wind,46,8.38,5.0,0.837,35.052
78764,Winter Storm,9,1.64,7.0,1.314,15.073
78764,Drought,36,6.55,1.5,1.158,11.386
78764,Extreme Cold/Wind Chill,4,0.73,6.5,2.115,10.013
78764,Winter Weather,6,1.09,5.0,1.266,6.915
78764,Excessive Heat,6,1.09,5.5,0.979,5.882
78764,Tornado,3,0.55,8.83,0.92,4.439
78764,Cold/Wind Chill,3,0.55,4.0,1.581,3.454
78764,Flood,3,0.55,4.5,0.71,1.745
78764,High Wind,1,0.18,6.0,0.954,1.042
78764,Strong Wind,1,0.18,4.0,0.957,0.697
78764,Lightning,2,0.36,2.5,0.681,0.62
78765,Hail,125,22.76,4.0,0.814,74.106
78765,Flash Flood,40,7.28,6.0,0.818,35.746
78765,Thunderstorm Wind,46,8.38,5.0,0.837,35.052
78765,Winter Storm,9,1.64,7.0,1.314,15.073
78765,Drought,36,6.55,1.5,1.158,11.386
78765,Extreme Cold/Wind Chill,4,0.73,6.5,2.115,10.013
78765,Winter Weather,6,1.09,5.0,1.266,6.915
78765,Excessive Heat,6,1.09,5.5,0.979,5.882
78765,Tornado,3,0.55,8.83,0.92,4.439
78765,Cold/Wind Chill,3,0.55,4.0,1.581,3.454
78765,Flood,3,0.55,4.5,0.71,1.745
78765,High Wind,1,0.18,6.0,0.954,1.042
78765,Strong Wind,1,0.18,4.0,0.957,0.697
78765,Lightning,2,0.36,2.5,0.681,0.62
78766,Hail,125,22.76,4.0,0.814,74.106
78766,Flash Flood,40,7.28,6.0,0.818,35.746
78766,Thunderstorm Wind,46,8.38,5.0,0.837,35.052
78766,Winter Storm,9,1.64,7.0,1.314,15.073
78766,Drought,36,6.55,1.5,1.158,11.386
78766,Extreme Cold/Wind Chill,4,0.73,6.5,2.115,10.013
78766,Winter Weather,6,1.09,5.0,1.266,6.915
78766,Excessive Heat,6,1.09,5.5,0.979,5.882
78766,Tornado,3,0.55,8.83,0.92,4.439
78766,Cold/Wind Chill,3,0.55,4.0,1.581,3.454
78766,Flood,3,0.55,4.5,0.71,1.745
78766,High Wind,1,0.18,6.0,0.954,1.042
78766,Strong Wind,1,0.18,4.0,0.957,0.697
78766,Lightning,2,0.36,2.5,0.681,0.62
78767,Hail,125,22.76,4.0,0.814,74.106
78767,Flash Flood,40,7.28,6.0,0.818,35.746
78767,Thunderstorm Wind,46,8.38,5.0,0.837,35.052
78767,Winter Storm,9,1.64,7.0,1.314,15.073
78767,Drought,36,6.55,1.5,1.158,11.386
78767,Extreme Cold/Wind Chill,4,0.73,6.5,2.115,10.013
78767,Winter Weather,6,1.09,5.0,1.266,6.915
78767,Excessive Heat,6,1.09,5.5,0.979,5.882
78767,Tornado,3,0.55,8.83,0.92,4.439
78767,Cold/Wind Chill,3,0.55,4.0,1.581,3.454
78767,Flood,3,0.55,4.5,0.71,1.745
78767,High Wind,1,0.18,6.0,0.954,1.042
78767,Strong Wind,1,0.18,4.0,0.957,0.697
78767,Lightning,2,0.36,2.5,0.681,0.62
78768,Hail,125,22.76,4.0,0.814,74.106
78768,Flash Flood,40,7.28,6.0,0.818,35.746
78768,Thunderstorm Wind,46,8.38,5.0,0.837,35.052
78768,Winter Storm,9,1.64,7.0,1.314,15.073
78768,Drought,36,6.55,1.5,1.158,11.386
78768,Extreme Cold/Wind Chill,4,0.73,6.5,2.115,10.013
78768,Winter Weather,6,1.09,5.0,1.266,6.915
78768,Excessive Heat,6,1.09,5.5,0.979,5.882
78768,Tornado,3,0.55,8.83,0.92,4.439
78768,Cold/Wind Chill,3,0.55,4.0,1.581,3.454
78768,Flood,3,0.55,4.5,0.71,1.745
78768,High Wind,1,0.18,6.0,0.954,1.042
78768,Strong Wind,1,0.18,4.0,0.957,0.697
78768,Lightning,2,0.36,2.5,0.681,0.62
78769,Hail,125,22.76,4.0,0.814,74.106
78769,Flash Flood,40,7.28,6.0,0.818,35.746
78769,Thunderstorm Wind,46,8.38,5.0,0.837,35.052
78769,Winter Storm,9,1.64,7.0,1.314,15.073
78769,Drought,36,6.55,1.5,1.158,11.386
78769,Extreme Cold/Wind Chill,4,0.73,6.5,2.115,10.013
78769,Winter Weather,6,1.09,5.0,1.266,6.915
78769,Excessive Heat,6,1.09,5.5,0.979,5.882
78769,Tornado,3,0.55,8.83,0.92,4.439
78769,Cold/Wind Chill,3,0.55,4.0,1.581,3.454
78769,Flood,3,0.55,4.5,0.71,1.745
78769,High Wind,1,0.18,6.0,0.954,1.042
78769,Strong Wind,1,0.18,4.0,0.957,0.697
78769,Lightning,2,0.36,2.5,0.681,0.62
78770,Hail,125,22.76,4.0,0.814,74.106
78770,Flash Flood,40,7.28,6.0,0.818,35.746
78770,Thunderstorm Wind,46,8.38,5.0,0.837,35.052
78770,Winter Storm,9,1.64,7.0,1.314,15.073
78770,Drought,36,6.55,1.5,1.158,11.386
78770,Extreme Cold/Wind Chill,4,0.73,6.5,2.115,10.013
78770,Winter Weather,6,1.09,5.0,1.266,6.915
78770,Excessive Heat,6,1.09,5.5,0.979,5.882
78770,Tornado,3,0.55,8.83,0.92,4.439
78770,Cold/Wind Chill,3,0.55,4.0,1.581,3.454
78770,Flood,3,0.55,4.5,0.71,1.745
78770,High Wind,1,0.18,6.0,0.954,1.042
78770,Strong Wind,1,0.18,4.0,0.957,0.697
78770,Lightning,2,0.36,2.5,0.681,0.62
78771,Hail,125,22.76,4.0,0.814,74.106
78771,Flash Flood,40,7.28,6.0,0.818,35.746
78771,Thunderstorm Wind,46,8.38,5.0,0.837,35.052
78771,Winter Storm,9,1.64,7.0,1.314,15.073
78771,Drought,36,6.55,1.5,1.158,11.386
78771,Extreme Cold/Wind Chill,4,0.73,6.5,2.115,10.013
78771,Winter Weather,6,1.09,5.0,1.266,6.915
78771,Excessive Heat,6,1.09,5.5,0.979,5.882
78771,Tornado,3,0.55,8.83,0.92,4.439
78771,Cold/Wind Chill,3,0.55,4.0,1.581,3.454
78771,Flood,3,0.55,4.5,0.71,1.745
78771,High Wind,1,0.18,6.0,0.954,1.042
78771,Strong Wind,1,0.18,4.0,0.957,0.697
78771,Lightning,2,0.36,2.5,0.681,0.62
78772,Hail,125,22.76,4.0,0.814,74.106
78772,Flash Flood,40,7.28,6.0,0.818,35.746
78772,Thunderstorm Wind,46,8.38,5.0,0.837,35.052
78772,Winter Storm,9,1.64,7.0,1.314,15.073
78772,Drought,36,6.55,1.5,1.158,11.386
78772,Extreme Cold/Wind Chill,4,0.73,6.5,2.115,10.013
78772,Winter Weather,6,1.09,5.0,1.266,6.915
78772,Excessive Heat,6,1.09,5.5,0.979,5.882
78772,Tornado,3,0.55,8.83,0.92,4.439
78772,Cold/Wind Chill,3,0.55,4.0,1.581,3.454
78772,Flood,3,0.55,4.5,0.71,1.745
78772,High Wind,1,0.18,6.0,0.954,1.042
78772,Strong Wind,1,0.18,4.0,0.957,0.697
78772,Lightning,2,0.36,2.5,0.681,0.62
78773,Hail,125,22.76,4.0,0.814,74.106
78773,Flash Flood,40,7.28,6.0,0.818,35.746
78773,Thunderstorm Wind,46,8.38,5.0,0.837,35.052
78773,Winter Storm,9,1.64,7.0,1.314,15.073
78773,Drought,36,6.55,1.5,1.158,11.386
78773,Extreme Cold/Wind Chill,4,0.73,6.5,2.115,10.013
78773,Winter Weather,6,1.09,5.0,1.266,6.915
78773,Excessive Heat,6,1.09,5.5,0.979,5.882
78773,Tornado,3,0.55,8.83,0.92,4.439
78773,Cold/Wind Chill,3,0.55,4.0,1.581,3.454
78773,Flood,3,0.55,4.5,0.71,1.745
78773,High Wind,1,0.18,6.0,0.954,1.042
78773,Strong Wind,1,0.18,4.0,0.957,0.697
78773,Lightning,2,0.36,2.5,0.681,0.62
