utility,company,product,kwh500,kwh1000,kwh2000,rate_type,term_months,renewable_pct,prepaid,time_of_use,min_usage,fees_credits,cancel_fee,facts_url
AEP_CENTRAL,SFE ENERGY TEXAS INC,SFE RewardsPlus - 23,0.1250,0.1210,0.1200,Fixed,23,23,false,false,false,,175.00,https://empowerdocs.blob.core.windows.net/efldocuments/SFE_REWARDSPLUS_-_23_2516140473868709064_EFL_SFE%20Residential%20Fixed%20AEPC%2023English.pdf
AEP_CENTRAL,CIRRO ENERGY,Smart Simple 11,0.1310,0.1270,0.1260,Fixed,11,22,false,false,false,,95.00,https://www.cirroenergy.com/defl/M1F00193223040B.pdf
AEP_CENTRAL,Express Energy,Flash Value 12,0.1970,0.0690,0.1300,Fixed,12,3,false,false,true,A bill credit of $125 will be applied for each billing cycle in which usage is 1000 kWh or more.,20.00 per month remaining,https://shopping.myexpressenergy.com/PDFGenerator?formType=EnergyFactsLabel&comProdId=TCEXFLASHCC12IL&tdsp=AEPTCC&lang=en&custClass=Residential
AEP_CENTRAL,Veteran Energy,Basic 12,0.1160,0.1130,0.1110,Fixed,12,3,false,false,false,,20.00 per month remaining,https://shopping.veteranenergyusa.com/PDFGenerator?formType=EnergyFactsLabel&comProdId=TCVTBASICAC12AB&tdsp=AEPTCC&lang=en&custClass=Residential
AEP_CENTRAL,PRONTO POWER,Pronto Flex 30,0.1890,0.1860,0.1840,Variable,1,25,true,false,false,,0.00,https://pronto-gridlink.smartgridcis.net/Documents/Download.aspx?ProductDocumentID=844
AEP_CENTRAL,Discount Power,Saver 11,0.1300,0.1260,0.1250,Fixed,11,22,false,false,false,,95.00,https://www.discountpowertx.com/defl/M1F00193222842C.pdf
AEP_CENTRAL,Octopus Energy,Octo Simple 3,0.1050,0.1020,0.1000,Fixed,3,100,false,false,false,,150,https://octopusenergy.com/efl/OCTO-SIMPLE-3-AEP_TCC-LZ_SOUTH-202609212200
AEP_CENTRAL,SPARK ENERGY LLC,Sure Saver 12,0.1800,0.0770,0.1250,Fixed,12,37,false,false,true,"A $100 bill credit will be applied to each billing cycle in which usage is greater than 1,000 kWh.",100,https://signup.sparkenergy.com/getdocument/?getproductpdf=1&productid=154444&type=EFL_MSFCREDIT&title=154444_EFL_MSFCREDIT&language=english
AEP_CENTRAL,SMARTENERGY HOLDINGS LLC,SmartGreen 3,0.1050,0.0970,0.0930,Fixed,3,100,false,false,false,,0.00,https://texas.smartenergy.com/docs/efls/output/20260917_F_AEPC_SG3_M2001_2.pdf
AEP_CENTRAL,TRUE POWER,True Value 12,0.1140,0.1110,0.1090,Fixed,12,15,false,false,false,,300.00,https://gb008a8dbfa8724-worx4uv1.adb.us-ashburn-1.oraclecloudapps.com/ords/worx4u/admin/efls/5A84B13EDC860C4EE063E1FE000A6EE8/view
AEP_CENTRAL,Texans Choice Power LLC,Choose 6,0.1190,0.1160,0.1140,Fixed,6,37,false,false,false,,100,https://signup.texanschoicepower.com/getdocument/?getproductpdf=1&productid=153837&type=EFL&title=153837_EFL&language=english
AEP_CENTRAL,Think Energy,Think Clean 24 with Smart Thermostat Connected,0.1260,0.1270,0.1280,Fixed,24,100,false,false,false,,200.00,https://api.thinkenergy.onproton.io/enrollment/get_latest_document?lang=en&product_code=tx.thinkclean.noap.fixed.thermostat&tdsp_id=4&doc_type=EFL&term=24&promo_code=default
AEP_CENTRAL,CHARIOT ENERGY,GridPlus 12,0.1940,0.0650,0.1260,Fixed,12,100,false,false,true,"Receive credits on your bill when you use more electricity! A credit of $125 dollars will be applied to each monthly billing cycle when your consumption is equal to or greater than 1,000 kWh.",15 per remaining month,https://signup.chariotenergy.com//Home/EFl?productId=47961
AEP_CENTRAL,Atlantex Power,Luminous 9,0.1360,0.1330,0.1310,Fixed,10,23,false,false,false,,$20/month remaining,https://enroll.atlantexpower.com/EmailHTML/efl.aspx?RateID=11107&BrandID=3&PromoCodeID=115
AEP_CENTRAL,Atlantex Power,Luminous 36,0.1540,0.1510,0.1490,Fixed,36,23,false,false,false,,$20/month remaining,https://enroll.atlantexpower.com/EmailHTML/efl.aspx?RateID=3341&BrandID=3&PromoCodeID=115
AEP_CENTRAL,SFE ENERGY TEXAS INC,SFE RewardsPlus - 12,0.1220,0.1180,0.1170,Fixed,12,23,false,false,false,,175.00,https://empowerdocs.blob.core.windows.net/efldocuments/SFE_REWARDSPLUS_-_12_2516140473794021762_EFL_SFE%20Residential%20Fixed%20AEPC%2012English.pdf
AEP_CENTRAL,PRONTO POWER,Summer 2026,0.1600,0.1450,0.1380,Fixed,3,26,true,false,false,,50.00,https://pronto-gridlink.smartgridcis.net//Documents/Download.aspx?ProductDocumentID=1166
AEP_CENTRAL,RHYTHM,Rhythm Max Saver 24,0.1990,0.0750,0.1390,Fixed,24,100,false,false,true,Rhythm will automatically apply a $125 bill credit to your invoice for each billing cycle where usage is at least 1000 kWh.,20 / remaining month,https://api.gotrhythm.com/api/pricing/offers/latest-offers-efl/25539/?locale=en
AEP_CENTRAL,Energy Texas,The Lone Saver Plus 12,0.1960,0.0730,0.1360,Fixed,12,100,false,false,true,Energy Texas will automatically apply a $125 bill credit to your invoice for each billing cycle where usage is at least 1000 kWh.,20 / remaining month,https://api.energytexas.com/api/pricing/offers/latest-offers-efl/23936/?locale=en
AEP_CENTRAL,TXU ENERGY,Smart 1000 Select 12,0.2250,0.1050,0.1520,Fixed,12,3,false,false,true,"A bill credit of $100.00 will be applied for each billing cycle in which usage is 1000 kWh or more. A $25.00 summer bill credit will be applied for each billing cycle ending in July, August, and September in which usage is 1000 kWh or more.",150.00,https://residential.txu.com/Handlers/PDFGenerator.ashx?comProdId=TCXSMSL1KC12AB&lang=en&formType=EnergyFactsLabel&custClass=3&tdsp=AEPTCC
AEP_CENTRAL,Energy Texas,No Bull 36,0.1300,0.1310,0.1320,Fixed,36,100,false,false,false,,20 / remaining month,https://api.energytexas.com/api/pricing/offers/latest-offers-efl/12905/?locale=en
AEP_CENTRAL,Energy Texas,No Bull 24,0.1260,0.1270,0.1280,Fixed,24,100,false,false,false,,20 / remaining month,https://api.energytexas.com/api/pricing/offers/latest-offers-efl/18809/?locale=en
AEP_CENTRAL,Budget Power,No Gimmicks 12,0.1200,0.1160,0.1150,Fixed,12,24,false,false,false,,100.00,https://signup.budgetpowertx.com/Home/EFL?productId=35212
AEP_CENTRAL,Budget Power,No Gimmicks 18,0.1190,0.1150,0.1140,Fixed,18,24,false,false,false,,125.00,https://signup.budgetpowertx.com/Home/EFL?productId=35213
AEP_CENTRAL,Budget Power,No Gimmicks 24,0.1220,0.1180,0.1170,Fixed,24,24,false,false,false,,175.00,https://signup.budgetpowertx.com/Home/EFL?productId=35208&Promo=
AEP_CENTRAL,Budget Power,No Gimmicks 36,0.1240,0.1200,0.1190,Fixed,36,24,false,false,false,,250.00,https://signup.budgetpowertx.com/Home/EFL?productId=35209&Promo=
AEP_CENTRAL,RHYTHM,Digital Choice 12,0.1140,0.1150,0.1160,Fixed,12,100,false,false,false,,20 / remaining month,https://api.gotrhythm.com/api/pricing/offers/latest-offers-efl/16283/?locale=en
AEP_CENTRAL,SFE ENERGY TEXAS INC,SFE RewardsPlus - 5,0.1180,0.1140,0.1130,Fixed,5,23,false,false,false,,175.00,https://empowerdocs.blob.core.windows.net/efldocuments/SFE_REWARDSPLUS_-_5_2516140473912615198_EFL_SFE%20Residential%20Fixed%20AEPC%205English.pdf
AEP_CENTRAL,SFE ENERGY TEXAS INC,SFE RewardsPlus - 10,0.1190,0.1150,0.1140,Fixed,10,23,false,false,false,,175.00,https://empowerdocs.blob.core.windows.net/efldocuments/SFE_REWARDSPLUS_-_10_2516140473831990390_EFL_SFE%20Residential%20Fixed%20AEPC%2010English.pdf
AEP_CENTRAL,Octopus Energy,OctopusFlex,0.1430,0.1400,0.1380,Fixed,12,100,false,true,false,,150.00,https://octopusenergy.com/efl/OCTOPUS-FLEX-AEP_TCC-LZ_SOUTH-202609212200
AEP_CENTRAL,BKV Energy,Daisy 9,0.1250,0.1220,0.1200,Fixed,9,29,false,false,false,,20/remaining month.,https://enroll.bkvenergy.com/Home/EFL?productCode=RN00080063&promo=&term=9
AEP_CENTRAL,CHARIOT ENERGY,Bright Nights 8,0.1220,0.1090,0.1030,Fixed,8,100,false,true,false,,15 per remaining month,https://signup.chariotenergy.com//Home/EFl?productId=39892
AEP_CENTRAL,Energy Texas,No Bull 8,0.1010,0.1020,0.1030,Fixed,8,100,false,false,false,,20 / remaining month,https://api.energytexas.com/api/pricing/offers/latest-offers-efl/26220/?locale=en
AEP_CENTRAL,RHYTHM,Digital Choice 8,0.1010,0.1020,0.1030,Fixed,8,100,false,false,false,,20 / remaining month,https://api.gotrhythm.com/api/pricing/offers/latest-offers-efl/26148/?locale=en
AEP_CENTRAL,AE TEXAS,Smart Secure 9,0.1180,0.1150,0.1130,Fixed,10,23,false,false,false,,20/month remaining,https://enroll.aetexasco.com/EmailHTML/efl.aspx?RateID=11146&BrandID=1&PromoCodeID=114
AEP_CENTRAL,Octopus Energy,Octo Simple 9,0.1210,0.1180,0.1160,Fixed,9,100,false,false,false,,150.00,https://octopusenergy.com/efl/OCTO-SIMPLE-9-AEP_TCC-LZ_SOUTH-202609212200
AEP_CENTRAL,Octopus Energy LLC,Octo Simple 24,0.1450,0.1420,0.1400,Fixed,24,100,false,false,false,,250.00,https://octopusenergy.com/efl/OCTO-SIMPLE-24-AEP_TCC-LZ_SOUTH-202609212200
AEP_CENTRAL,Companion Energy,Companion + Perks 12,0.1160,0.1120,0.1110,Fixed,12,30,false,false,false,,150.00,https://eflviewer.companionenergy.com/eflviewer.aspx?lang=EN&prodcode=CEPERK12&tdspcode=AEP_CENT&ppid=195118&logid=84842&filename=AEP_CENT_CEPERK12_20260917_0000_84842
AEP_CENTRAL,RHYTHM,Digital Choice 24,0.1260,0.1270,0.1280,Fixed,24,100,false,false,false,,20 / remaining month,https://api.gotrhythm.com/api/pricing/offers/latest-offers-efl/18856/?locale=en
AEP_CENTRAL,RHYTHM,Digital Choice 36,0.1300,0.1310,0.1320,Fixed,36,100,false,false,false,,20 / remaining month,https://api.gotrhythm.com/api/pricing/offers/latest-offers-efl/18903/?locale=en
AEP_CENTRAL,SPARK ENERGY LLC,Choose 3,0.1020,0.0990,0.0970,Fixed,3,37,false,false,false,,100,https://www.sparkenergy.com/products-and-services/?getproductpdf=1&PromotionCode=PTC&ProductID=153759&type=EFL&title=Electricity+Facts+Label&language=english
AEP_CENTRAL,Octopus Energy,Octo Simple 6,0.1150,0.1120,0.1100,Fixed,6,100,false,false,false,,150.00,https://octopusenergy.com/efl/OCTO-SIMPLE-6-AEP_TCC-LZ_SOUTH-202609212200
AEP_CENTRAL,FRONTIER UTILITIES,Frontier Power Saver 12,0.1160,0.1120,0.1110,Fixed,12,30,false,false,false,,150.00,https://eflviewer.frontierutilities.com/eflviewer.aspx?lang=EN&prodcode=FPOWSVR12&tdspcode=AEP_CENT&ppid=195114&logid=84854&filename=AEP_CENT_FPOWSVR12_20260917_0000_84854
AEP_CENTRAL,FRONTIER UTILITIES,Frontier Power Saver 8,0.1050,0.1020,0.1000,Fixed,8,30,false,false,false,,150.00,https://eflviewer.frontierutilities.com/eflviewer.aspx?lang=EN&prodcode=FPOWSVR08&tdspcode=AEP_CENT&ppid=194756&logid=84639&filename=AEP_CENT_FPOWSVR08_20260909_0000_84639
AEP_CENTRAL,GEXA ENERGY,Gexa Eco Choice 8,0.1050,0.1020,0.1000,Fixed,8,100,false,false,false,,150.00,https://eflviewer.gexaenergy.com/eflviewer.aspx?lang=EN&prodcode=GXAECOCHI8&tdspcode=AEP_CENT&ppid=194757&logid=84645&filename=AEP_CENT_GXAECOCHI8_20260909_0000_84645
AEP_CENTRAL,Companion Energy,Companion + Perks 8,0.1050,0.1020,0.1000,Fixed,8,30,false,false,false,,150.00,https://eflviewer.companionenergy.com/eflviewer.aspx?lang=EN&prodcode=CEPERK8&tdspcode=AEP_CENT&ppid=194758&logid=84612&filename=AEP_CENT_CEPERK8_20260909_0000_84612
AEP_CENTRAL,Texans Choice Power LLC,Choose 12,0.1230,0.1200,0.1180,Fixed,12,37,false,false,false,,100,https://signup.texanschoicepower.com/getdocument/?getproductpdf=1&productid=153807&type=EFL&title=153807_EFL&language=english
AEP_CENTRAL,Texans Choice Power LLC,Texas Instant 12,0.2400,0.1200,0.1300,Fixed,12,37,false,false,true,"Pay the same amount every month whenever your usage is below 1,000 kWh.",200,https://signup.texanschoicepower.com/getdocument/?getproductpdf=1&productid=153827&type=EFL_TIEREDPRICING&title=153827_EFL_TIEREDPRICING&language=english
AEP_CENTRAL,Budget Power,No Gimmicks Green 36,0.1250,0.1210,0.1200,Fixed,36,100,false,false,false,,250.00,https://signup.budgetpowertx.com/Home/EFL?productId=35154
AEP_CENTRAL,TRUE POWER,True Value 10,0.1170,0.1140,0.1120,Fixed,10,15,false,false,false,,300.00,https://gb008a8dbfa8724-worx4uv1.adb.us-ashburn-1.oraclecloudapps.com/ords/worx4u/admin/efls/5B8DA379A0285D8EE063EBF2000A4E94/view
AEP_CENTRAL,Companion Energy,Companion Pro + Perks 3,0.1020,0.0980,0.0970,Fixed,3,30,false,false,false,,150.00,https://eflviewer.companionenergy.com/eflviewer.aspx?lang=EN&prodcode=CEPRPERK3&tdspcode=AEP_CENT&ppid=195119&logid=84839&filename=AEP_CENT_CEPRPERK3_20260917_0000_84839
AEP_CENTRAL,FRONTIER UTILITIES,Frontier Power Saver 3,0.1020,0.0980,0.0970,Fixed,3,30,false,false,false,,150.00,https://eflviewer.frontierutilities.com/eflviewer.aspx?lang=EN&prodcode=FPOWSVR3&tdspcode=AEP_CENT&ppid=195116&logid=84851&filename=AEP_CENT_FPOWSVR3_20260917_0000_84851
AEP_CENTRAL,TRUE POWER,True Value 24,0.1220,0.1180,0.1170,Fixed,24,15,false,false,false,,300.00,https://gb008a8dbfa8724-worx4uv1.adb.us-ashburn-1.oraclecloudapps.com/ords/worx4u/admin/efls/5C2B83E5FB9EA47FE063EBF2000A6327/view
AEP_CENTRAL,TRUE POWER,True Value 36,0.1230,0.1200,0.1180,Fixed,36,15,false,false,false,,300.00,https://gb008a8dbfa8724-worx4uv1.adb.us-ashburn-1.oraclecloudapps.com/ords/worx4u/admin/efls/5C2B927303E01FD6E063EBF2000A8164/view
AEP_CENTRAL,NEC Co-op Energy,Residential Electricity... Plain and simple.,0.1740,0.1630,0.1580,Variable,0,15,false,false,false,,0.00,https://neccoopenergy.com/wp-content/uploads/2026/08/EFL-9-1-26-RESIDENTIAL-AEP-TCC.pdf
AEP_CENTRAL,CIRRO ENERGY,Smart Simple 12,0.1310,0.1270,0.1260,Fixed,12,22,false,false,false,,150.00,https://www.cirroenergy.com/defl/M1F00193223144B.pdf
AEP_CENTRAL,CONSTELLATION NEWENERGY INC,12 Month Usage Bill Credit,0.1510,0.1130,0.1220,Fixed,12,24,false,false,true,Constellation will automatically apply a $35 bill credit to your invoice for each billing cycle where usage is at least 1000 kWh. An additional $15 bill credit will be applied when usage reaches 2000 kWh,150.00,https://www.constellation.com/bin/residential/GetContractVersionPDF?versionNum=5029914
AEP_CENTRAL,CHAMPION ENERGY SERVICES LLC,Champ Saver-6,0.1260,0.1230,0.1210,Fixed,6,26,false,false,false,,150.00,https://docs.championenergyservices.com/ExternalDocs?planname=PN2409&state=TX&language=EN
AEP_CENTRAL,CONSTELLATION NEWENERGY INC,Simple Switch 3,0.1120,0.1090,0.1080,Fixed,3,24,false,false,false,,50.00,https://www.constellation.com/bin/residential/GetContractVersionPDF?versionNum=5029927
AEP_CENTRAL,Discount Power,Saver 18,0.1390,0.1350,0.1340,Fixed,18,22,false,false,false,,180.00,https://www.discountpowertx.com/defl/M1F00193222982B.pdf
AEP_CENTRAL,CHAMPION ENERGY SERVICES LLC,Champ Saver-12,0.1290,0.1260,0.1240,Fixed,12,25,false,false,false,,150.00,https://docs.championenergyservices.com/ExternalDocs?planname=PN2413&state=TX&language=EN
AEP_CENTRAL,CHAMPION ENERGY SERVICES LLC,Champ Saver-24,0.1330,0.1300,0.1280,Fixed,24,25,false,false,false,,250.00,https://docs.championenergyservices.com/ExternalDocs?planname=PN2418&state=TX&language=EN
AEP_CENTRAL,Discount Power,Saver 12,0.1300,0.1260,0.1250,Fixed,12,22,false,false,false,,150.00,https://www.discountpowertx.com/defl/M1F00193222930B.pdf
AEP_CENTRAL,CIRRO ENERGY,Smart Simple 18,0.1400,0.1360,0.1350,Fixed,18,22,false,false,false,,180.00,https://www.cirroenergy.com/defl/M1F00193223136B.pdf
AEP_CENTRAL,CIRRO ENERGY,Smart Simple 24,0.1360,0.1320,0.1310,Fixed,24,22,false,false,false,,295.00,https://www.cirroenergy.com/defl/M1F00193223168B.pdf
AEP_CENTRAL,CHAMPION ENERGY SERVICES LLC,Free Weekends-24,0.1340,0.1310,0.1290,Fixed,24,25,false,true,false,,250.00,https://docs.championenergyservices.com/ExternalDocs?planname=PN2415&state=TX&language=EN
AEP_CENTRAL,PAYLESS POWER,PTC 6 Month - Prepaid,0.1620,0.1590,0.1570,Fixed,6,26,true,false,false,,49.00,https://api.paylesspower.com/common/api/document/aec/ERPP87/efl/en/487447
AEP_CENTRAL,PAYLESS POWER,PTC 12 Month - Prepaid,0.1650,0.1620,0.1600,Fixed,12,26,true,false,false,,49.00,https://api.paylesspower.com/common/api/document/aec/ERPP86/efl/en/487447
AEP_CENTRAL,AP GAS & ELECTRIC (TX) LLC,SimpleSaver 12,0.1920,0.0640,0.1250,Fixed,12,6,false,false,true,$125 bill credit when usage is at least 1000 kWh for the next 12 months.,150.00,https://artemis-api.apge.com/api/v1/document?documentId=73&offerCode=SRBBUC_AEC_NA_NA_RES_F125M_SD0_T12_NEW
AEP_CENTRAL,Express Energy,Speedy 12,0.1160,0.1130,0.1110,Fixed,12,3,false,false,false,,20 per month remaining,https://shopping.myexpressenergy.com/PDFGenerator?formType=EnergyFactsLabel&comProdId=TCEXSPDYVBC12AD&tdsp=AEPTCC&lang=en&custClass=Residential
AEP_CENTRAL,AMIGO ENERGY,Sustainable Simply Days - 3,0.1060,0.0980,0.0950,Fixed,3,22,false,true,false,,175.00,https://webs.amigoenergy.com/Generate_Docs/Generate_EflLinks.aspx?RID=8+lYTwrvATA=&RCID=rv5fvOkFHh4=&L=6f+Ch9flI7k=
AEP_CENTRAL,Discount Power,Saver 24,0.1350,0.1310,0.1300,Fixed,24,22,false,false,false,,295.00,https://www.discountpowertx.com/defl/M1F00193222998B.pdf
AEP_CENTRAL,TARA ENERGY,Balanced Days Bundle - 3,0.1060,0.0980,0.0950,Fixed,3,22,false,true,false,,175.00,https://webs.taraenergy.com/Generate_Docs/Generate_EflLinks.aspx?RID=qsjWEu4ws08=&RCID=cacW2cvK/I0=&L=6f+Ch9flI7k=
AEP_CENTRAL,TARA ENERGY,Sustainable Home Bundle - 3,0.1050,0.0980,0.0940,Fixed,3,22,false,false,false,,175.00,https://webs.taraenergy.com/Generate_Docs/Generate_EflLinks.aspx?RID=FxYMeR64bZg=&RCID=cacW2cvK/I0=&L=6f+Ch9flI7k=
AEP_CENTRAL,AMIGO ENERGY,Sustainable Lifestyle - 3,0.1050,0.0980,0.0940,Fixed,3,22,false,false,false,,175.00,https://webs.amigoenergy.com/Generate_Docs/Generate_EflLinks.aspx?RID=qpIWXWJiPq4=&RCID=rv5fvOkFHh4=&L=6f+Ch9flI7k=
AEP_CENTRAL,AMIGO ENERGY,Power Perks - 12,0.2240,0.0960,0.1570,Fixed,12,22,false,false,true,$125 bill credit when monthly usage is >= 1000 kWh,175.00,https://webs.amigoenergy.com/Generate_Docs/Generate_EflLinks.aspx?RID=sgF65r4YM3I=&RCID=rv5fvOkFHh4=&L=6f+Ch9flI7k=
AEP_CENTRAL,TARA ENERGY,Value Choice - 12,0.2240,0.0960,0.1570,Fixed,12,22,false,false,true,$125 bill credit when monthly usage is >= 1000 kWh,175.00,https://webs.taraenergy.com/Generate_Docs/Generate_EflLinks.aspx?RID=BHXcf9ee7oA=&RCID=cacW2cvK/I0=&L=6f+Ch9flI7k=
AEP_CENTRAL,GREEN MOUNTAIN ENERGY COMPANY,Pollution Free e-Plus 24 Choice,0.1510,0.1430,0.1380,Fixed,24,100,false,false,false,,295.00,https://signup.greenmountain.com/defl/G1F00201600317A.pdf
AEP_CENTRAL,GREEN MOUNTAIN ENERGY COMPANY,Pollution Free e-Plus 12 Choice,0.1490,0.1410,0.1360,Fixed,12,100,false,false,false,,150.00,https://signup.greenmountain.com/defl/G1F00201600441A.pdf
AEP_CENTRAL,AMIGO ENERGY,Basics PTC - 36,0.1480,0.1450,0.1430,Fixed,36,22,false,false,false,,175.00,https://webs.amigoenergy.com/Generate_Docs/Generate_EflLinks.aspx?RID=CKis5l54v4Q=&RCID=rv5fvOkFHh4=&L=6f+Ch9flI7k=
AEP_CENTRAL,JUST ENERGY,Sustainable Living Bundle - 3,0.1050,0.0980,0.0940,Fixed,3,22,false,false,false,,175.00,https://webs.justenergydeals.com/Generate_Docs/Generate_EflLinks.aspx?RID=9CD4Q9qqxpw=&RCID=gNASPlhlupI=&L=6f+Ch9flI7k=
AEP_CENTRAL,JUST ENERGY,Sustainable Days Bundle - 3,0.1060,0.0980,0.0950,Fixed,3,22,false,true,false,,175.00,https://webs.justenergydeals.com/Generate_Docs/Generate_EflLinks.aspx?RID=4X8tgdFCERI=&RCID=gNASPlhlupI=&L=6f+Ch9flI7k=
AEP_CENTRAL,JUST ENERGY,Smart Choice - 12,0.2240,0.0960,0.1570,Fixed,12,22,false,false,true,$125 bill credit when monthly usage is >= 1000 kWh,175.00,https://webs.justenergydeals.com/Generate_Docs/Generate_EflLinks.aspx?RID=zGBBqBsStak=&RCID=gNASPlhlupI=&L=6f+Ch9flI7k=
AEP_CENTRAL,RELIANT,Reliant Power On 12 Plan,0.1480,0.1400,0.1350,Fixed,12,24,false,false,false,,150.00,https://www.reliant.com/defl/R1F00200156388A.pdf
AEP_CENTRAL,RELIANT,Reliant Power On 24 Plan,0.1500,0.1420,0.1370,Fixed,24,24,false,false,false,,295.00,https://www.reliant.com/defl/R1F00200156563A.pdf
AEP_CENTRAL,CHARIOT ENERGY,Chariot Freedom,0.1440,0.1410,0.1390,Variable,0,100,false,false,false,,0.00,https://signup.chariotenergy.com//Home/EFl?productId=47561
AEP_CENTRAL,Octopus Energy,Octo Simple 12,0.1230,0.1190,0.1180,Fixed,12,100,false,false,false,,150,https://octopusenergy.com/efl/OCTO-SIMPLE-12-AEP_TCC-LZ_SOUTH-202609212200
AEP_CENTRAL,SPARK ENERGY LLC,Choose 12,0.1230,0.1200,0.1180,Fixed,12,37,false,false,false,,100.00,https://www.sparkenergy.com/products-and-services/?getproductpdf=1&PromotionCode=PTC&ProductID=148467&type=EFL&title=Electricity+Facts+Label&language=english
AEP_CENTRAL,SPARK ENERGY LLC,Choose 15,0.1240,0.1210,0.1190,Fixed,15,37,false,false,false,,100.00,https://www.sparkenergy.com/products-and-services/?getproductpdf=1&PromotionCode=PTC&ProductID=148472&type=EFL&title=Electricity+Facts+Label&language=english
AEP_CENTRAL,DIRECT ENERGY,Autopay Texas 24,0.1450,0.1370,0.1320,Fixed,24,22,false,false,false,,295.00,https://m-api.directenergy.com/de-mobile-oam-services/defl/D1F00200112800A.pdf
AEP_CENTRAL,DIRECT ENERGY,Autopay Texas 36,0.1500,0.1420,0.1370,Fixed,36,22,false,false,false,,395.00,https://m-api.directenergy.com/de-mobile-oam-services/defl/D1F00200112850A.pdf
AEP_CENTRAL,GREEN MOUNTAIN ENERGY COMPANY,Pollution Free e-Plus 36 Choice,0.1520,0.1440,0.1390,Fixed,36,100,false,false,false,,395.00,https://signup.greenmountain.com/defl/G1F00201600401A.pdf
AEP_CENTRAL,DIRECT ENERGY,Autopay Texas 12,0.1420,0.1340,0.1290,Fixed,12,22,false,false,false,,150.00,https://m-api.directenergy.com/de-mobile-oam-services/defl/D1F00200112753A.pdf
AEP_CENTRAL,CleanSky Energy,Embrace Green 12 - New Customer Special,0.1300,0.1270,0.1250,Fixed,12,100,false,false,false,,75.00,https://enroll.cleanskyenergy.com//Home/EFL?productCode=RN00008021&promo=&term=12
AEP_CENTRAL,CleanSky Energy,Embrace Green 24 - New Customer Special,0.1430,0.1400,0.1380,Fixed,24,100,false,false,false,,150.00,https://enroll.cleanskyenergy.com//Home/EFL?productCode=RN00008017&promo=&term=24
AEP_CENTRAL,CleanSky Energy,Embrace Green 36 - New Customer Special,0.1350,0.1320,0.1300,Fixed,36,100,false,false,false,,225.00,https://enroll.cleanskyenergy.com//Home/EFL?productCode=RN00008034&promo=&term=36
AEP_CENTRAL,TARA ENERGY,Basics PTC - 36,0.1480,0.1450,0.1430,Fixed,36,22,false,false,false,,175.00,https://webs.taraenergy.com/Generate_Docs/Generate_EflLinks.aspx?RID=z53lHZPGRUg=&RCID=cacW2cvK/I0=&L=6f+Ch9flI7k=
AEP_CENTRAL,GEXA ENERGY,Gexa Eco Choice 3,0.1020,0.0980,0.0970,Fixed,3,100,false,false,false,,150.00,https://eflviewer.gexaenergy.com/eflviewer.aspx?lang=EN&prodcode=GXAECOCHI3&tdspcode=AEP_CENT&ppid=195117&logid=84863&filename=AEP_CENT_GXAECOCHI3_20260917_0000_84863
AEP_CENTRAL,RELIANT,Reliant Power On 18,0.1480,0.1400,0.1350,Fixed,18,15,false,false,false,,180.00,https://www.reliant.com/defl/R1F00200156481A.pdf
AEP_CENTRAL,GOOD CHARLIE & CO LLC,GoodEnergy 24,0.1460,0.1380,0.1340,Fixed,24,25,false,false,false,,20 per month remaining,https://api.goodcharlie.com/products/2047/EFL/AEP_Central/latest/en
AEP_CENTRAL,GOOD CHARLIE & CO LLC,GoodEnergy 12,0.1420,0.1340,0.1300,Fixed,12,25,false,false,false,,20 per month remaining,https://api.goodcharlie.com/products/2046/EFL/AEP_Central/latest/en
AEP_CENTRAL,GOOD CHARLIE & CO LLC,GoodEnergy 36,0.1500,0.1420,0.1380,Fixed,36,25,false,false,false,,20 per month remaining,https://api.goodcharlie.com/products/2048/EFL/AEP_Central/latest/en
AEP_CENTRAL,SPARK ENERGY LLC,Choose 6,0.1190,0.1160,0.1140,Fixed,6,37,false,false,false,,100,https://www.sparkenergy.com/products-and-services/?getproductpdf=1&PromotionCode=PTC&ProductID=150854&type=EFL&title=Electricity+Facts+Label&language=english
AEP_CENTRAL,Ranchero Power,Ranchero Fixed Prime - 48,0.1520,0.1430,0.1390,Fixed,48,6,false,false,false,,0.00,https://bit.ly/4y6cVnA
AEP_CENTRAL,Ranchero Power,Ranchero No Worries - 9,0.1240,0.1150,0.1110,Fixed,9,6,false,false,false,,99.00,https://bit.ly/3SYkjTe
AEP_CENTRAL,Ranchero Power,Ranchero Cheapskate - 3,0.1060,0.0970,0.0930,Fixed,3,6,false,false,false,,179.00,https://bit.ly/4xArUoZ
AEP_CENTRAL,Ranchero Power,Ranchero Smart & Fixed - 12,0.1310,0.1220,0.1180,Fixed,12,6,false,false,false,,179.00,https://bit.ly/4qLBlQT
AEP_CENTRAL,Ranchero Power,Smart & Fixed - 36,0.1420,0.1330,0.1290,Fixed,36,6,false,false,false,,179.00,https://bit.ly/4rpg8wj
AEP_CENTRAL,Ranchero Power,No Contract Advantage,0.0950,0.0860,0.0820,Variable,1,6,false,false,false,,0.00,https://bit.ly/4cHZ66D
AEP_CENTRAL,SOUTHERN FEDERAL POWER LLC,SoFed Digital Saver Plus - 12,0.1250,0.1210,0.1200,Fixed,12,6,false,false,false,,99.00,https://bit.ly/4h3MUzm
AEP_CENTRAL,SOUTHERN FEDERAL POWER LLC,SoFed Try Us Out Now - 3,0.1060,0.0970,0.0930,Fixed,3,6,false,false,false,,0.00,https://bit.ly/3TKr4Iu
AEP_CENTRAL,SOUTHERN FEDERAL POWER LLC,SoFed Easy Out Fixed - 9,0.1250,0.1160,0.1120,Fixed,9,6,false,false,false,,99.00,https://bit.ly/4iPXE65
AEP_CENTRAL,SOUTHERN FEDERAL POWER LLC,Variable Advantage,0.0950,0.0860,0.0820,Variable,1,6,false,false,false,,0.00,https://bit.ly/4yfgms5
AEP_CENTRAL,TRIEAGLE ENERGY LP,Sure Value 36,0.1600,0.1250,0.1370,Fixed,36,3,false,false,true,A bill credit of $30 will be applied for each billing cycle in which usage is 1000 kWh or more.,20.00 per month left in term,https://shopping.trieagleenergy.com/PDFGenerator?formType=EnergyFactsLabel&comProdId=TCXTESRVALC36AA&tdsp=AEPTCC&lang=en&custClass=Residential
AEP_CENTRAL,REVOLUTION ENERGY LLC,Stars and Stripes Flex,0.1160,0.1090,0.1050,Variable,1,24,false,false,false,,0.00,https://e966f83b313c3b45ede3-64a631b37f7b69cdf842d11bca52af9c.ssl.cf5.rackcdn.com//202609/EFL-20260902-114700-AEPS-Stars and Stripes Flex (English).pdf
AEP_CENTRAL,REVOLUTION ENERGY LLC,Stars and Stripes Green Flex,0.1170,0.1100,0.1060,Variable,1,100,false,false,false,,0.00,https://e966f83b313c3b45ede3-64a631b37f7b69cdf842d11bca52af9c.ssl.cf5.rackcdn.com//202609/EFL-20260902-114700-AEPS-Stars and Stripes Green Flex (English).pdf
AEP_CENTRAL,REVOLUTION ENERGY LLC,Stars and Stripes 9,0.1220,0.1150,0.1110,Fixed,9,24,false,false,false,,175.00,https://e966f83b313c3b45ede3-64a631b37f7b69cdf842d11bca52af9c.ssl.cf5.rackcdn.com//202609/EFL-20260922-122500-AEPS-Stars and Stripes 9 (English).pdf
AEP_CENTRAL,REVOLUTION ENERGY LLC,Stars and Stripes 12,0.1270,0.1200,0.1160,Fixed,12,24,false,false,false,,200.00,https://e966f83b313c3b45ede3-64a631b37f7b69cdf842d11bca52af9c.ssl.cf5.rackcdn.com//202609/EFL-20260922-122500-AEPS-Stars and Stripes 12 (English).pdf
AEP_CENTRAL,REVOLUTION ENERGY LLC,Stars and Stripes 18,0.1310,0.1230,0.1200,Fixed,18,24,false,false,false,,250.00,https://e966f83b313c3b45ede3-64a631b37f7b69cdf842d11bca52af9c.ssl.cf5.rackcdn.com//202609/EFL-20260922-122500-AEPS-Stars and Stripes 18 (English).pdf
AEP_CENTRAL,REVOLUTION ENERGY LLC,Stars and Stripes 24,0.1310,0.1230,0.1200,Fixed,24,24,false,false,false,,300.00,https://e966f83b313c3b45ede3-64a631b37f7b69cdf842d11bca52af9c.ssl.cf5.rackcdn.com//202609/EFL-20260922-122500-AEPS-Stars and Stripes 24 (English).pdf
AEP_CENTRAL,REVOLUTION ENERGY LLC,Stars and Stripes 36,0.1360,0.1280,0.1250,Fixed,36,24,false,false,false,,375.00,https://e966f83b313c3b45ede3-64a631b37f7b69cdf842d11bca52af9c.ssl.cf5.rackcdn.com//202609/EFL-20260922-122500-AEPS-Stars and Stripes 36 (English).pdf
AEP_CENTRAL,REVOLUTION ENERGY LLC,Liberty Bell Flex,0.1150,0.1090,0.1060,Variable,1,24,false,false,false,,0.00,https://e966f83b313c3b45ede3-64a631b37f7b69cdf842d11bca52af9c.ssl.cf5.rackcdn.com//202609/EFL-20260902-114700-AEPS-Liberty Bell Flex (English).pdf
AEP_CENTRAL,REVOLUTION ENERGY LLC,Liberty Bell Green Flex,0.1160,0.1100,0.1060,Variable,1,100,false,false,false,,0.00,https://e966f83b313c3b45ede3-64a631b37f7b69cdf842d11bca52af9c.ssl.cf5.rackcdn.com//202609/EFL-20260902-114700-AEPS-Liberty Bell Green Flex (English).pdf
AEP_CENTRAL,TRIEAGLE ENERGY LP,Simple Savings 36,0.1430,0.1380,0.1350,Fixed,36,3,false,false,false,,20.00 per month left in term,https://shopping.trieagleenergy.com/PDFGenerator?formType=EnergyFactsLabel&comProdId=TCXTESMSAVC36AA&tdsp=AEPTCC&lang=en&custClass=Residential
AEP_CENTRAL,TRIEAGLE ENERGY LP,Simple Savings 12,0.1370,0.1320,0.1290,Fixed,12,3,false,false,false,,20.00 per month left in term,https://shopping.trieagleenergy.com/PDFGenerator?formType=EnergyFactsLabel&comProdId=TCXTESMSAVC12AA&tdsp=AEPTCC&lang=en&custClass=Residential
AEP_CENTRAL,TRIEAGLE ENERGY LP,Simple Green 12,0.1470,0.1420,0.1390,Fixed,12,100,false,false,false,,20.00 per month left in term,https://shopping.trieagleenergy.com/PDFGenerator?formType=EnergyFactsLabel&comProdId=TCXTESMGRNC12AA&tdsp=AEPTCC&lang=en&custClass=Residential
AEP_CENTRAL,RELIANT,Reliant Power on 9 Plan,0.1410,0.1330,0.1280,Fixed,9,24,false,false,false,,95.00,https://www.reliant.com/defl/R1F00200156518A.pdf
AEP_CENTRAL,GREEN MOUNTAIN ENERGY COMPANY,Pollution Free e-Plus 9 Choice,0.1480,0.1400,0.1350,Fixed,9,100,false,false,false,,95.00,https://signup.greenmountain.com/defl/G1F00201600329A.pdf
AEP_CENTRAL,PAYLESS POWER,PTC 12 Month - Postpaid,0.1410,0.1380,0.1360,Fixed,12,26,false,false,false,,199.00,https://api.paylesspower.com/common/api/document/aec/ERPT92/efl/en/487447
AEP_CENTRAL,PAYLESS POWER,PTC 6 Month - Postpaid,0.1380,0.1350,0.1330,Fixed,6,26,false,false,false,,149.00,https://api.paylesspower.com/common/api/document/aec/ERPT93/efl/en/487447
AEP_CENTRAL,PAYLESS POWER,PTC 3 Month - Postpaid,0.1060,0.1030,0.1010,Fixed,3,26,false,false,false,,99.00,https://api.paylesspower.com/common/api/document/aec/ERPT94/efl/en/487447
AEP_CENTRAL,GEXA ENERGY,Gexa Eco Choice 12,0.1160,0.1120,0.1110,Fixed,12,100,false,false,false,,150.00,https://eflviewer.gexaenergy.com/eflviewer.aspx?lang=EN&prodcode=GXAECOCHI12&tdspcode=AEP_CENT&ppid=195115&logid=84866&filename=AEP_CENT_GXAECOCHI12_20260917_0000_84866
AEP_CENTRAL,BKV Energy,Daisy 12,0.1300,0.1270,0.1260,Fixed,12,29,false,false,false,,20/remaining month.,https://enroll.bkvenergy.com/Home/EFL?productCode=RN00001203&promo=&term=12
AEP_CENTRAL,JUST ENERGY,Basics PTC - 60,0.1480,0.1450,0.1430,Fixed,60,22,false,false,false,,175.00,https://webs.justenergydeals.com/Generate_Docs/Generate_EflLinks.aspx?RID=QG8KHv864bs=&RCID=gNASPlhlupI=&L=6f+Ch9flI7k=
AEP_CENTRAL,AMIGO ENERGY,Basics PTC - 24,0.1480,0.1450,0.1430,Fixed,24,22,false,false,false,,175.00,https://webs.amigoenergy.com/Generate_Docs/Generate_EflLinks.aspx?RID=P/8RJayq+FA=&RCID=rv5fvOkFHh4=&L=6f+Ch9flI7k=
AEP_CENTRAL,TARA ENERGY,Basics PTC - 24,0.1480,0.1450,0.1430,Fixed,24,22,false,false,false,,175.00,https://webs.taraenergy.com/Generate_Docs/Generate_EflLinks.aspx?RID=ik4SlTGPA6o=&RCID=cacW2cvK/I0=&L=6f+Ch9flI7k=
AEP_CENTRAL,SMARTENERGY HOLDINGS LLC,SmartGreen 24 $200 Bill Credit,0.1380,0.1300,0.1260,Fixed,24,100,false,false,false,,20.00 per remaining month,https://texas.smartenergy.com/docs/efls/output/20260904_F_AEPC_SG24-1MNTHBC_M2001_2.pdf
AEP_CENTRAL,AP GAS & ELECTRIC (TX) LLC,TrueClassic 12,0.1200,0.1170,0.1150,Fixed,12,6,false,false,false,,150.00,https://artemis-api.apge.com/api/v1/document?documentId=73&offerCode=SRBTX_AEC_NA_NA_RES_FPR_SD0_T12_NEW
AEP_CENTRAL,AP GAS & ELECTRIC (TX) LLC,TrueClassic 24,0.1240,0.1210,0.1190,Fixed,24,6,false,false,false,,250.00,https://artemis-api.apge.com/api/v1/document?documentId=73&offerCode=SRBTX_AEC_NA_NA_RES_FPR_SD0_T24_NEW
AEP_CENTRAL,AP GAS & ELECTRIC (TX) LLC,Bonus Saver 3,0.1400,0.1370,0.0850,Fixed,3,6,false,false,true,100 bill credit when usage is at least 2000 kWh for the next 3 months.,150.00,https://artemis-api.apge.com/api/v1/document?documentId=73&offerCode=SRB100T_AEC_NA_NA_RES_F100H_SD0_T3_NEW
AEP_CENTRAL,AP GAS & ELECTRIC (TX) LLC,Simple Saver 3,0.1850,0.0570,0.1180,Fixed,3,6,false,false,true,$125 bill credit when usage is at least 1000 kWh for the next 3 months.,150.00,https://artemis-api.apge.com/api/v1/document?documentId=73&offerCode=SRBBUC_AEC_NA_NA_RES_F125M_SD0_T3_NEW
AEP_CENTRAL,SMARTENERGY HOLDINGS LLC,SmartGreen 12 $200 Bill Credit,0.1360,0.1280,0.1240,Fixed,12,100,false,false,false,,20.00 per remaining month,https://texas.smartenergy.com/docs/efls/output/20260904_F_AEPC_SG12-1MNTHBC_M2001_2.pdf
AEP_CENTRAL,JUST ENERGY,Basics PTC - 24,0.1480,0.1450,0.1430,Fixed,24,22,false,false,false,,175.00,https://webs.justenergydeals.com/Generate_Docs/Generate_EflLinks.aspx?RID=2kdhHey2mEs=&RCID=gNASPlhlupI=&L=6f+Ch9flI7k=
AEP_CENTRAL,INFUSE ENERGY,Essential Infusion Flex,0.1140,0.1090,0.1060,Variable,1,24,false,false,false,,0.00,https://88fd201f32c53c2bd0fb-11ba98ed637230a2314ec7c228a44bda.ssl.cf5.rackcdn.com/202609/EFL-20260902-105100-AEPS-Essential Infusion Flex (English).pdf
AEP_CENTRAL,INFUSE ENERGY,Essential Infusion Green Flex,0.1150,0.1100,0.1070,Variable,1,100,false,false,false,,0.00,https://88fd201f32c53c2bd0fb-11ba98ed637230a2314ec7c228a44bda.ssl.cf5.rackcdn.com/202609/EFL-20260902-105100-AEPS-Essential Infusion Green Flex (English).pdf
AEP_CENTRAL,INFUSE ENERGY,PTC Green Infusion Flex,0.1180,0.1100,0.1060,Variable,1,100,false,false,false,,0.00,https://88fd201f32c53c2bd0fb-11ba98ed637230a2314ec7c228a44bda.ssl.cf5.rackcdn.com/202609/EFL-20260902-105100-AEPS-PTC Green Infusion Flex (English).pdf
AEP_CENTRAL,INFUSE ENERGY,PTC Infusion Flex,0.1170,0.1090,0.1050,Variable,1,24,false,false,false,,0.00,https://88fd201f32c53c2bd0fb-11ba98ed637230a2314ec7c228a44bda.ssl.cf5.rackcdn.com/202609/EFL-20260902-105100-AEPS-PTC Infusion Flex (English).pdf
AEP_CENTRAL,INFUSE ENERGY,Essential Infusion 3,0.1110,0.1050,0.1030,Fixed,3,24,false,false,false,,100.00,https://88fd201f32c53c2bd0fb-11ba98ed637230a2314ec7c228a44bda.ssl.cf5.rackcdn.com/202609/EFL-20260922-125100-AEPS-Essential Infusion 3 (English).pdf
AEP_CENTRAL,INFUSE ENERGY,Essential Infusion 6,0.1200,0.1150,0.1120,Fixed,6,24,false,false,false,,150.00,https://88fd201f32c53c2bd0fb-11ba98ed637230a2314ec7c228a44bda.ssl.cf5.rackcdn.com/202609/EFL-20260922-125100-AEPS-Essential Infusion 6 (English).pdf
AEP_CENTRAL,INFUSE ENERGY,Essential Infusion 12,0.1250,0.1200,0.1170,Fixed,12,24,false,false,false,,200.00,https://88fd201f32c53c2bd0fb-11ba98ed637230a2314ec7c228a44bda.ssl.cf5.rackcdn.com/202609/EFL-20260922-125100-AEPS-Essential Infusion 12 (English).pdf
AEP_CENTRAL,INFUSE ENERGY,Essential Infusion 24,0.1290,0.1230,0.1210,Fixed,24,24,false,false,false,,300.00,https://88fd201f32c53c2bd0fb-11ba98ed637230a2314ec7c228a44bda.ssl.cf5.rackcdn.com/202609/EFL-20260922-125100-AEPS-Essential Infusion 24 (English).pdf
AEP_CENTRAL,INFUSE ENERGY,Essential Infusion 36,0.1340,0.1280,0.1260,Fixed,36,24,false,false,false,,375.00,https://88fd201f32c53c2bd0fb-11ba98ed637230a2314ec7c228a44bda.ssl.cf5.rackcdn.com/202609/EFL-20260922-125100-AEPS-Essential Infusion 36 (English).pdf
AEP_CENTRAL,Think Energy,Think Clean 12,0.1390,0.1310,0.1270,Fixed,12,100,false,false,false,,200.00,https://api.thinkenergy.onproton.io/enrollment/get_latest_document?lang=en&product_code=tx.thinkclean.noap.fixed&tdsp_id=4&doc_type=EFL&term=12&promo_code=default
AEP_CENTRAL,Think Energy,Think Clean 24,0.1460,0.1370,0.1330,Fixed,24,100,false,false,false,,200.00,https://api.thinkenergy.onproton.io/enrollment/get_latest_document?lang=en&product_code=tx.thinkclean.ap.fixed&tdsp_id=4&doc_type=EFL&term=24&promo_code=default
AEP_CENTRAL,Discount Power,Saver 10,0.1300,0.1260,0.1250,Fixed,10,22,false,false,false,,95.00,https://www.discountpowertx.com/defl/M1F00193222874B.pdf
AEP_CENTRAL,CIRRO ENERGY,Smart Simple 10,0.1310,0.1270,0.1260,Fixed,10,22,false,false,false,,95.00,https://www.cirroenergy.com/defl/M1F00193223068C.pdf
AEP_CENTRAL,AE TEXAS,Smart Secure 36,0.1360,0.1330,0.1310,Fixed,36,23,false,false,false,,20/month remaning,https://enroll.aetexasco.com/EmailHTML/efl.aspx?RateID=3744&BrandID=1&PromoCodeID=114
AEP_CENTRAL,SMARTENERGY HOLDINGS LLC,SmartGreen 9 $200 Bill Credit,0.1270,0.1190,0.1150,Fixed,9,100,false,false,false,,20.00 per remaining month,https://texas.smartenergy.com/docs/efls/output/20260901_F_AEPC_SG9-1MNTHBC_M2001.pdf
AEP_CENTRAL,Think Energy,Think Clean 12 with Smart Thermostat Connected,0.1190,0.1210,0.1220,Fixed,12,100,false,false,false,,200.00,https://api.thinkenergy.onproton.io/enrollment/get_latest_document?lang=en&product_code=tx.thinkclean.noap.fixed.thermostat&tdsp_id=4&doc_type=EFL&term=12&promo_code=default
AEP_CENTRAL,CHARIOT ENERGY,Bright Nights 12,0.1250,0.1120,0.1060,Fixed,12,100,false,true,false,,15 per remaining month,https://signup.chariotenergy.com//Home/EFl?productId=48010
AEP_CENTRAL,CHARIOT ENERGY,Bright Nights 24,0.1310,0.1180,0.1120,Fixed,24,100,false,true,false,,15 per remaining month,https://signup.chariotenergy.com//Home/EFl?productId=47949
AEP_CENTRAL,CHARIOT ENERGY,Bright Nights 36,0.1330,0.1200,0.1140,Fixed,36,100,false,true,false,,15 per remaining month,https://signup.chariotenergy.com//Home/EFl?productId=47977
AEP_CENTRAL,BKV Energy,Daisy 13,0.1310,0.1270,0.1260,Fixed,13,29,false,false,false,,20/remaining month.,https://enroll.bkvenergy.com/Home/EFL?productCode=RN00013528&term=13
AEP_CENTRAL,BKV Energy,Daisy 18,0.1310,0.1280,0.1260,Fixed,18,29,false,false,false,,20/remaining month.,https://enroll.bkvenergy.com/Home/EFL?productCode=RN00027074&promo=&term=18
AEP_CENTRAL,BKV Energy,Daisy 14,0.1300,0.1270,0.1260,Fixed,14,29,false,false,false,,20/remaining month.,https://enroll.bkvenergy.com/Home/EFL?productCode=RN00011415&promo=&term=14
AEP_CENTRAL,Energy Texas,No Bull 12,0.1140,0.1150,0.1160,Fixed,12,100,false,false,false,,20 / remaining month,https://api.energytexas.com/api/pricing/offers/latest-offers-efl/12673/?locale=en
AEP_NORTH,Energy Texas,No Bull 12,0.1140,0.1150,0.1160,Fixed,12,100,false,false,false,,20 / remaining month,https://api.energytexas.com/api/pricing/offers/latest-offers-efl/12675/?locale=en
AEP_NORTH,BKV Energy,Daisy 13,0.1330,0.1300,0.1290,Fixed,13,29,false,false,false,,20/remaining month.,https://enroll.bkvenergy.com/Home/EFL?productCode=RN00013529&term=13
AEP_NORTH,BKV Energy,Daisy 18,0.1350,0.1310,0.1300,Fixed,18,29,false,false,false,,20/remaining month.,https://enroll.bkvenergy.com/Home/EFL?productCode=RN00027075&promo=&term=18
AEP_NORTH,CHARIOT ENERGY,Bright Nights 36,0.1370,0.1240,0.1180,Fixed,36,100,false,true,false,,15 per remaining month,https://signup.chariotenergy.com//Home/EFl?productId=47913
AEP_NORTH,CHARIOT ENERGY,Bright Nights 24,0.1340,0.1210,0.1150,Fixed,24,100,false,true,false,,15 per remaining month,https://signup.chariotenergy.com//Home/EFl?productId=47734
AEP_NORTH,CHARIOT ENERGY,Bright Nights 12,0.1250,0.1120,0.1060,Fixed,12,100,false,true,false,,15 per remaining month,https://signup.chariotenergy.com//Home/EFl?productId=47936
AEP_NORTH,Think Energy,Think Clean 12 with Smart Thermostat Connected,0.1180,0.1200,0.1210,Fixed,12,100,false,false,false,,200.00,https://api.thinkenergy.onproton.io/enrollment/get_latest_document?lang=en&product_code=tx.thinkclean.noap.fixed.thermostat&tdsp_id=6&doc_type=EFL&term=12&promo_code=default
AEP_NORTH,CIRRO ENERGY,Smart Simple 10,0.1410,0.1380,0.1360,Fixed,10,22,false,false,false,,95.00,https://www.cirroenergy.com/defl/M1F00193223076B.pdf
AEP_NORTH,Discount Power,Saver 10,0.1400,0.1370,0.1350,Fixed,10,22,false,false,false,,95.00,https://www.discountpowertx.com/defl/M1F00193222882B.pdf
AEP_NORTH,Think Energy,Think Clean 24,0.1450,0.1370,0.1330,Fixed,24,100,false,false,false,,200.00,https://api.thinkenergy.onproton.io/enrollment/get_latest_document?lang=en&product_code=tx.thinkclean.ap.fixed&tdsp_id=6&doc_type=EFL&term=24&promo_code=default
AEP_NORTH,Think Energy,Think Clean 12,0.1380,0.1300,0.1260,Fixed,12,100,false,false,false,,200.00,https://api.thinkenergy.onproton.io/enrollment/get_latest_document?lang=en&product_code=tx.thinkclean.noap.fixed&tdsp_id=6&doc_type=EFL&term=12&promo_code=default
AEP_NORTH,Budget Power,No Gimmicks 12,0.1200,0.1160,0.1150,Fixed,12,24,false,false,false,,100.00,https://signup.budgetpowertx.com/Home/EFL?productId=35205&Promo=
AEP_NORTH,Budget Power,No Gimmicks 18,0.1190,0.1150,0.1140,Fixed,18,24,false,false,false,,125.00,https://signup.budgetpowertx.com/Home/EFL?productId=35188&Promo=
AEP_NORTH,Budget Power,No Gimmicks 24,0.1260,0.1220,0.1210,Fixed,24,24,false,false,false,,175.00,https://signup.budgetpowertx.com/Home/EFL?productId=35206&Promo=
AEP_NORTH,Budget Power,No Gimmicks 36,0.1280,0.1240,0.1230,Fixed,36,24,false,false,false,,250.00,https://signup.budgetpowertx.com/Home/EFL?productId=35207&Promo=
AEP_NORTH,INFUSE ENERGY,Essential Infusion 36,0.1400,0.1350,0.1330,Fixed,36,24,false,false,false,,375.00,https://88fd201f32c53c2bd0fb-11ba98ed637230a2314ec7c228a44bda.ssl.cf5.rackcdn.com/202609/EFL-20260922-125100-AEPW-Essential Infusion 36 (English).pdf
AEP_NORTH,INFUSE ENERGY,Essential Infusion 24,0.1350,0.1300,0.1270,Fixed,24,24,false,false,false,,300.00,https://88fd201f32c53c2bd0fb-11ba98ed637230a2314ec7c228a44bda.ssl.cf5.rackcdn.com/202609/EFL-20260922-125100-AEPW-Essential Infusion 24 (English).pdf
AEP_NORTH,INFUSE ENERGY,Essential Infusion 12,0.1280,0.1230,0.1200,Fixed,12,24,false,false,false,,200.00,https://88fd201f32c53c2bd0fb-11ba98ed637230a2314ec7c228a44bda.ssl.cf5.rackcdn.com/202609/EFL-20260922-125100-AEPW-Essential Infusion 12 (English).pdf
AEP_NORTH,INFUSE ENERGY,Essential Infusion 6,0.1270,0.1220,0.1190,Fixed,6,24,false,false,false,,150.00,https://88fd201f32c53c2bd0fb-11ba98ed637230a2314ec7c228a44bda.ssl.cf5.rackcdn.com/202609/EFL-20260922-125100-AEPW-Essential Infusion 6 (English).pdf
AEP_NORTH,INFUSE ENERGY,Essential Infusion 3,0.1050,0.1000,0.0980,Fixed,3,24,false,false,false,,100.00,https://88fd201f32c53c2bd0fb-11ba98ed637230a2314ec7c228a44bda.ssl.cf5.rackcdn.com/202609/EFL-20260922-125100-AEPW-Essential Infusion 3 (English).pdf
AEP_NORTH,INFUSE ENERGY,PTC Infusion Flex,0.1130,0.1050,0.1010,Variable,1,24,false,false,false,,0.00,https://88fd201f32c53c2bd0fb-11ba98ed637230a2314ec7c228a44bda.ssl.cf5.rackcdn.com/202609/EFL-20260902-105100-AEPW-PTC Infusion Flex (English).pdf
AEP_NORTH,INFUSE ENERGY,PTC Green Infusion Flex,0.1140,0.1060,0.1020,Variable,1,100,false,false,false,,0.00,https://88fd201f32c53c2bd0fb-11ba98ed637230a2314ec7c228a44bda.ssl.cf5.rackcdn.com/202609/EFL-20260902-105100-AEPW-PTC Green Infusion Flex (English).pdf
AEP_NORTH,INFUSE ENERGY,Essential Infusion Green Flex,0.1110,0.1060,0.1030,Variable,1,100,false,false,false,,0.00,https://88fd201f32c53c2bd0fb-11ba98ed637230a2314ec7c228a44bda.ssl.cf5.rackcdn.com/202609/EFL-20260902-105100-AEPW-Essential Infusion Green Flex (English).pdf
AEP_NORTH,INFUSE ENERGY,Essential Infusion Flex,0.1100,0.1050,0.1030,Variable,1,24,false,false,false,,0.00,https://88fd201f32c53c2bd0fb-11ba98ed637230a2314ec7c228a44bda.ssl.cf5.rackcdn.com/202609/EFL-20260902-105100-AEPW-Essential Infusion Flex (English).pdf
AEP_NORTH,JUST ENERGY,Basics PTC - 24,0.1520,0.1490,0.1470,Fixed,24,22,false,false,false,,175.00,https://webs.justenergydeals.com/Generate_Docs/Generate_EflLinks.aspx?RID=d9W6ZF17yOI=&RCID=gNASPlhlupI=&L=6f+Ch9flI7k=
AEP_NORTH,PRONTO POWER,Power To Choose,0.1790,0.1640,0.1570,Variable,1,26,true,false,false,,0.00,https://pronto-gridlink.smartgridcis.net/Documents/Download.aspx?ProductDocumentID=1188
AEP_NORTH,AP GAS & ELECTRIC (TX) LLC,Simple Saver 3,0.1900,0.0620,0.1230,Fixed,3,6,false,false,true,$125 bill credit when usage is at least 1000 kWh for the next 3 months.,150.00,https://artemis-api.apge.com/api/v1/document?documentId=73&offerCode=SRBBUC_AEN_NA_NA_RES_F125M_SD0_T3_NEW
AEP_NORTH,AP GAS & ELECTRIC (TX) LLC,TrueClassic 24,0.1250,0.1220,0.1200,Fixed,24,6,false,false,false,,250.00,https://artemis-api.apge.com/api/v1/document?documentId=73&offerCode=SRBTX_AEN_NA_NA_RES_FPR_SD0_T24_NEW
AEP_NORTH,SMARTENERGY HOLDINGS LLC,SmartGreen 9 $200 Bill Credit,0.1270,0.1190,0.1150,Fixed,9,100,false,false,false,,20.00 per remaining month,https://texas.smartenergy.com/docs/efls/output/20260901_F_AEPN_SG9-1MNTHBC_M2001.pdf
AEP_NORTH,AP GAS & ELECTRIC (TX) LLC,TrueClassic 12,0.1190,0.1160,0.1140,Fixed,12,6,false,false,false,,150.00,https://artemis-api.apge.com/api/v1/document?documentId=73&offerCode=SRBTX_AEN_NA_NA_RES_FPR_SD0_T12_NEW
AEP_NORTH,TARA ENERGY,Basics PTC - 24,0.1520,0.1490,0.1470,Fixed,24,22,false,false,false,,175.00,https://webs.taraenergy.com/Generate_Docs/Generate_EflLinks.aspx?RID=zdVg5Zt/4FY=&RCID=cacW2cvK/I0=&L=6f+Ch9flI7k=
AEP_NORTH,AMIGO ENERGY,Basics PTC - 24,0.1520,0.1490,0.1470,Fixed,24,22,false,false,false,,175.00,https://webs.amigoenergy.com/Generate_Docs/Generate_EflLinks.aspx?RID=KoZWbD3dNI4=&RCID=rv5fvOkFHh4=&L=6f+Ch9flI7k=
AEP_NORTH,JUST ENERGY,Basics PTC - 60,0.1520,0.1490,0.1470,Fixed,60,22,false,false,false,,175.00,https://webs.justenergydeals.com/Generate_Docs/Generate_EflLinks.aspx?RID=JeLj3Asxp+g=&RCID=gNASPlhlupI=&L=6f+Ch9flI7k=
AEP_NORTH,GEXA ENERGY,Gexa Eco Choice 12,0.1180,0.1140,0.1130,Fixed,12,100,false,false,false,,150.00,https://eflviewer.gexaenergy.com/eflviewer.aspx?lang=EN&prodcode=GXAECOCHI12&tdspcode=AEP_NORTH&ppid=195139&logid=84867&filename=AEP_NORTH_GXAECOCHI12_20260917_0000_84867
AEP_NORTH,PAYLESS POWER,PTC 12 Month - Postpaid,0.1430,0.1400,0.1380,Fixed,12,26,false,false,false,,199.00,https://api.paylesspower.com/common/api/document/aen/ERPT92/efl/en/487447
AEP_NORTH,PAYLESS POWER,PTC 6 Month - Postpaid,0.1410,0.1380,0.1360,Fixed,6,26,false,false,false,,149.00,https://api.paylesspower.com/common/api/document/aen/ERPT93/efl/en/487447
AEP_NORTH,PAYLESS POWER,PTC 3 Month - Postpaid,0.1040,0.1010,0.0990,Fixed,3,26,false,false,false,,99.00,https://api.paylesspower.com/common/api/document/aen/ERPT94/efl/en/487447
AEP_NORTH,GREEN MOUNTAIN ENERGY COMPANY,Pollution Free e-Plus 9 Choice,0.1550,0.1470,0.1420,Fixed,9,100,false,false,false,,95.00,https://signup.greenmountain.com/defl/G1F00201600333A.pdf
AEP_NORTH,RELIANT,Reliant Power On 9 Plan,0.1480,0.1400,0.1350,Fixed,9,24,false,false,false,,95.00,https://www.reliant.com/defl/R1F00200156534A.pdf
AEP_NORTH,TRIEAGLE ENERGY LP,Simple Green 12,0.1470,0.1420,0.1390,Fixed,12,100,false,false,false,,20.00 per month left in term,https://shopping.trieagleenergy.com/PDFGenerator?formType=EnergyFactsLabel&comProdId=TNXTESMGRNC12AA&tdsp=AEPTNC&lang=en&custClass=Residential
AEP_NORTH,TRIEAGLE ENERGY LP,Simple Savings 12,0.1370,0.1320,0.1290,Fixed,12,3,false,false,false,,20.00 per month left in term,https://shopping.trieagleenergy.com/PDFGenerator?formType=EnergyFactsLabel&comProdId=TNXTESMSAVC12AA&tdsp=AEPTNC&lang=en&custClass=Residential
AEP_NORTH,TRIEAGLE ENERGY LP,Simple Savings 36,0.1430,0.1380,0.1350,Fixed,36,3,false,false,false,,20.00 per month left in term,https://shopping.trieagleenergy.com/PDFGenerator?formType=EnergyFactsLabel&comProdId=TNXTESMSAVC36AA&tdsp=AEPTNC&lang=en&custClass=Residential
AEP_NORTH,Octopus Energy,Octo Simple 12,0.1550,0.1520,0.1500,Fixed,12,100,false,false,false,,150.00,https://octopusenergy.com/efl/OCTO-SIMPLE-12-AEP_TNC-LZ_WEST-202609212200
AEP_NORTH,REVOLUTION ENERGY LLC,Liberty Bell Green Flex,0.1120,0.1060,0.1030,Variable,1,100,false,false,false,,0.00,https://e966f83b313c3b45ede3-64a631b37f7b69cdf842d11bca52af9c.ssl.cf5.rackcdn.com//202609/EFL-20260902-114700-AEPW-Liberty Bell Green Flex (English).pdf
AEP_NORTH,REVOLUTION ENERGY LLC,Liberty Bell Flex,0.1110,0.1050,0.1020,Variable,1,24,false,false,false,,0.00,https://e966f83b313c3b45ede3-64a631b37f7b69cdf842d11bca52af9c.ssl.cf5.rackcdn.com//202609/EFL-20260902-114700-AEPW-Liberty Bell Flex (English).pdf
AEP_NORTH,REVOLUTION ENERGY LLC,Stars and Stripes 36,0.1420,0.1350,0.1320,Fixed,36,24,false,false,false,,375.00,https://e966f83b313c3b45ede3-64a631b37f7b69cdf842d11bca52af9c.ssl.cf5.rackcdn.com//202609/EFL-20260922-122500-AEPW-Stars and Stripes 36 (English).pdf
AEP_NORTH,REVOLUTION ENERGY LLC,Stars and Stripes 24,0.1370,0.1300,0.1260,Fixed,24,24,false,false,false,,300.00,https://e966f83b313c3b45ede3-64a631b37f7b69cdf842d11bca52af9c.ssl.cf5.rackcdn.com//202609/EFL-20260922-122500-AEPW-Stars and Stripes 24 (English).pdf
AEP_NORTH,REVOLUTION ENERGY LLC,Stars and Stripes 18,0.1340,0.1270,0.1230,Fixed,18,24,false,false,false,,250.00,https://e966f83b313c3b45ede3-64a631b37f7b69cdf842d11bca52af9c.ssl.cf5.rackcdn.com//202609/EFL-20260922-122500-AEPW-Stars and Stripes 18 (English).pdf
AEP_NORTH,REVOLUTION ENERGY LLC,Stars and Stripes 12,0.1300,0.1230,0.1190,Fixed,12,24,false,false,false,,200.00,https://e966f83b313c3b45ede3-64a631b37f7b69cdf842d11bca52af9c.ssl.cf5.rackcdn.com//202609/EFL-20260922-122500-AEPW-Stars and Stripes 12 (English).pdf
AEP_NORTH,REVOLUTION ENERGY LLC,Stars and Stripes 9,0.1220,0.1150,0.1110,Fixed,9,24,false,false,false,,175.00,https://e966f83b313c3b45ede3-64a631b37f7b69cdf842d11bca52af9c.ssl.cf5.rackcdn.com//202609/EFL-20260922-122500-AEPW-Stars and Stripes 9 (English).pdf
AEP_NORTH,REVOLUTION ENERGY LLC,Stars and Stripes Green Flex,0.1130,0.1060,0.1020,Variable,1,100,false,false,false,,0.00,https://e966f83b313c3b45ede3-64a631b37f7b69cdf842d11bca52af9c.ssl.cf5.rackcdn.com//202609/EFL-20260902-114700-AEPW-Stars and Stripes Green Flex (English).pdf
AEP_NORTH,REVOLUTION ENERGY LLC,Stars and Stripes Flex,0.1120,0.1050,0.1020,Variable,1,24,false,false,false,,0.00,https://e966f83b313c3b45ede3-64a631b37f7b69cdf842d11bca52af9c.ssl.cf5.rackcdn.com//202609/EFL-20260902-114700-AEPW-Stars and Stripes Flex (English).pdf
AEP_NORTH,TRIEAGLE ENERGY LP,Sure Value 36,0.1600,0.1250,0.1370,Fixed,36,3,false,false,true,A bill credit of $30 will be applied for each billing cycle in which usage is 1000 kWh or more.,20.00 per month left in term,https://shopping.trieagleenergy.com/PDFGenerator?formType=EnergyFactsLabel&comProdId=TNXTESRVALC36AA&tdsp=AEPTNC&lang=en&custClass=Residential
AEP_NORTH,SOUTHERN FEDERAL POWER LLC,Variable Advantage,0.1080,0.0990,0.0950,Variable,1,6,false,false,false,,0.00,https://bit.ly/4iEuhDo
AEP_NORTH,BKV Energy,Daisy 12,0.1330,0.1300,0.1280,Fixed,12,29,false,false,false,,20/remaining month.,https://enroll.bkvenergy.com/Home/EFL?productCode=RN00001197&promo=&term=12
AEP_NORTH,SOUTHERN FEDERAL POWER LLC,SoFed Easy Out Fixed - 9,0.1250,0.1160,0.1120,Fixed,9,6,false,false,false,,99.00,https://bit.ly/3VchRJl
AEP_NORTH,SOUTHERN FEDERAL POWER LLC,SoFed Better Rate - 36,0.1430,0.1340,0.1300,Fixed,36,6,false,false,false,,249.00,https://bit.ly/3Tuu2ke
AEP_NORTH,SOUTHERN FEDERAL POWER LLC,SoFed Try Us Out Now - 3,0.1090,0.1000,0.0960,Fixed,3,6,false,false,false,,0.00,https://bit.ly/4d6ZXOq
AEP_NORTH,SOUTHERN FEDERAL POWER LLC,SoFed Digital Saver Plus - 12,0.1250,0.1210,0.1200,Fixed,12,6,false,false,false,,99.00,https://bit.ly/4cm6swt
AEP_NORTH,Ranchero Power,No Contract Advantage,0.1080,0.0990,0.0950,Variable,1,6,false,false,false,,0.00,https://bit.ly/3USfz1U
AEP_NORTH,Ranchero Power,Smart & Fixed - 36,0.1420,0.1330,0.1290,Fixed,36,6,false,false,false,,179.00,https://bit.ly/4dE27oI
AEP_NORTH,Ranchero Power,Ranchero Smart & Fixed - 12,0.1310,0.1220,0.1180,Fixed,12,6,false,false,false,,179.00,https://bit.ly/4zIJlGd
AEP_NORTH,Ranchero Power,Ranchero Cheapskate - 3,0.1090,0.1000,0.0960,Fixed,3,6,false,false,false,,179.00,https://bit.ly/4rv48cI
AEP_NORTH,Ranchero Power,Ranchero No Worries - 9,0.1240,0.1150,0.1110,Fixed,9,6,false,false,false,,99.00,https://bit.ly/4hl4uhl
AEP_NORTH,SPARK ENERGY LLC,Choose 6,0.1300,0.1270,0.1250,Fixed,6,37,false,false,false,,100,https://www.sparkenergy.com/products-and-services/?getproductpdf=1&PromotionCode=PTC&ProductID=150859&type=EFL&title=Electricity+Facts+Label&language=english
AEP_NORTH,Ranchero Power,Ranchero Fixed Prime - 48,0.1520,0.1430,0.1390,Fixed,48,6,false,false,false,,0.00,https://bit.ly/3Uxx5bx
AEP_NORTH,CleanSky Energy,Embrace Green 36 - New Customer Special,0.1480,0.1450,0.1430,Fixed,36,100,false,false,false,,225.00,https://enroll.cleanskyenergy.com//Home/EFL?productCode=RN00008033&promo=&term=36
AEP_NORTH,GOOD CHARLIE & CO LLC,GoodEnergy 36,0.1570,0.1490,0.1440,Fixed,36,25,false,false,false,,20 per month remaining,https://api.goodcharlie.com/products/2048/EFL/AEP_North/latest/en
AEP_NORTH,GOOD CHARLIE & CO LLC,GoodEnergy 12,0.1420,0.1340,0.1290,Fixed,12,25,false,false,false,,20 per month remaining,https://api.goodcharlie.com/products/2046/EFL/AEP_North/latest/en
AEP_NORTH,GEXA ENERGY,Gexa Eco Choice 3,0.1050,0.1010,0.1000,Fixed,3,100,false,false,false,,150.00,https://eflviewer.gexaenergy.com/eflviewer.aspx?lang=EN&prodcode=GXAECOCHI3&tdspcode=AEP_NORTH&ppid=195141&logid=84861&filename=AEP_NORTH_GXAECOCHI3_20260917_0000_84861
AEP_NORTH,GOOD CHARLIE & CO LLC,GoodEnergy 24,0.1460,0.1380,0.1330,Fixed,24,25,false,false,false,,20 per month remaining,https://api.goodcharlie.com/products/2047/EFL/AEP_North/latest/en
AEP_NORTH,RELIANT,Reliant Power On 18,0.1570,0.1490,0.1440,Fixed,18,15,false,false,false,,180.00,https://www.reliant.com/defl/R1F00200156498A.pdf
AEP_NORTH,CleanSky Energy,Embrace Green 12 - New Customer Special,0.1400,0.1370,0.1350,Fixed,12,100,false,false,false,,75.00,https://enroll.cleanskyenergy.com//Home/EFL?productCode=RN00008018&promo=&term=12
AEP_NORTH,CleanSky Energy,Embrace Green 24 - New Customer Special,0.1430,0.1400,0.1380,Fixed,24,100,false,false,false,,150.00,https://enroll.cleanskyenergy.com//Home/EFL?productCode=RN00008017&promo=&term=24
AEP_NORTH,TARA ENERGY,Basics PTC - 36,0.1520,0.1490,0.1470,Fixed,36,22,false,false,false,,175.00,https://webs.taraenergy.com/Generate_Docs/Generate_EflLinks.aspx?RID=pJNCMM5RNHQ=&RCID=cacW2cvK/I0=&L=6f+Ch9flI7k=
AEP_NORTH,DIRECT ENERGY,Autopay Texas 12,0.1520,0.1440,0.1390,Fixed,12,22,false,false,false,,150.00,https://m-api.directenergy.com/de-mobile-oam-services/defl/D1F00200112760A.pdf
AEP_NORTH,GREEN MOUNTAIN ENERGY COMPANY,Pollution Free e-Plus 36 Choice,0.1610,0.1530,0.1480,Fixed,36,100,false,false,false,,395.00,https://signup.greenmountain.com/defl/G1F00201600280A.pdf
AEP_NORTH,DIRECT ENERGY,Autopay Texas 36,0.1610,0.1530,0.1480,Fixed,36,22,false,false,false,,395.00,https://m-api.directenergy.com/de-mobile-oam-services/defl/D1F00200112857A.pdf
AEP_NORTH,DIRECT ENERGY,Autopay Texas 24,0.1550,0.1470,0.1420,Fixed,24,22,false,false,false,,295.00,https://m-api.directenergy.com/de-mobile-oam-services/defl/D1F00200112808A.pdf
AEP_NORTH,SPARK ENERGY LLC,Choose 15,0.1350,0.1320,0.1300,Fixed,15,37,false,false,false,,100.00,https://www.sparkenergy.com/products-and-services/?getproductpdf=1&PromotionCode=PTC&ProductID=148475&type=EFL&title=Electricity+Facts+Label&language=english
AEP_NORTH,SPARK ENERGY LLC,Choose 12,0.1340,0.1310,0.1290,Fixed,12,37,false,false,false,,100.00,https://www.sparkenergy.com/products-and-services/?getproductpdf=1&PromotionCode=PTC&ProductID=148470&type=EFL&title=Electricity+Facts+Label&language=english
AEP_NORTH,CHARIOT ENERGY,Chariot Freedom,0.1470,0.1440,0.1430,Variable,0,100,false,false,false,,0.00,https://signup.chariotenergy.com//Home/EFl?productId=47560
AEP_NORTH,RELIANT,Reliant Power On 24 Plan,0.1590,0.1510,0.1460,Fixed,24,24,false,false,false,,295.00,https://www.reliant.com/defl/R1F00200156570A.pdf
AEP_NORTH,RELIANT,Reliant Power On 12 Plan,0.1550,0.1470,0.1420,Fixed,12,24,false,false,false,,150.00,https://www.reliant.com/defl/R1F00200156406A.pdf
AEP_NORTH,JUST ENERGY,Smart Choice - 12,0.2420,0.1140,0.1750,Fixed,12,22,false,false,true,$125 bill credit when monthly usage is >= 1000 kWh,175.00,https://webs.justenergydeals.com/Generate_Docs/Generate_EflLinks.aspx?RID=xzHEKmkXD0A=&RCID=gNASPlhlupI=&L=6f+Ch9flI7k=
AEP_NORTH,JUST ENERGY,Sustainable Days Bundle - 3,0.1080,0.1010,0.0970,Fixed,3,22,false,true,false,,175.00,https://webs.justenergydeals.com/Generate_Docs/Generate_EflLinks.aspx?RID=pntesICMKMU=&RCID=gNASPlhlupI=&L=6f+Ch9flI7k=
AEP_NORTH,AMIGO ENERGY,Basics PTC - 36,0.1520,0.1490,0.1470,Fixed,36,22,false,false,false,,175.00,https://webs.amigoenergy.com/Generate_Docs/Generate_EflLinks.aspx?RID=lQWxZCCORvQ=&RCID=rv5fvOkFHh4=&L=6f+Ch9flI7k=
AEP_NORTH,GREEN MOUNTAIN ENERGY COMPANY,Pollution Free e-Plus 12 Choice,0.1560,0.1480,0.1430,Fixed,12,100,false,false,false,,150.00,https://signup.greenmountain.com/defl/G1F00201600397A.pdf
AEP_NORTH,GREEN MOUNTAIN ENERGY COMPANY,Pollution Free e-Plus 24 Choice,0.1600,0.1520,0.1470,Fixed,24,100,false,false,false,,295.00,https://signup.greenmountain.com/defl/G1F00201600445A.pdf
AEP_NORTH,TARA ENERGY,Value Choice - 12,0.2420,0.1140,0.1750,Fixed,12,22,false,false,true,$125 bill credit when monthly usage is >= 1000 kWh,175.00,https://webs.taraenergy.com/Generate_Docs/Generate_EflLinks.aspx?RID=BZ7/2cP8Zs8=&RCID=cacW2cvK/I0=&L=6f+Ch9flI7k=
AEP_NORTH,AMIGO ENERGY,Power Perks - 12,0.2420,0.1140,0.1750,Fixed,12,22,false,false,true,$125 bill credit when monthly usage is >= 1000 kWh,175.00,https://webs.amigoenergy.com/Generate_Docs/Generate_EflLinks.aspx?RID=1tFJk6jBoZw=&RCID=rv5fvOkFHh4=&L=6f+Ch9flI7k=
AEP_NORTH,AMIGO ENERGY,Sustainable Lifestyle - 3,0.1080,0.1010,0.0970,Fixed,3,22,false,false,false,,175.00,https://webs.amigoenergy.com/Generate_Docs/Generate_EflLinks.aspx?RID=fQ2zVjsZ3Gs=&RCID=rv5fvOkFHh4=&L=6f+Ch9flI7k=
AEP_NORTH,TARA ENERGY,Sustainable Home Bundle - 3,0.1080,0.1010,0.0970,Fixed,3,22,false,false,false,,175.00,https://webs.taraenergy.com/Generate_Docs/Generate_EflLinks.aspx?RID=moDtdO1htmk=&RCID=cacW2cvK/I0=&L=6f+Ch9flI7k=
AEP_NORTH,Discount Power,Saver 24,0.1460,0.1430,0.1410,Fixed,24,22,false,false,false,,295.00,https://www.discountpowertx.com/defl/M1F00193223002B.pdf
AEP_NORTH,AP GAS & ELECTRIC (TX) LLC,Bonus Saver 3,0.1490,0.1460,0.0940,Fixed,3,6,false,false,true,$100 bill credit when usage is at least 2000 kWh for the next 3 months.,150.00,https://artemis-api.apge.com/api/v1/document?documentId=73&offerCode=SRB100T_AEN_NA_NA_RES_F100H_SD0_T3_NEW
AEP_NORTH,AP GAS & ELECTRIC (TX) LLC,SimpleSaver 12,0.1930,0.0650,0.1260,Fixed,12,6,false,false,true,$125 bill credit when usage is at least 1000 kWh for the next 12 months.,150.00,https://artemis-api.apge.com/api/v1/document?documentId=73&offerCode=SRBBUC_AEN_NA_NA_RES_F125M_SD0_T12_NEW
AEP_NORTH,PAYLESS POWER,PTC 6 Month - Prepaid,0.1650,0.1620,0.1600,Fixed,6,26,true,false,false,,49.00,https://api.paylesspower.com/common/api/document/aen/ERPP87/efl/en/487447
AEP_NORTH,PAYLESS POWER,PTC 12 Month - Prepaid,0.1670,0.1640,0.1620,Fixed,12,26,true,false,false,,49.00,https://api.paylesspower.com/common/api/document/aen/ERPP86/efl/en/487447
AEP_NORTH,CIRRO ENERGY,Smart Simple 24,0.1470,0.1440,0.1420,Fixed,24,22,false,false,false,,295.00,https://www.cirroenergy.com/defl/M1F00193223120B.pdf
AEP_NORTH,CIRRO ENERGY,Smart Simple 18,0.1520,0.1490,0.1470,Fixed,18,22,false,false,false,,180.00,https://www.cirroenergy.com/defl/M1F00193223148B.pdf
AEP_NORTH,Discount Power,Saver 12,0.1400,0.1370,0.1350,Fixed,12,22,false,false,false,,150.00,https://www.discountpowertx.com/defl/M1F00193222938B.pdf
AEP_NORTH,AMIGO ENERGY,Sustainable Simply Days - 3,0.1080,0.1010,0.0970,Fixed,3,22,false,true,false,,175.00,https://webs.amigoenergy.com/Generate_Docs/Generate_EflLinks.aspx?RID=5zJf122klX4=&RCID=rv5fvOkFHh4=&L=6f+Ch9flI7k=
AEP_NORTH,TARA ENERGY,Balanced Days Bundle - 3,0.1080,0.1010,0.0970,Fixed,3,22,false,true,false,,175.00,https://webs.taraenergy.com/Generate_Docs/Generate_EflLinks.aspx?RID=DW17vPakTbg=&RCID=cacW2cvK/I0=&L=6f+Ch9flI7k=
AEP_NORTH,JUST ENERGY,Sustainable Living Bundle - 3,0.1080,0.1010,0.0970,Fixed,3,22,false,false,false,,175.00,https://webs.justenergydeals.com/Generate_Docs/Generate_EflLinks.aspx?RID=u471kWi5Fi8=&RCID=gNASPlhlupI=&L=6f+Ch9flI7k=
AEP_NORTH,CHAMPION ENERGY SERVICES LLC,Champ Saver-12,0.1280,0.1250,0.1230,Fixed,12,25,false,false,false,,150.00,https://docs.championenergyservices.com/ExternalDocs?planname=PN2424&state=TX&language=EN
AEP_NORTH,CHAMPION ENERGY SERVICES LLC,Champ Saver-24,0.1320,0.1290,0.1270,Fixed,24,25,false,false,false,,250.00,https://docs.championenergyservices.com/ExternalDocs?planname=PN2429&state=TX&language=EN
AEP_NORTH,Discount Power,Saver 18,0.1510,0.1480,0.1460,Fixed,18,22,false,false,false,,180.00,https://www.discountpowertx.com/defl/M1F00193222986B.pdf
AEP_NORTH,CONSTELLATION NEWENERGY INC,Simple Switch 3,0.1160,0.1130,0.1110,Fixed,3,24,false,false,false,,50.00,https://www.constellation.com/bin/residential/GetContractVersionPDF?versionNum=5029946
AEP_NORTH,CHAMPION ENERGY SERVICES LLC,Champ Saver-6,0.1230,0.1200,0.1180,Fixed,6,26,false,false,false,,150.00,https://docs.championenergyservices.com/ExternalDocs?planname=PN2420&state=TX&language=EN
AEP_NORTH,CONSTELLATION NEWENERGY INC,12 Month Usage Bill Credit,0.1560,0.1180,0.1270,Fixed,12,24,false,false,true,Constellation will automatically apply a $35 bill credit to your invoice for each billing cycle where usage is at least 1000 kWh. An additional $15 bill credit will be applied when usage reaches 2000 kWh,150.00,https://www.constellation.com/bin/residential/GetContractVersionPDF?versionNum=5029918
AEP_NORTH,CIRRO ENERGY,Smart Simple 12,0.1410,0.1380,0.1360,Fixed,12,22,false,false,false,,150.00,https://www.cirroenergy.com/defl/M1F00193223128B.pdf
AEP_NORTH,NEC Co-op Energy,Residential Electricity... Plain and simple.,0.1730,0.1620,0.1560,Variable,0,15,false,false,false,,0.00,https://neccoopenergy.com/wp-content/uploads/2026/08/EFL-9-1-26-RESIDENTIAL-AEP-North.pdf
AEP_NORTH,TRUE POWER,True Value 24,0.1240,0.1210,0.1200,Fixed,24,15,false,false,false,,300.00,https://gb008a8dbfa8724-worx4uv1.adb.us-ashburn-1.oraclecloudapps.com/ords/worx4u/admin/efls/5C2F1BC158D48637E063EBF2000ACFFA/view
AEP_NORTH,TRUE POWER,True Value 36,0.1270,0.1240,0.1230,Fixed,36,15,false,false,false,,300.00,https://gb008a8dbfa8724-worx4uv1.adb.us-ashburn-1.oraclecloudapps.com/ords/worx4u/admin/efls/5C2F1DD759C79C0FE063EBF2000AC66B/view
AEP_NORTH,Budget Power,No Gimmicks Green 36,0.1300,0.1260,0.1250,Fixed,36,100,false,false,false,,250.00,https://signup.budgetpowertx.com/Home/EFL?productId=35174&Promo=
AEP_NORTH,TRUE POWER,True Value 10,0.1210,0.1180,0.1160,Fixed,10,15,false,false,false,,300.00,https://gb008a8dbfa8724-worx4uv1.adb.us-ashburn-1.oraclecloudapps.com/ords/worx4u/admin/efls/5BB4FB992D221FBAE063EBF2000AC526/view
AEP_NORTH,FRONTIER UTILITIES,Frontier Power Saver 3,0.1050,0.1010,0.1000,Fixed,3,30,false,false,false,,150.00,https://eflviewer.frontierutilities.com/eflviewer.aspx?lang=EN&prodcode=FPOWSVR3&tdspcode=AEP_NORTH&ppid=195140&logid=84849&filename=AEP_NORTH_FPOWSVR3_20260917_0000_84849
AEP_NORTH,Companion Energy,Companion Pro + Perks 3,0.1050,0.1010,0.1000,Fixed,3,30,false,false,false,,150.00,https://eflviewer.companionenergy.com/eflviewer.aspx?lang=EN&prodcode=CEPRPERK3&tdspcode=AEP_NORTH&ppid=195143&logid=84837&filename=AEP_NORTH_CEPRPERK3_20260917_0000_84837
AEP_NORTH,Texans Choice Power LLC,Texas Instant 12,0.2700,0.1350,0.1380,Fixed,12,37,false,false,true,"Pay the same amount every month whenever your usage is below 1,000 kWh.",200,https://signup.texanschoicepower.com/getdocument/?getproductpdf=1&productid=153833&type=EFL_TIEREDPRICING&title=153833_EFL_TIEREDPRICING&language=english
AEP_NORTH,Texans Choice Power LLC,Choose 12,0.1340,0.1310,0.1290,Fixed,12,37,false,false,false,,100,https://signup.texanschoicepower.com/getdocument/?getproductpdf=1&productid=153810&type=EFL&title=153810_EFL&language=english
AEP_NORTH,GEXA ENERGY,Gexa Eco Choice 8,0.1060,0.1030,0.1010,Fixed,8,100,false,false,false,,150.00,https://eflviewer.gexaenergy.com/eflviewer.aspx?lang=EN&prodcode=GXAECOCHI8&tdspcode=AEP_NORTH&ppid=194769&logid=84647&filename=AEP_NORTH_GXAECOCHI8_20260909_0000_84647
AEP_NORTH,FRONTIER UTILITIES,Frontier Power Saver 8,0.1060,0.1030,0.1010,Fixed,8,30,false,false,false,,150.00,https://eflviewer.frontierutilities.com/eflviewer.aspx?lang=EN&prodcode=FPOWSVR08&tdspcode=AEP_NORTH&ppid=194768&logid=84641&filename=AEP_NORTH_FPOWSVR08_20260909_0000_84641
AEP_NORTH,FRONTIER UTILITIES,Frontier Power Saver 12,0.1180,0.1140,0.1130,Fixed,12,30,false,false,false,,150.00,https://eflviewer.frontierutilities.com/eflviewer.aspx?lang=EN&prodcode=FPOWSVR12&tdspcode=AEP_NORTH&ppid=195138&logid=84855&filename=AEP_NORTH_FPOWSVR12_20260917_0000_84855
AEP_NORTH,Octopus Energy,Octo Simple 6,0.1550,0.1520,0.1500,Fixed,6,100,false,false,false,,150.00,https://octopusenergy.com/efl/OCTO-SIMPLE-6-AEP_TNC-LZ_WEST-202609212200
AEP_NORTH,SPARK ENERGY LLC,Choose 3,0.1130,0.1100,0.1080,Fixed,3,37,false,false,false,,100,https://www.sparkenergy.com/products-and-services/?getproductpdf=1&PromotionCode=PTC&ProductID=153762&type=EFL&title=Electricity+Facts+Label&language=english
AEP_NORTH,RHYTHM,Digital Choice 36,0.1370,0.1380,0.1390,Fixed,36,100,false,false,false,,20 / remaining month,https://api.gotrhythm.com/api/pricing/offers/latest-offers-efl/18906/?locale=en
AEP_NORTH,Companion Energy,Companion + Perks 12,0.1180,0.1140,0.1130,Fixed,12,30,false,false,false,,150.00,https://eflviewer.companionenergy.com/eflviewer.aspx?lang=EN&prodcode=CEPERK12&tdspcode=AEP_NORTH&ppid=195142&logid=84843&filename=AEP_NORTH_CEPERK12_20260917_0000_84843
AEP_NORTH,Octopus Energy LLC,Octo Simple 24,0.1620,0.1590,0.1570,Fixed,24,100,false,false,false,,250.00,https://octopusenergy.com/efl/OCTO-SIMPLE-24-AEP_TNC-LZ_WEST-202609212200
AEP_NORTH,Octopus Energy,Octo Green 9,0.1500,0.1460,0.1450,Fixed,9,100,false,false,false,,150.00,https://octopusenergy.com/efl/OCTO-SIMPLE-9-AEP_TNC-LZ_WEST-202609212200
AEP_NORTH,AE TEXAS,Smart Secure 9,0.1380,0.1350,0.1330,Fixed,10,23,false,false,false,,20/month remaining,https://enroll.aetexasco.com/EmailHTML/efl.aspx?RateID=11148&BrandID=1&PromoCodeID=114
AEP_NORTH,RHYTHM,Digital Choice 8,0.1000,0.1010,0.1020,Fixed,8,100,false,false,false,,20 / remaining month,https://api.gotrhythm.com/api/pricing/offers/latest-offers-efl/26182/?locale=en
AEP_NORTH,Energy Texas,No Bull 8,0.1000,0.1010,0.1020,Fixed,8,100,false,false,false,,20 / remaining month,https://api.energytexas.com/api/pricing/offers/latest-offers-efl/26222/?locale=en
AEP_NORTH,CHARIOT ENERGY,Bright Nights 8,0.1230,0.1090,0.1030,Fixed,8,100,false,true,false,,15 per remaining month,https://signup.chariotenergy.com//Home/EFl?productId=41647
AEP_NORTH,BKV Energy,Daisy 9,0.1260,0.1220,0.1210,Fixed,9,29,false,false,false,,20/remaining month.,https://enroll.bkvenergy.com/Home/EFL?productCode=RN00080064&promo=&term=9
AEP_NORTH,AE TEXAS,Smart Secure 36,0.1570,0.1540,0.1520,Fixed,36,23,false,false,false,,20/month remaining,https://enroll.aetexasco.com/EmailHTML/efl.aspx?RateID=3746&BrandID=1&PromoCodeID=114
AEP_NORTH,Octopus Energy,OctopusFlex,0.1600,0.1570,0.1550,Fixed,12,100,false,true,false,,150.00,https://octopusenergy.com/efl/OCTOPUS-FLEX-AEP_TNC-LZ_WEST-202609212200
AEP_NORTH,SFE ENERGY TEXAS INC,SFE RewardsPlus - 5,0.1180,0.1140,0.1130,Fixed,5,23,false,false,false,,175.00,https://empowerdocs.blob.core.windows.net/efldocuments/SFE_REWARDSPLUS_-_5_2516140729806161079_EFL_SFE%20Residential%20Fixed%20AEPN%205English.pdf
AEP_NORTH,SFE ENERGY TEXAS INC,SFE RewardsPlus - 10,0.1230,0.1190,0.1180,Fixed,10,23,false,false,false,,175.00,https://empowerdocs.blob.core.windows.net/efldocuments/SFE_REWARDSPLUS_-_10_2516140729314452882_EFL_SFE%20Residential%20Fixed%20AEPN%2010English.pdf
AEP_NORTH,RHYTHM,Digital Choice 12,0.1140,0.1150,0.1160,Fixed,12,100,false,false,false,,20 / remaining month,https://api.gotrhythm.com/api/pricing/offers/latest-offers-efl/16287/?locale=en
AEP_NORTH,BKV Energy,Daisy 14,0.1330,0.1300,0.1280,Fixed,14,29,false,false,false,,20/remaining month.,https://enroll.bkvenergy.com/Home/EFL?productCode=RN00011416&promo=&term=14
AEP_NORTH,Energy Texas,No Bull 24,0.1310,0.1320,0.1330,Fixed,24,100,false,false,false,,20 / remaining month,https://api.energytexas.com/api/pricing/offers/latest-offers-efl/18812/?locale=en
AEP_NORTH,Energy Texas,No Bull 36,0.1370,0.1380,0.1390,Fixed,36,100,false,false,false,,20 / remaining month,https://api.energytexas.com/api/pricing/offers/latest-offers-efl/12911/?locale=en
AEP_NORTH,Energy Texas,The Lone Saver Plus 12,0.1980,0.0750,0.1380,Fixed,12,100,false,false,true,Energy Texas will automatically apply a $125 bill credit to your invoice for each billing cycle where usage is at least 1000 kWh.,20 / remaining month,https://api.energytexas.com/api/pricing/offers/latest-offers-efl/23979/?locale=en
AEP_NORTH,RHYTHM,Rhythm Max Saver 24,0.2050,0.0810,0.1450,Fixed,24,100,false,false,true,Rhythm will automatically apply a $125 bill credit to your invoice for each billing cycle where usage is at least 1000 kWh.,20 / remaining month,https://api.gotrhythm.com/api/pricing/offers/latest-offers-efl/25540/?locale=en
AEP_NORTH,SMARTENERGY HOLDINGS LLC,SmartGreen 12 $200 Bill Credit,0.1380,0.1300,0.1260,Fixed,12,100,false,false,false,,20.00 per remaining month,https://texas.smartenergy.com/docs/efls/output/20260904_F_AEPN_SG12-1MNTHBC_M2001_2.pdf
AEP_NORTH,SMARTENERGY HOLDINGS LLC,SmartGreen 24 $200 Bill Credit,0.1410,0.1330,0.1290,Fixed,24,100,false,false,false,,20.00 per remaining month,https://texas.smartenergy.com/docs/efls/output/20260904_F_AEPN_SG24-1MNTHBC_M2001_2.pdf
AEP_NORTH,PRONTO POWER,Summer 2026,0.1600,0.1450,0.1380,Fixed,3,26,true,false,false,,50.00,https://pronto-gridlink.smartgridcis.net//Documents/Download.aspx?ProductDocumentID=1168
AEP_NORTH,SFE ENERGY TEXAS INC,SFE RewardsPlus - 12,0.1270,0.1230,0.1220,Fixed,12,23,false,false,false,,175.00,https://empowerdocs.blob.core.windows.net/efldocuments/SFE_REWARDSPLUS_-_12_2516140729472530639_EFL_SFE%20Residential%20Fixed%20AEPN%2012English.pdf
AEP_NORTH,RHYTHM,Digital Choice 24,0.1310,0.1320,0.1330,Fixed,24,100,false,false,false,,20 / remaining month,https://api.gotrhythm.com/api/pricing/offers/latest-offers-efl/18859/?locale=en
AEP_NORTH,Atlantex Power,Luminous 36,0.1750,0.1720,0.1700,Fixed,36,23,false,false,false,,$20/month remaining,https://enroll.atlantexpower.com/EmailHTML/efl.aspx?RateID=3343&BrandID=3&PromoCodeID=115
AEP_NORTH,Atlantex Power,Luminous 9,0.1560,0.1530,0.1510,Fixed,10,23,false,false,false,,$20/month remaining,https://enroll.atlantexpower.com/EmailHTML/efl.aspx?RateID=11109&BrandID=3&PromoCodeID=115
AEP_NORTH,CHARIOT ENERGY,GridPlus 12,0.1950,0.0660,0.1270,Fixed,12,100,false,false,true,"Receive credits on your bill when you use more electricity! A credit of $125 dollars will be applied to each monthly billing cycle when your consumption is equal to or greater than 1,000 kWh.",15 per remaining month,https://signup.chariotenergy.com//Home/EFl?productId=47897
AEP_NORTH,Think Energy,Think Clean 24 with Smart Thermostat Connected,0.1250,0.1270,0.1280,Fixed,24,100,false,false,false,,200.00,https://api.thinkenergy.onproton.io/enrollment/get_latest_document?lang=en&product_code=tx.thinkclean.noap.fixed.thermostat&tdsp_id=6&doc_type=EFL&term=24&promo_code=default
AEP_NORTH,Companion Energy,Companion + Perks 8,0.1060,0.1030,0.1010,Fixed,8,30,false,false,false,,150.00,https://eflviewer.companionenergy.com/eflviewer.aspx?lang=EN&prodcode=CEPERK8&tdspcode=AEP_NORTH&ppid=194770&logid=84613&filename=AEP_NORTH_CEPERK8_20260909_0000_84613
AEP_NORTH,Texans Choice Power LLC,Choose 6,0.1300,0.1270,0.1250,Fixed,6,37,false,false,false,,100,https://signup.texanschoicepower.com/getdocument/?getproductpdf=1&productid=153840&type=EFL&title=153840_EFL&language=english
AEP_NORTH,TRUE POWER,True Value 12,0.1160,0.1130,0.1120,Fixed,12,15,false,false,false,,300.00,https://gb008a8dbfa8724-worx4uv1.adb.us-ashburn-1.oraclecloudapps.com/ords/worx4u/admin/efls/5AAF7F034CBD32FCE063E1FE000ABA9A/view
AEP_NORTH,SMARTENERGY HOLDINGS LLC,SmartGreen 3,0.1080,0.1000,0.0960,Fixed,3,100,false,false,false,,0.00,https://texas.smartenergy.com/docs/efls/output/20260902_F_AEPN_SG3_M2001_3.pdf
AEP_NORTH,SPARK ENERGY LLC,Sure Saver 12,0.1800,0.0770,0.1250,Fixed,12,37,false,false,true,"A $100 bill credit will be applied to each billing cycle in which usage is greater than 1,000 kWh.",100,https://signup.sparkenergy.com/getdocument/?getproductpdf=1&productid=154447&type=EFL_MSFCREDIT&title=154447_EFL_MSFCREDIT&language=english
AEP_NORTH,Octopus Energy,Octo Simple 3,0.1400,0.1370,0.1350,Fixed,3,100,false,false,false,,150.00,https://octopusenergy.com/efl/OCTO-SIMPLE-3-AEP_TNC-LZ_WEST-202609212200
AEP_NORTH,Discount Power,Saver 11,0.1400,0.1370,0.1350,Fixed,11,22,false,false,false,,95.00,https://www.discountpowertx.com/defl/M1F00193222846B.pdf
AEP_NORTH,PRONTO POWER,Pronto Flex 30,0.1890,0.1860,0.1840,Variable,1,25,true,false,false,,0.00,https://pronto-gridlink.smartgridcis.net/Documents/Download.aspx?ProductDocumentID=846
AEP_NORTH,Veteran Energy,Basic 12,0.1170,0.1140,0.1120,Fixed,12,3,false,false,false,,20.00 per month remaining,https://shopping.veteranenergyusa.com/PDFGenerator?formType=EnergyFactsLabel&comProdId=TNVTBASICAC12AA&tdsp=AEPTNC&lang=en&custClass=Residential
AEP_NORTH,Express Energy,Flash Value 12,0.2040,0.0750,0.1360,Fixed,12,3,false,false,true,A bill credit of $125 will be applied for each billing cycle in which usage is 1000 kWh or more.,20.00 per month remaining,https://shopping.myexpressenergy.com/PDFGenerator?formType=EnergyFactsLabel&comProdId=TNEXFLASHCC12IL&tdsp=AEPTNC&lang=en&custClass=Residential
AEP_NORTH,TXU ENERGY,Smart 1000 Select 12,0.2350,0.1150,0.1620,Fixed,12,3,false,false,true,"A bill credit of $100.00 will be applied for each billing cycle in which usage is 1000 kWh or more. A $25.00 summer bill credit will be applied for each billing cycle ending in July, August, and September in which usage is 1000 kWh or more.",150.00,https://residential.txu.com/Handlers/PDFGenerator.ashx?comProdId=TNXSMSL1KC12AB&lang=en&formType=EnergyFactsLabel&custClass=3&tdsp=AEPTNC
AEP_NORTH,Express Energy,Speedy 12,0.1170,0.1140,0.1120,Fixed,12,3,false,false,false,,20.00 per month remaining,https://shopping.myexpressenergy.com/PDFGenerator?formType=EnergyFactsLabel&comProdId=TNEXSPDYVBC12AA&tdsp=AEPTNC&lang=en&custClass=Residential
AEP_NORTH,CIRRO ENERGY,Smart Simple 11,0.1410,0.1380,0.1360,Fixed,11,22,false,false,false,,95.00,https://www.cirroenergy.com/defl/M1F00193223044C.pdf
AEP_NORTH,SFE ENERGY TEXAS INC,SFE RewardsPlus - 23,0.1330,0.1290,0.1280,Fixed,23,23,false,false,false,,175.00,https://empowerdocs.blob.core.windows.net/efldocuments/SFE_REWARDSPLUS_-_23_2516140728507671961_EFL_SFE%20Residential%20Fixed%20AEPN%2023English.pdf
CENTERPOINT,SFE ENERGY TEXAS INC,SFE RewardsPlus - 23,0.1350,0.1300,0.1270,Fixed,23,23,false,false,false,,175.00,https://empowerdocs.blob.core.windows.net/efldocuments/SFE_REWARDSPLUS_-_23_2516138691556215567_EFL_SFE%20Residential%20Fixed%20CNP%2023English.pdf
CENTERPOINT,CIRRO ENERGY,Smart Simple 11,0.1410,0.1360,0.1330,Fixed,11,22,false,false,false,,95.00,https://www.cirroenergy.com/defl/M1F00193223032D.pdf
CENTERPOINT,SOUTHERN FEDERAL POWER LLC,SoFed Easy Out Fixed - 9,0.1290,0.1190,0.1140,Fixed,9,6,false,false,false,,99.00,https://bit.ly/4iLXOv5
CENTERPOINT,Express Energy,Flash Value 12,0.2050,0.0750,0.1350,Fixed,12,3,false,false,true,A bill credit of $125 will be applied for each billing cycle in which usage is 1000 kWh or more.,20.00 per month remaining,https://shopping.myexpressenergy.com/PDFGenerator?formType=EnergyFactsLabel&comProdId=CPEXFLASHCC12IL&tdsp=CENTERP&lang=en&custClass=Residential
CENTERPOINT,Veteran Energy,Basic 12,0.1250,0.1200,0.1180,Fixed,12,3,false,false,false,,20.00 per month remaining,https://shopping.veteranenergyusa.com/PDFGenerator?formType=EnergyFactsLabel&comProdId=CPVTBASICAC12AB&tdsp=CENTERP&lang=en&custClass=Residential
CENTERPOINT,PRONTO POWER,Pronto Flex 30,0.1920,0.1890,0.1870,Variable,1,25,true,false,false,,0.00,https://pronto-gridlink.smartgridcis.net/Documents/Download.aspx?ProductDocumentID=841
CENTERPOINT,Octopus Energy,Octo Simple 3,0.1130,0.1080,0.1060,Fixed,3,100,false,false,false,,150.00,https://octopusenergy.com/efl/OCTO-SIMPLE-3-CENTERPOINT-LZ_HOUSTON-202609212200
CENTERPOINT,Discount Power,Saver 11,0.1400,0.1350,0.1320,Fixed,11,22,false,false,false,,95.00,https://www.discountpowertx.com/defl/M1F00193222834D.pdf
CENTERPOINT,SPARK ENERGY LLC,Sure Saver 12,0.1830,0.0780,0.1250,Fixed,12,37,false,false,true,"A $100 bill credit will be applied to each billing cycle in which usage is greater than 1,000 kWh.",100,https://signup.sparkenergy.com/getdocument/?getproductpdf=1&productid=154443&type=EFL_MSFCREDIT&title=154443_EFL_MSFCREDIT&language=english
CENTERPOINT,SMARTENERGY HOLDINGS LLC,SmartGreen 3,0.1160,0.1060,0.1010,Fixed,3,100,false,false,false,,0.00,https://texas.smartenergy.com/docs/efls/output/20260904_F_CPT_SG3_M2001_2.pdf
CENTERPOINT,Think Energy,Think Clean 24 With Smart Thermostat Connected,0.1370,0.1380,0.1380,Fixed,24,100,false,false,false,,200.00,https://api.thinkenergy.onproton.io/enrollment/get_latest_document?lang=en&product_code=tx.thinkclean.noap.fixed.thermostat&tdsp_id=5&doc_type=EFL&term=24&promo_code=default
CENTERPOINT,CONSTELLATION NEWENERGY INC,36 Month Usage Bill Credit,0.1720,0.1320,0.1400,Fixed,36,24,false,false,true,Constellation will automatically apply a $35 bill credit to your invoice for each billing cycle where usage is at least 1000 kWh. An additional $15 bill credit will be applied when usage reaches 2000 kWh,150.00,https://www.constellation.com/bin/residential/GetContractVersionPDF?versionNum=5029940
CENTERPOINT,CHARIOT ENERGY,GridPlus 12,0.2000,0.0700,0.1300,Fixed,12,100,false,false,true,"Receive credits on your bill when you use more electricity! A credit of $125 dollars will be applied to each monthly billing cycle when your consumption is equal to or greater than 1,000 kWh.",15 per remaining month,https://signup.chariotenergy.com//Home/EFl?productId=47950
CENTERPOINT,Atlantex Power,Luminous 9,0.1460,0.1410,0.1380,Fixed,10,23,false,false,false,,$20/month remaining,https://enroll.atlantexpower.com/EmailHTML/efl.aspx?RateID=11110&BrandID=3&PromoCodeID=115
CENTERPOINT,Atlantex Power,Luminous 36,0.1650,0.1600,0.1570,Fixed,36,23,false,false,false,,$20/month remaining,https://enroll.atlantexpower.com/EmailHTML/efl.aspx?RateID=3344&BrandID=3&PromoCodeID=115
CENTERPOINT,Base Power,Base Plan Energia 36,0.1370,0.1320,0.1290,Fixed,36,100,false,false,false,,20/mes restante,https://bpc-web-static-files.s3.us-east-2.amazonaws.com/efl/espanol-centerpoint-efl-energy36.pdf
CENTERPOINT,SFE ENERGY TEXAS INC,SFE RewardsPlus - 12,0.1320,0.1270,0.1240,Fixed,12,23,false,false,false,,175.00,https://empowerdocs.blob.core.windows.net/efldocuments/SFE_REWARDSPLUS_-_12_2516138691592777873_EFL_SFE%20Residential%20Fixed%20CNP%2012English.pdf
CENTERPOINT,PRONTO POWER,Summer 2026,0.1620,0.1450,0.1370,Fixed,3,26,true,false,false,,50.00,https://pronto-gridlink.smartgridcis.net//Documents/Download.aspx?ProductDocumentID=1164
CENTERPOINT,SMARTENERGY HOLDINGS LLC,SmartGreen 9 $200 Bill Credit,0.1370,0.1270,0.1220,Fixed,9,100,false,false,false,,20.00 per remaining month,https://texas.smartenergy.com/docs/efls/output/20260904_F_CPT_SG9-1MNTHBC_M2001_2.pdf
CENTERPOINT,SMARTENERGY HOLDINGS LLC,SmartGreen 12 $200 Bill Credit,0.1470,0.1370,0.1320,Fixed,12,100,false,false,false,,20.00 per remaining month,https://texas.smartenergy.com/docs/efls/output/20260904_F_CPT_SG12-1MNTHBC_M2001_2.pdf
CENTERPOINT,SMARTENERGY HOLDINGS LLC,SmartGreen 24 $200 Bill Credit,0.1470,0.1370,0.1320,Fixed,24,100,false,false,false,,20.00 per remaining month,https://texas.smartenergy.com/docs/efls/output/20260904_F_CPT_SG24-1MNTHBC_M2001_2.pdf
CENTERPOINT,RHYTHM,Rhythm Max Saver 24,0.2080,0.0830,0.1460,Fixed,24,100,false,false,true,Rhythm will automatically apply a $125 bill credit to your invoice for each billing cycle where usage is at least 1000 kWh.,20 / remaining month,https://api.gotrhythm.com/api/pricing/offers/latest-offers-efl/25538/?locale=en
CENTERPOINT,Energy Texas,The Lone Saver Plus 12,0.2070,0.0820,0.1450,Fixed,12,100,false,false,true,Energy Texas will automatically apply a $125 bill credit to your invoice for each billing cycle where usage is at least 1000 kWh.,20 / remaining month,https://api.energytexas.com/api/pricing/offers/latest-offers-efl/24012/?locale=en
CENTERPOINT,TXU ENERGY,Smart 1000 Select 12,0.2300,0.1090,0.1540,Fixed,12,3,false,false,true,"A bill credit of $100.00 will be applied for each billing cycle in which usage is 1000 kWh or more. A $25.00 summer bill credit will be applied for each billing cycle ending in July, August, and September in which usage is 1000 kWh or more.",150.00,https://residential.txu.com/Handlers/PDFGenerator.ashx?comProdId=CPXSMSL1KC12AB&lang=en&formType=EnergyFactsLabel&custClass=3&tdsp=CENTERP
CENTERPOINT,Energy Texas,No Bull 36,0.1400,0.1400,0.1400,Fixed,36,100,false,false,false,,20 / remaining month,https://api.energytexas.com/api/pricing/offers/latest-offers-efl/12889/?locale=en
CENTERPOINT,Energy Texas,No Bull 24,0.1330,0.1330,0.1340,Fixed,24,100,false,false,false,,20 / remaining month,https://api.energytexas.com/api/pricing/offers/latest-offers-efl/18847/?locale=en
CENTERPOINT,RHYTHM,Digital Choice 12,0.1210,0.1210,0.1220,Fixed,12,100,false,false,false,,20 / remaining month,https://api.gotrhythm.com/api/pricing/offers/latest-offers-efl/16243/?locale=en
CENTERPOINT,SFE ENERGY TEXAS INC,SFE RewardsPlus - 5,0.1250,0.1200,0.1170,Fixed,5,23,false,false,false,,175.00,https://empowerdocs.blob.core.windows.net/efldocuments/SFE_REWARDSPLUS_-_5_2516138691516059385_EFL_SFE Residential Fixed CNP 5English.pdf
CENTERPOINT,SFE ENERGY TEXAS INC,SFE RewardsPlus - 10,0.1290,0.1240,0.1210,Fixed,10,23,false,false,false,,175.00,https://empowerdocs.blob.core.windows.net/efldocuments/SFE_REWARDSPLUS_-_10_2516138691634340300_EFL_SFE Residential Fixed CNP 10English.pdf
CENTERPOINT,CONSTELLATION NEWENERGY INC,14 Month Usage Bill Credit,0.1580,0.1180,0.1260,Fixed,14,24,false,false,true,Constellation will automatically apply a $35 bill credit to your invoice for each billing cycle where usage is at least 1000 kWh. An additional $15 bill credit will be applied when usage reaches 2000 kWh,150.00,https://www.constellation.com/bin/residential/GetContractVersionPDF?versionNum=5029957
CENTERPOINT,BKV Energy,Daisy 9,0.1340,0.1290,0.1260,Fixed,9,29,false,false,false,,20/remaining month.,https://enroll.bkvenergy.com/Home/EFL?productCode=RN00080061&promo=&term=9
CENTERPOINT,Octopus Energy,OctopusFlex,0.1470,0.1420,0.1400,Fixed,12,100,false,true,false,,150.00,https://octopusenergy.com/efl/OCTOPUS-FLEX-CENTERPOINT-LZ_HOUSTON-202609212200
CENTERPOINT,CHARIOT ENERGY,Bright Nights 8,0.1310,0.1160,0.1090,Fixed,8,100,false,true,false,,15 per remaining month,https://signup.chariotenergy.com//Home/EFl?productId=48006
CENTERPOINT,Energy Texas,No Bull 8,0.1070,0.1070,0.1080,Fixed,8,100,false,false,false,,20 / remaining month,https://api.energytexas.com/api/pricing/offers/latest-offers-efl/26224/?locale=en
CENTERPOINT,RHYTHM,Digital Choice 8,0.1070,0.1070,0.1080,Fixed,8,100,false,false,false,,20 / remaining month,https://api.gotrhythm.com/api/pricing/offers/latest-offers-efl/26226/?locale=en
CENTERPOINT,AE TEXAS,Smart Secure 9,0.1280,0.1230,0.1200,Fixed,10,23,false,false,false,,20/month remaining,https://enroll.aetexasco.com/EmailHTML/efl.aspx?RateID=11149&BrandID=1&PromoCodeID=114
CENTERPOINT,Octopus Energy,Octo Simple 9,0.1220,0.1170,0.1140,Fixed,9,100,false,false,false,,150.00,https://octopusenergy.com/efl/OCTO-SIMPLE-9-CENTERPOINT-LZ_HOUSTON-202609212200
CENTERPOINT,Octopus Energy LLC,Octo Simple 24,0.1480,0.1440,0.1410,Fixed,24,100,false,false,false,,250.00,https://octopusenergy.com/efl/OCTO-SIMPLE-24-CENTERPOINT-LZ_HOUSTON-202609212200
CENTERPOINT,Companion Energy,Companion + Perks 12,0.1270,0.1220,0.1200,Fixed,12,30,false,false,false,,150.00,https://eflviewer.companionenergy.com/eflviewer.aspx?lang=EN&prodcode=CEPERK12&tdspcode=CNP&ppid=195130&logid=84844&filename=CNP_CEPERK12_20260917_0000_84844
CENTERPOINT,RHYTHM,Digital Choice 24,0.1330,0.1330,0.1340,Fixed,24,100,false,false,false,,20 / remaining month,https://api.gotrhythm.com/api/pricing/offers/latest-offers-efl/18862/?locale=en
CENTERPOINT,RHYTHM,Digital Choice 36,0.1400,0.1400,0.1400,Fixed,36,100,false,false,false,,20 / remaining month,https://api.gotrhythm.com/api/pricing/offers/latest-offers-efl/18909/?locale=en
CENTERPOINT,Octopus Energy,Octo Simple 6,0.1180,0.1130,0.1110,Fixed,6,100,false,false,false,,150.00,https://octopusenergy.com/efl/OCTO-SIMPLE-6-CENTERPOINT-LZ_HOUSTON-202609212200
CENTERPOINT,FRONTIER UTILITIES,Frontier Power Saver 12,0.1270,0.1220,0.1200,Fixed,12,30,false,false,false,,150.00,https://eflviewer.frontierutilities.com/eflviewer.aspx?lang=EN&prodcode=FPOWSVR12&tdspcode=CNP&ppid=195126&logid=84856&filename=CNP_FPOWSVR12_20260917_0000_84856
CENTERPOINT,FRONTIER UTILITIES,Frontier Power Saver 8,0.1130,0.1080,0.1060,Fixed,8,30,false,false,false,,150.00,https://eflviewer.frontierutilities.com/eflviewer.aspx?lang=EN&prodcode=FPOWSVR08&tdspcode=CNP&ppid=194762&logid=84644&filename=CNP_FPOWSVR08_20260909_0000_84644
CENTERPOINT,GEXA ENERGY,Gexa Eco Choice 8,0.1130,0.1080,0.1060,Fixed,8,100,false,false,false,,150.00,https://eflviewer.gexaenergy.com/eflviewer.aspx?lang=EN&prodcode=GXAECOCHI8&tdspcode=CNP&ppid=194763&logid=84650&filename=CNP_GXAECOCHI8_20260909_0000_84650
CENTERPOINT,VARSITY ENERGY LLC,TOUCHDOWN 12,0.1270,0.1220,0.1200,Fixed,12,31,false,false,false,,150.00,https://signup.varsityenergy.com/Home/EFl?productId=33016&ver=english
CENTERPOINT,Companion Energy,Companion + Perks 8,0.1130,0.1080,0.1060,Fixed,8,30,false,false,false,,150.00,https://eflviewer.companionenergy.com/eflviewer.aspx?lang=EN&prodcode=CEPERK8&tdspcode=CNP&ppid=194764&logid=84610&filename=CNP_CEPERK8_20260909_0000_84610
CENTERPOINT,Texans Choice Power LLC,Choose 12,0.1340,0.1290,0.1250,Fixed,12,37,false,false,false,,100,https://signup.texanschoicepower.com/getdocument/?getproductpdf=1&productid=153806&type=EFL&title=153806_EFL&language=english
CENTERPOINT,Texans Choice Power LLC,Texas Instant 12,0.2300,0.1150,0.1280,Fixed,12,37,false,false,true,"Pay the same amount every month whenever your usage is below 1,000 kWh.",200,https://signup.texanschoicepower.com/getdocument/?getproductpdf=1&productid=153825&type=EFL_TIEREDPRICING&title=153825_EFL_TIEREDPRICING&language=english
CENTERPOINT,Texans Choice Power LLC,Choose 6,0.1280,0.1230,0.1200,Fixed,6,37,false,false,false,,100,https://signup.texanschoicepower.com/getdocument/?getproductpdf=1&productid=153836&type=EFL&title=153836_EFL&language=english
CENTERPOINT,Budget Power,No Gimmicks Green 36,0.1360,0.1310,0.1290,Fixed,36,100,false,false,false,,250.00,https://signup.budgetpowertx.com/Home/EFL?productId=35210
CENTERPOINT,TRUE POWER,True Value 10,0.1270,0.1220,0.1190,Fixed,10,15,false,false,false,,300.00,https://gb008a8dbfa8724-worx4uv1.adb.us-ashburn-1.oraclecloudapps.com/ords/worx4u/admin/efls/5B8E2AAB0C3EB3AFE063EBF2000A51E0/view
CENTERPOINT,TRUE POWER,True Value 24,0.1320,0.1270,0.1240,Fixed,24,15,false,false,false,,300.00,https://gb008a8dbfa8724-worx4uv1.adb.us-ashburn-1.oraclecloudapps.com/ords/worx4u/admin/efls/5B8864D552706720E063EBF2000ADA5D/view
CENTERPOINT,TRUE POWER,True Value 36,0.1340,0.1290,0.1260,Fixed,36,15,false,false,false,,300.00,https://gb008a8dbfa8724-worx4uv1.adb.us-ashburn-1.oraclecloudapps.com/ords/worx4u/admin/efls/5B8885279DEC8D29E063EBF2000A0673/view
CENTERPOINT,Companion Energy,Companion Pro + Perks 3,0.1120,0.1070,0.1050,Fixed,3,30,false,false,false,,150.00,https://eflviewer.companionenergy.com/eflviewer.aspx?lang=EN&prodcode=CEPRPERK3&tdspcode=CNP&ppid=195131&logid=84835&filename=CNP_CEPRPERK3_20260917_0000_84835
CENTERPOINT,FRONTIER UTILITIES,Frontier Power Saver 3,0.1120,0.1070,0.1050,Fixed,3,30,false,false,false,,150.00,https://eflviewer.frontierutilities.com/eflviewer.aspx?lang=EN&prodcode=FPOWSVR3&tdspcode=CNP&ppid=195128&logid=84847&filename=CNP_FPOWSVR3_20260917_0000_84847
CENTERPOINT,TRUE POWER,True Value 12,0.1250,0.1200,0.1180,Fixed,12,15,false,false,false,,300.00,https://gb008a8dbfa8724-worx4uv1.adb.us-ashburn-1.oraclecloudapps.com/ords/worx4u/admin/efls/5C2B963A9B824405E063EBF2000AF5FC/view
CENTERPOINT,NEC Co-op Energy,Residential Electricity... Plain and simple.,0.1750,0.1630,0.1570,Variable,0,15,false,false,false,,0.00,https://neccoopenergy.com/wp-content/uploads/2026/08/EFL-9-1-26-RESIDENTIAL-Centerpoint.pdf
CENTERPOINT,CHAMPION ENERGY SERVICES LLC,Free Weekends-24,0.1490,0.1440,0.1410,Fixed,24,25,false,true,false,,250.00,https://docs.championenergyservices.com/ExternalDocs?planname=PN2388&state=TX&language=EN
CENTERPOINT,CIRRO ENERGY,Smart Simple 12,0.1410,0.1360,0.1330,Fixed,12,22,false,false,false,,150.00,https://www.cirroenergy.com/defl/M1F00193223028C.pdf
CENTERPOINT,CHAMPION ENERGY SERVICES LLC,Champ Saver-6,0.1380,0.1330,0.1310,Fixed,6,26,false,false,false,,150.00,https://docs.championenergyservices.com/ExternalDocs?planname=PN2387&state=TX&language=EN
CENTERPOINT,CONSTELLATION NEWENERGY INC,Simple Switch 3,0.1210,0.1160,0.1140,Fixed,3,24,false,false,false,,50.00,https://www.constellation.com/bin/residential/GetContractVersionPDF?versionNum=5029953
CENTERPOINT,Discount Power,Saver 12,0.1400,0.1350,0.1320,Fixed,12,22,false,false,false,,150.00,https://www.discountpowertx.com/defl/M1F00193222936C.pdf
CENTERPOINT,CHAMPION ENERGY SERVICES LLC,Champ Saver-12,0.1440,0.1390,0.1370,Fixed,12,25,false,false,false,,150.00,https://docs.championenergyservices.com/ExternalDocs?planname=PN2391&state=TX&language=EN
CENTERPOINT,CHAMPION ENERGY SERVICES LLC,Champ Saver-24,0.1480,0.1430,0.1410,Fixed,24,25,false,false,false,,250.00,https://docs.championenergyservices.com/ExternalDocs?planname=PN2396&state=TX&language=EN
CENTERPOINT,TARA ENERGY,Balanced Days Bundle - 3,0.1160,0.1070,0.1030,Fixed,3,22,false,true,false,,175.00,https://webs.taraenergy.com/Generate_Docs/Generate_EflLinks.aspx?RID=z9R/Q0Z4kT8=&RCID=cacW2cvK/I0=&L=6f+Ch9flI7k=
CENTERPOINT,AMIGO ENERGY,Sustainable Simply Days - 3,0.1160,0.1070,0.1030,Fixed,3,22,false,true,false,,175.00,https://webs.amigoenergy.com/Generate_Docs/Generate_EflLinks.aspx?RID=/LYnLZkG5Os=&RCID=rv5fvOkFHh4=&L=6f+Ch9flI7k=
CENTERPOINT,CIRRO ENERGY,Smart Simple 18,0.1470,0.1420,0.1390,Fixed,18,22,false,false,false,,180.00,https://www.cirroenergy.com/defl/M1F00193223114C.pdf
CENTERPOINT,JUST ENERGY,Sustainable Living Bundle - 3,0.1160,0.1070,0.1030,Fixed,3,22,false,false,false,,175.00,https://webs.justenergydeals.com/Generate_Docs/Generate_EflLinks.aspx?RID=FuOZhta/ldA=&RCID=gNASPlhlupI=&L=6f+Ch9flI7k=
CENTERPOINT,CIRRO ENERGY,Smart Simple 24,0.1470,0.1420,0.1390,Fixed,24,22,false,false,false,,295.00,https://www.cirroenergy.com/defl/M1F00193223104C.pdf
CENTERPOINT,CONSTELLATION NEWENERGY INC,12 Month A/C Protect Plus for 2 Units,0.1920,0.1520,0.1600,Fixed,12,24,false,false,true,Constellation will automatically apply a $35 bill credit to your invoice for each billing cycle where usage is at least 1000 kWh. An additional $15 bill credit will be applied when usage reaches 2000 kWh,150.00,https://www.constellation.com/bin/residential/GetContractVersionPDF?versionNum=5029949
CENTERPOINT,PAYLESS POWER,PTC 6 Month - Prepaid,0.1720,0.1670,0.1650,Fixed,6,26,true,false,false,,49.00,https://api.paylesspower.com/common/api/document/ctp/ERPP87/efl/en/487447
CENTERPOINT,PAYLESS POWER,PTC 12 Month - Prepaid,0.1750,0.1700,0.1680,Fixed,12,26,true,false,false,,49.00,https://api.paylesspower.com/common/api/document/ctp/ERPP86/efl/en/487447
CENTERPOINT,Discount Power,Saver 24,0.1460,0.1410,0.1380,Fixed,24,22,false,false,false,,295.00,https://www.discountpowertx.com/defl/M1F00193222970C.pdf
CENTERPOINT,Express Energy,Speedy 12,0.1250,0.1200,0.1180,Fixed,12,3,false,false,false,,20 per month remaining,https://shopping.myexpressenergy.com/PDFGenerator?formType=EnergyFactsLabel&comProdId=CPEXSPDYVBC12AD&tdsp=CENTERP&lang=en&custClass=Residential
CENTERPOINT,GREEN MOUNTAIN ENERGY COMPANY,Pollution Free e-Plus 12 Choice,0.1590,0.1490,0.1440,Fixed,12,100,false,false,false,,150.00,https://signup.greenmountain.com/defl/G1F00201600437A.pdf
CENTERPOINT,GREEN MOUNTAIN ENERGY COMPANY,Pollution Free e-Plus Choice,0.1890,0.1790,0.1740,Variable,0,100,false,false,false,,0.00,https://signup.greenmountain.com/defl/G1F00201600373A.pdf
CENTERPOINT,TARA ENERGY,Sustainable Home Bundle - 3,0.1160,0.1070,0.1030,Fixed,3,22,false,false,false,,175.00,https://webs.taraenergy.com/Generate_Docs/Generate_EflLinks.aspx?RID=imB7M565xDI=&RCID=cacW2cvK/I0=&L=6f+Ch9flI7k=
CENTERPOINT,AMIGO ENERGY,Sustainable Lifestyle - 3,0.1160,0.1070,0.1030,Fixed,3,22,false,false,false,,175.00,https://webs.amigoenergy.com/Generate_Docs/Generate_EflLinks.aspx?RID=BTLJt8gww9o=&RCID=rv5fvOkFHh4=&L=6f+Ch9flI7k=
CENTERPOINT,AMIGO ENERGY,Power Perks - 12,0.2280,0.0980,0.1580,Fixed,12,22,false,false,true,$125 bill credit when monthly usage is >= 1000 kWh,175.00,https://webs.amigoenergy.com/Generate_Docs/Generate_EflLinks.aspx?RID=eb1t1wIDNjY=&RCID=rv5fvOkFHh4=&L=6f+Ch9flI7k=
CENTERPOINT,TARA ENERGY,Value Choice - 12,0.2280,0.0980,0.1580,Fixed,12,22,false,false,true,$125 bill credit when monthly usage is >= 1000 kWh,175.00,https://webs.taraenergy.com/Generate_Docs/Generate_EflLinks.aspx?RID=9Drkhe8qmnI=&RCID=cacW2cvK/I0=&L=6f+Ch9flI7k=
CENTERPOINT,GREEN MOUNTAIN ENERGY COMPANY,Pollution Free e-Plus 24 Choice,0.1630,0.1530,0.1480,Fixed,24,100,false,false,false,,295.00,https://signup.greenmountain.com/defl/G1F00201600345A.pdf
CENTERPOINT,AMIGO ENERGY,Basics PTC - 36,0.1600,0.1550,0.1530,Fixed,36,22,false,false,false,,175.00,https://webs.amigoenergy.com/Generate_Docs/Generate_EflLinks.aspx?RID=eAhGgfwqGU8=&RCID=rv5fvOkFHh4=&L=6f+Ch9flI7k=
CENTERPOINT,JUST ENERGY,Sustainable Days Bundle - 3,0.1160,0.1070,0.1030,Fixed,3,22,false,true,false,,175.00,https://webs.justenergydeals.com/Generate_Docs/Generate_EflLinks.aspx?RID=vVII7aGnkTg=&RCID=gNASPlhlupI=&L=6f+Ch9flI7k=
CENTERPOINT,JUST ENERGY,Smart Choice - 12,0.2280,0.0980,0.1580,Fixed,12,22,false,false,true,$125 bill credit when monthly usage is >= 1000 kWh,175.00,https://webs.justenergydeals.com/Generate_Docs/Generate_EflLinks.aspx?RID=Pnb1YDLgCDU=&RCID=gNASPlhlupI=&L=6f+Ch9flI7k=
CENTERPOINT,CONSTELLATION NEWENERGY INC,Simple Switch 11,0.1400,0.1350,0.1330,Fixed,11,24,false,false,false,,50.00,https://www.constellation.com/bin/residential/GetContractVersionPDF?versionNum=5029955
CENTERPOINT,RELIANT,Reliant Power On 24 Plan,0.1620,0.1520,0.1470,Fixed,24,22,false,false,false,,295.00,https://www.reliant.com/defl/R1F00200156540A.pdf
CENTERPOINT,CHARIOT ENERGY,Chariot Freedom,0.1570,0.1520,0.1500,Variable,0,100,false,false,false,,0.00,https://signup.chariotenergy.com//Home/EFl?productId=47558
CENTERPOINT,SPARK ENERGY LLC,Choose 15,0.1350,0.1300,0.1270,Fixed,15,37,false,false,false,,100,https://www.sparkenergy.com/products-and-services/?getproductpdf=1&PromotionCode=PTC&ProductID=148482&type=EFL&title=Electricity+Facts+Label&language=english
CENTERPOINT,Octopus Energy,Octo Simple 12,0.1270,0.1220,0.1200,Fixed,12,100,false,false,false,,150,https://octopusenergy.com/efl/OCTO-SIMPLE-12-CENTERPOINT-LZ_HOUSTON-202609212200
CENTERPOINT,RELIANT,Reliant Power On 12 Plan,0.1580,0.1480,0.1430,Fixed,12,22,false,false,false,,150.00,https://www.reliant.com/defl/R1F00200156356A.pdf
CENTERPOINT,SPARK ENERGY LLC,Choose 12,0.1340,0.1290,0.1260,Fixed,12,37,false,false,false,,100,https://www.sparkenergy.com/products-and-services/?getproductpdf=1&PromotionCode=PTC&ProductID=148481&type=EFL&title=Electricity+Facts+Label&language=english
CENTERPOINT,DIRECT ENERGY,Autopay Texas 24,0.1570,0.1470,0.1420,Fixed,24,22,false,false,false,,295.00,https://m-api.directenergy.com/de-mobile-oam-services/defl/D1F00200112784A.pdf
CENTERPOINT,DIRECT ENERGY,Autopay Texas 36,0.1600,0.1500,0.1450,Fixed,36,22,false,false,false,,395.00,https://m-api.directenergy.com/de-mobile-oam-services/defl/D1F00200112833A.pdf
CENTERPOINT,Discount Power,Saver 18,0.1460,0.1410,0.1380,Fixed,18,22,false,false,false,,180.00,https://www.discountpowertx.com/defl/M1F00193222974C.pdf
CENTERPOINT,GREEN MOUNTAIN ENERGY COMPANY,Pollution Free e-Plus 36 Choice,0.1640,0.1540,0.1490,Fixed,36,100,false,false,false,,395.00,https://signup.greenmountain.com/defl/G1F00201600473A.pdf
CENTERPOINT,DIRECT ENERGY,Autopay Texas 12,0.1540,0.1440,0.1390,Fixed,12,22,false,false,false,,150.00,https://m-api.directenergy.com/de-mobile-oam-services/defl/D1F00200112738A.pdf
CENTERPOINT,TARA ENERGY,Basics PTC - 36,0.1600,0.1550,0.1530,Fixed,36,22,false,false,false,,175.00,https://webs.taraenergy.com/Generate_Docs/Generate_EflLinks.aspx?RID=XNXhI5oJzC8=&RCID=cacW2cvK/I0=&L=6f+Ch9flI7k=
CENTERPOINT,BRANCH ENERGY (TEXAS) LLC,Branch Fixed 12,0.1370,0.1320,0.1300,Fixed,12,100,false,false,false,,120.00,https://assets.oak.phloem.io/docs/efd9a6f3-1f72-482d-a866-0ca45f86f999/html
CENTERPOINT,CleanSky Energy,Embrace Green 12 - New Customer Special,0.1400,0.1350,0.1330,Fixed,12,100,false,false,false,,75.00,https://enroll.cleanskyenergy.com//Home/EFL?productCode=RN00008030&promo=&term=12
CENTERPOINT,CleanSky Energy,Embrace Green 24 - New Customer Special,0.1430,0.1380,0.1360,Fixed,24,100,false,false,false,,150.00,https://enroll.cleanskyenergy.com//Home/EFL?productCode=RN00008029&promo=&term=24
CENTERPOINT,CleanSky Energy,Embrace Green 36 - New Customer Special,0.1460,0.1410,0.1390,Fixed,36,100,false,false,false,,225.00,https://enroll.cleanskyenergy.com//Home/EFL?productCode=RN00008037&promo=&term=36
CENTERPOINT,GEXA ENERGY,Gexa Eco Choice 3,0.1120,0.1070,0.1050,Fixed,3,100,false,false,false,,150.00,https://eflviewer.gexaenergy.com/eflviewer.aspx?lang=EN&prodcode=GXAECOCHI3&tdspcode=CNP&ppid=195129&logid=84859&filename=CNP_GXAECOCHI3_20260917_0000_84859
CENTERPOINT,RELIANT,Reliant Power On 18,0.1570,0.1470,0.1420,Fixed,18,22,false,false,false,,180.00,https://www.reliant.com/defl/R1F00200156450A.pdf
CENTERPOINT,GOOD CHARLIE & CO LLC,GoodEnergy 24,0.1610,0.1510,0.1460,Fixed,24,25,false,false,false,,20 per month remaining,https://api.goodcharlie.com/products/2047/EFL/Centerpoint/latest/en
CENTERPOINT,GOOD CHARLIE & CO LLC,GoodEnergy 12,0.1570,0.1470,0.1420,Fixed,12,25,false,false,false,,20 per month remaining,https://api.goodcharlie.com/products/2046/EFL/Centerpoint/latest/en
CENTERPOINT,SPARK ENERGY LLC,Choose 6,0.1280,0.1230,0.1200,Fixed,6,37,false,false,false,,100,https://www.sparkenergy.com/products-and-services/?getproductpdf=1&PromotionCode=PTC&ProductID=150853&type=EFL&title=Electricity+Facts+Label&language=english
CENTERPOINT,GOOD CHARLIE & CO LLC,GoodEnergy 36,0.1660,0.1560,0.1510,Fixed,36,25,false,false,false,,20 per month remaining,https://api.goodcharlie.com/products/2048/EFL/Centerpoint/latest/en
CENTERPOINT,Ranchero Power,Ranchero Fixed Prime - 48,0.1530,0.1430,0.1390,Fixed,48,6,false,false,false,,0.00,https://bit.ly/3UjpLQV
CENTERPOINT,Ranchero Power,Ranchero No Worries - 9,0.1280,0.1180,0.1130,Fixed,9,6,false,false,false,,99.00,https://bit.ly/4ydon1e
CENTERPOINT,Ranchero Power,Ranchero Cheapskate - 3,0.1160,0.1060,0.1020,Fixed,3,6,false,false,false,,179.00,https://bit.ly/47etSAC
CENTERPOINT,Ranchero Power,Ranchero Smart & Fixed - 12,0.1370,0.1270,0.1230,Fixed,12,6,false,false,false,,179.00,https://bit.ly/4xvhesB
CENTERPOINT,Ranchero Power,Smart & Fixed - 36,0.1440,0.1340,0.1290,Fixed,36,6,false,false,false,,179.00,https://bit.ly/4dIHEiD
CENTERPOINT,Ranchero Power,No Contract Advantage,0.1070,0.0970,0.0930,Variable,1,6,false,false,false,,0.00,https://bit.ly/47306yF
CENTERPOINT,SOUTHERN FEDERAL POWER LLC,SoFed Digital Saver Plus - 12,0.1310,0.1260,0.1240,Fixed,12,6,false,false,false,,99.00,https://bit.ly/4qKIoZU
CENTERPOINT,SOUTHERN FEDERAL POWER LLC,SoFed Try Us Out Now - 3,0.1160,0.1060,0.1020,Fixed,3,6,false,false,false,,0.00,https://bit.ly/3TRbkDw
CENTERPOINT,SOUTHERN FEDERAL POWER LLC,SoFed Better Rate - 36,0.1450,0.1350,0.1300,Fixed,36,6,false,false,false,,249.00,https://bit.ly/4reVsHj
CENTERPOINT,SOUTHERN FEDERAL POWER LLC,Variable Advantage,0.1070,0.0970,0.0930,Variable,1,6,false,false,false,,0.00,https://bit.ly/4xwdUxg
CENTERPOINT,BKV Energy,Daisy 12,0.1410,0.1360,0.1340,Fixed,12,29,false,false,false,,20/remaining month.,https://enroll.bkvenergy.com/Home/EFL?productCode=RN00001194&promo=&term=12
CENTERPOINT,TRIEAGLE ENERGY LP,Sure Value 36,0.1640,0.1290,0.1410,Fixed,36,3,false,false,true,A bill credit of $30 will be applied for each billing cycle in which usage is 1000 kWh or more.,20.00 per month left in term,https://shopping.trieagleenergy.com/PDFGenerator?formType=EnergyFactsLabel&comProdId=CPXTESRVALC36AA&tdsp=CENTERP&lang=en&custClass=Residential
CENTERPOINT,REVOLUTION ENERGY LLC,Stars and Stripes Flex,0.1280,0.1190,0.1150,Variable,1,24,false,false,false,,0.00,https://e966f83b313c3b45ede3-64a631b37f7b69cdf842d11bca52af9c.ssl.cf5.rackcdn.com//202609/EFL-20260902-114700-CENTERPT-Stars and Stripes Flex (English).pdf
CENTERPOINT,REVOLUTION ENERGY LLC,Stars and Stripes Green Flex,0.1290,0.1200,0.1160,Variable,1,100,false,false,false,,0.00,https://e966f83b313c3b45ede3-64a631b37f7b69cdf842d11bca52af9c.ssl.cf5.rackcdn.com//202609/EFL-20260902-114700-CENTERPT-Stars and Stripes Green Flex (English).pdf
CENTERPOINT,REVOLUTION ENERGY LLC,Stars and Stripes 9,0.1310,0.1220,0.1180,Fixed,9,24,false,false,false,,175.00,https://e966f83b313c3b45ede3-64a631b37f7b69cdf842d11bca52af9c.ssl.cf5.rackcdn.com//202609/EFL-20260922-122500-CENTERPT-Stars and Stripes 9 (English).pdf
CENTERPOINT,REVOLUTION ENERGY LLC,Stars and Stripes 12,0.1410,0.1320,0.1270,Fixed,12,24,false,false,false,,200.00,https://e966f83b313c3b45ede3-64a631b37f7b69cdf842d11bca52af9c.ssl.cf5.rackcdn.com//202609/EFL-20260922-122500-CENTERPT-Stars and Stripes 12 (English).pdf
CENTERPOINT,REVOLUTION ENERGY LLC,Stars and Stripes 18,0.1420,0.1330,0.1290,Fixed,18,24,false,false,false,,250.00,https://e966f83b313c3b45ede3-64a631b37f7b69cdf842d11bca52af9c.ssl.cf5.rackcdn.com//202609/EFL-20260922-122500-CENTERPT-Stars and Stripes 18 (English).pdf
CENTERPOINT,REVOLUTION ENERGY LLC,Stars and Stripes 24,0.1430,0.1340,0.1300,Fixed,24,24,false,false,false,,300.00,https://e966f83b313c3b45ede3-64a631b37f7b69cdf842d11bca52af9c.ssl.cf5.rackcdn.com//202609/EFL-20260922-122500-CENTERPT-Stars and Stripes 24 (English).pdf
CENTERPOINT,REVOLUTION ENERGY LLC,Stars and Stripes 36,0.1450,0.1370,0.1320,Fixed,36,24,false,false,false,,375.00,https://e966f83b313c3b45ede3-64a631b37f7b69cdf842d11bca52af9c.ssl.cf5.rackcdn.com//202609/EFL-20260922-122500-CENTERPT-Stars and Stripes 36 (English).pdf
CENTERPOINT,REVOLUTION ENERGY LLC,Liberty Bell Flex,0.1270,0.1190,0.1150,Variable,1,24,false,false,false,,0.00,https://e966f83b313c3b45ede3-64a631b37f7b69cdf842d11bca52af9c.ssl.cf5.rackcdn.com//202609/EFL-20260902-114700-CENTERPT-Liberty Bell Flex (English).pdf
CENTERPOINT,REVOLUTION ENERGY LLC,Liberty Bell Green Flex,0.1280,0.1200,0.1160,Variable,1,100,false,false,false,,0.00,https://e966f83b313c3b45ede3-64a631b37f7b69cdf842d11bca52af9c.ssl.cf5.rackcdn.com//202609/EFL-20260902-114700-CENTERPT-Liberty Bell Green Flex (English).pdf
CENTERPOINT,TRIEAGLE ENERGY LP,Simple Savings 36,0.1530,0.1480,0.1450,Fixed,36,3,false,false,false,,20.00 per month left in term,https://shopping.trieagleenergy.com/PDFGenerator?formType=EnergyFactsLabel&comProdId=CPXTESMSAVC36AA&tdsp=CENTERP&lang=en&custClass=Residential
CENTERPOINT,TRIEAGLE ENERGY LP,Simple Savings 12,0.1470,0.1420,0.1390,Fixed,12,3,false,false,false,,20.00 per month left in term,https://shopping.trieagleenergy.com/PDFGenerator?formType=EnergyFactsLabel&comProdId=CPXTESMSAVC12AA&tdsp=CENTERP&lang=en&custClass=Residential
CENTERPOINT,GREEN MOUNTAIN ENERGY COMPANY,Pollution Free e-Plus 9 Choice,0.1580,0.1480,0.1430,Fixed,9,100,false,false,false,,95.00,https://signup.greenmountain.com/defl/G1F00201600313A.pdf
CENTERPOINT,RELIANT,Reliant Power On 9 Plan,0.1490,0.1390,0.1340,Fixed,9,24,false,false,false,,95.00,https://www.reliant.com/defl/R1F00200156486A.pdf
CENTERPOINT,PAYLESS POWER,PTC 12 Month - Postpaid,0.1490,0.1440,0.1420,Fixed,12,26,false,false,false,,199.00,https://api.paylesspower.com/common/api/document/ctp/ERPT92/efl/en/487447
CENTERPOINT,PAYLESS POWER,PTC 6 Month - Postpaid,0.1460,0.1410,0.1390,Fixed,6,26,false,false,false,,149.00,https://api.paylesspower.com/common/api/document/ctp/ERPT93/efl/en/487447
CENTERPOINT,PAYLESS POWER,PTC 3 Month - Postpaid,0.1140,0.1090,0.1070,Fixed,3,26,false,false,false,,99.00,https://api.paylesspower.com/common/api/document/ctp/ERPT94/efl/en/487447
CENTERPOINT,JUST ENERGY,Basics PTC - 60,0.1600,0.1550,0.1530,Fixed,60,22,false,false,false,,175.00,https://webs.justenergydeals.com/Generate_Docs/Generate_EflLinks.aspx?RID=F8VRfORJhdo=&RCID=gNASPlhlupI=&L=6f+Ch9flI7k=
CENTERPOINT,GEXA ENERGY,Gexa Eco Choice 12,0.1270,0.1220,0.1200,Fixed,12,100,false,false,false,,150.00,https://eflviewer.gexaenergy.com/eflviewer.aspx?lang=EN&prodcode=GXAECOCHI12&tdspcode=CNP&ppid=195127&logid=84868&filename=CNP_GXAECOCHI12_20260917_0000_84868
CENTERPOINT,AMIGO ENERGY,Basics PTC - 24,0.1600,0.1550,0.1530,Fixed,24,22,false,false,false,,175.00,https://webs.amigoenergy.com/Generate_Docs/Generate_EflLinks.aspx?RID=A273rW86gpk=&RCID=rv5fvOkFHh4=&L=6f+Ch9flI7k=
CENTERPOINT,TARA ENERGY,Basics PTC - 24,0.1600,0.1550,0.1530,Fixed,24,22,false,false,false,,175.00,https://webs.taraenergy.com/Generate_Docs/Generate_EflLinks.aspx?RID=iNRG+F19+3M=&RCID=cacW2cvK/I0=&L=6f+Ch9flI7k=
CENTERPOINT,TRIEAGLE ENERGY LP,Simple Savings 28,0.1430,0.1380,0.1350,Fixed,28,3,false,false,false,,20.00 per month left in term,https://shopping.trieagleenergy.com/PDFGenerator?formType=EnergyFactsLabel&comProdId=CPXTESMSAVC28AA&tdsp=CENTERP&lang=en&custClass=Residential
CENTERPOINT,AP GAS & ELECTRIC (TX) LLC,TrueClassic 12,0.1330,0.1280,0.1260,Fixed,12,6,false,false,false,,150.00,https://artemis-api.apge.com/api/v1/document?documentId=73&offerCode=SRBTX_CTP_NA_NA_RES_FPR_SD0_T12_NEW
CENTERPOINT,AP GAS & ELECTRIC (TX) LLC,TrueClassic 24,0.1380,0.1330,0.1310,Fixed,24,6,false,false,false,,250.00,https://artemis-api.apge.com/api/v1/document?documentId=73&offerCode=SRBTX_CTP_NA_NA_RES_FPR_SD0_T24_NEW
CENTERPOINT,AP GAS & ELECTRIC (TX) LLC,Bonus Saver 3,0.1560,0.1510,0.0990,Fixed,3,6,false,false,true,$100 bill credit when usage is at least 2000 kWh for the next 3 months.,150.00,https://artemis-api.apge.com/api/v1/document?documentId=73&offerCode=SRB100T_CTP_NA_NA_RES_F100H_SD0_T3_NEW
CENTERPOINT,AP GAS & ELECTRIC (TX) LLC,SimpleSaver 12,0.1990,0.0690,0.1290,Fixed,12,6,false,false,true,$125 bill credit when usage is at least 1000 kWh for the next 12 months.,150.00,https://artemis-api.apge.com/api/v1/document?documentId=73&offerCode=SRBBUC_CTP_NA_NA_RES_F125M_SD0_T12_NEW
CENTERPOINT,AP GAS & ELECTRIC (TX) LLC,Simple Saver 3,0.1920,0.0620,0.1220,Fixed,3,6,false,false,true,$125 bill credit when usage is at least 1000 kWh for the next 3 months.,150.00,https://artemis-api.apge.com/api/v1/document?documentId=73&offerCode=SRBBUC_CTP_NA_NA_RES_F125M_SD0_T3_NEW
CENTERPOINT,JUST ENERGY,Basics PTC - 24,0.1600,0.1550,0.1530,Fixed,24,22,false,false,false,,175.00,https://webs.justenergydeals.com/Generate_Docs/Generate_EflLinks.aspx?RID=JZ3Oa7vI/o8=&RCID=gNASPlhlupI=&L=6f+Ch9flI7k=
CENTERPOINT,INFUSE ENERGY,Essential Infusion Flex,0.1260,0.1190,0.1160,Variable,1,24,false,false,false,,0.00,https://88fd201f32c53c2bd0fb-11ba98ed637230a2314ec7c228a44bda.ssl.cf5.rackcdn.com/202609/EFL-20260902-105100-CENTERPT-Essential Infusion Flex (English).pdf
CENTERPOINT,INFUSE ENERGY,Essential Infusion Green Flex,0.1270,0.1200,0.1170,Variable,1,100,false,false,false,,0.00,https://88fd201f32c53c2bd0fb-11ba98ed637230a2314ec7c228a44bda.ssl.cf5.rackcdn.com/202609/EFL-20260902-105100-CENTERPT-Essential Infusion Green Flex (English).pdf
CENTERPOINT,INFUSE ENERGY,PTC Green Infusion Flex,0.1300,0.1200,0.1150,Variable,1,100,false,false,false,,0.00,https://88fd201f32c53c2bd0fb-11ba98ed637230a2314ec7c228a44bda.ssl.cf5.rackcdn.com/202609/EFL-20260902-105100-CENTERPT-PTC Green Infusion Flex (English).pdf
CENTERPOINT,INFUSE ENERGY,PTC Infusion Flex,0.1290,0.1190,0.1140,Variable,1,24,false,false,false,,0.00,https://88fd201f32c53c2bd0fb-11ba98ed637230a2314ec7c228a44bda.ssl.cf5.rackcdn.com/202609/EFL-20260902-105100-CENTERPT-PTC Infusion Flex (English).pdf
CENTERPOINT,INFUSE ENERGY,Essential Infusion 3,0.1210,0.1140,0.1100,Fixed,3,24,false,false,false,,100.00,https://88fd201f32c53c2bd0fb-11ba98ed637230a2314ec7c228a44bda.ssl.cf5.rackcdn.com/202609/EFL-20260922-125100-CENTERPT-Essential Infusion 3 (English).pdf
CENTERPOINT,INFUSE ENERGY,Essential Infusion 6,0.1300,0.1230,0.1200,Fixed,6,24,false,false,false,,150.00,https://88fd201f32c53c2bd0fb-11ba98ed637230a2314ec7c228a44bda.ssl.cf5.rackcdn.com/202609/EFL-20260922-125100-CENTERPT-Essential Infusion 6 (English).pdf
CENTERPOINT,INFUSE ENERGY,Essential Infusion 12,0.1390,0.1320,0.1280,Fixed,12,24,false,false,false,,200.00,https://88fd201f32c53c2bd0fb-11ba98ed637230a2314ec7c228a44bda.ssl.cf5.rackcdn.com/202609/EFL-20260922-125100-CENTERPT-Essential Infusion 12 (English).pdf
CENTERPOINT,PRONTO POWER,Power To Choose,0.1760,0.1590,0.1510,Variable,1,26,true,false,false,,0.00,https://pronto-gridlink.smartgridcis.net//Documents/Download.aspx?ProductDocumentID=1098
CENTERPOINT,INFUSE ENERGY,Essential Infusion 24,0.1410,0.1340,0.1310,Fixed,24,24,false,false,false,,300.00,https://88fd201f32c53c2bd0fb-11ba98ed637230a2314ec7c228a44bda.ssl.cf5.rackcdn.com/202609/EFL-20260922-125100-CENTERPT-Essential Infusion 24 (English).pdf
CENTERPOINT,INFUSE ENERGY,Essential Infusion 36,0.1430,0.1370,0.1330,Fixed,36,24,false,false,false,,375.00,https://88fd201f32c53c2bd0fb-11ba98ed637230a2314ec7c228a44bda.ssl.cf5.rackcdn.com/202609/EFL-20260922-125100-CENTERPT-Essential Infusion 36 (English).pdf
CENTERPOINT,Think Energy,Think Clean 12,0.1510,0.1410,0.1360,Fixed,12,100,false,false,false,,200.00,https://api.thinkenergy.onproton.io/enrollment/get_latest_document?lang=en&product_code=tx.thinkclean.noap.fixed&tdsp_id=5&doc_type=EFL&term=12&promo_code=default
CENTERPOINT,Budget Power,No Gimmicks 12,0.1290,0.1240,0.1220,Fixed,12,24,false,false,false,,100.00,https://signup.budgetpowertx.com/Home/EFL?productId=35201&Promo=
CENTERPOINT,Budget Power,No Gimmicks 24,0.1320,0.1270,0.1250,Fixed,24,24,false,false,false,,175.00,https://signup.budgetpowertx.com/Home/EFL?productId=35203&Promo=
CENTERPOINT,Budget Power,No Gimmicks 36,0.1350,0.1300,0.1280,Fixed,36,24,false,false,false,,250.00,https://signup.budgetpowertx.com/Home/EFL?productId=35172&Promo=
CENTERPOINT,Budget Power,No Gimmicks 18,0.1280,0.1230,0.1210,Fixed,18,24,false,false,false,,125.00,https://signup.budgetpowertx.com/Home/EFL?productId=35202&Promo=
CENTERPOINT,Think Energy,Think Clean 24,0.1570,0.1480,0.1430,Fixed,24,100,false,false,false,,200.00,https://api.thinkenergy.onproton.io/enrollment/get_latest_document?lang=en&product_code=tx.thinkclean.ap.fixed&tdsp_id=5&doc_type=EFL&term=24&promo_code=default
CENTERPOINT,Discount Power,Saver 10,0.1400,0.1350,0.1320,Fixed,10,22,false,false,false,,95.00,https://www.discountpowertx.com/defl/M1F00193222858D.pdf
CENTERPOINT,CIRRO ENERGY,Smart Simple 10,0.1410,0.1360,0.1330,Fixed,10,22,false,false,false,,95.00,https://www.cirroenergy.com/defl/M1F00193223056D.pdf
CENTERPOINT,AE TEXAS,Smart Secure 36,0.1470,0.1420,0.1390,Fixed,36,23,false,false,false,,20/month remaining,https://enroll.aetexasco.com/EmailHTML/efl.aspx?RateID=3747&BrandID=1&PromoCodeID=114
CENTERPOINT,Think Energy,Think Clean 12 with Smart Thermostat Connected,0.1310,0.1310,0.1310,Fixed,12,100,false,false,false,,200.00,https://api.thinkenergy.onproton.io/enrollment/get_latest_document?lang=en&product_code=tx.thinkclean.noap.fixed.thermostat&tdsp_id=5&doc_type=EFL&term=12&promo_code=default
CENTERPOINT,BKV Energy,Daisy 13,0.1420,0.1370,0.1340,Fixed,13,29,false,false,false,,20/remaining month.,https://enroll.bkvenergy.com/Home/EFL?productCode=RN00013530&term=13
CENTERPOINT,CHARIOT ENERGY,Bright Nights 12,0.1370,0.1220,0.1150,Fixed,12,100,false,true,false,,15 per remaining month,https://signup.chariotenergy.com//Home/EFl?productId=48007
CENTERPOINT,CHARIOT ENERGY,Bright Nights 24,0.1420,0.1270,0.1200,Fixed,24,100,false,true,false,,15 per remaining month,https://signup.chariotenergy.com//Home/EFl?productId=47947
CENTERPOINT,CHARIOT ENERGY,Bright Nights 36,0.1440,0.1290,0.1220,Fixed,36,100,false,true,false,,15 per remaining month,https://signup.chariotenergy.com//Home/EFl?productId=47934
CENTERPOINT,BKV Energy,Daisy 11,0.1370,0.1320,0.1300,Fixed,11,29,false,false,false,,20/remaining month.,https://enroll.bkvenergy.com/Home/EFL?productCode=RN00027079&promo=&term=11
CENTERPOINT,BKV Energy,Daisy 18,0.1410,0.1360,0.1340,Fixed,18,29,false,false,false,,20/remaining month.,https://enroll.bkvenergy.com/Home/EFL?productCode=RN00027073&promo=&term=18
CENTERPOINT,Energy Texas,No Bull 12,0.1210,0.1210,0.1220,Fixed,12,100,false,false,false,,20 / remaining month,https://api.energytexas.com/api/pricing/offers/latest-offers-efl/12677/?locale=en
LPL,CHAMPION ENERGY SERVICES LLC,Champ Saver-6,0.1270,0.1270,0.1270,Fixed,6,26,false,false,false,,150.00,https://docs.championenergyservices.com/ExternalDocs?planname=PN6171&state=TX&language=EN
LPL,JUST ENERGY,Sustainable Living Bundle - 3,0.1140,0.1100,0.1080,Fixed,3,22,false,false,false,,175.00,https://webs.justenergydeals.com/Generate_Docs/Generate_EflLinks.aspx?RID=ggQMSqEiKnw=&RCID=gNASPlhlupI=&L=6f+Ch9flI7k=
LPL,JUST ENERGY,Smart Choice - 12,0.2440,0.1190,0.1820,Fixed,12,22,false,false,true,$125 bill credit when monthly usage is >= 1000 kWh,175.00,https://webs.justenergydeals.com/Generate_Docs/Generate_EflLinks.aspx?RID=BHXZlePVhiw=&RCID=gNASPlhlupI=&L=6f+Ch9flI7k=
LPL,AMIGO ENERGY,Basics PTC - 36,0.1490,0.1490,0.1490,Fixed,36,22,false,false,false,,175.00,https://webs.amigoenergy.com/Generate_Docs/Generate_EflLinks.aspx?RID=S8UvhovVo/k=&RCID=rv5fvOkFHh4=&L=6f+Ch9flI7k=
LPL,AMIGO ENERGY,Power Perks - 12,0.2440,0.1190,0.1820,Fixed,12,22,false,false,true,$125 bill credit when monthly usage is >= 1000 kWh,175.00,https://webs.amigoenergy.com/Generate_Docs/Generate_EflLinks.aspx?RID=c+WwLiGtG8g=&RCID=rv5fvOkFHh4=&L=6f+Ch9flI7k=
LPL,TARA ENERGY,Sustainable Home Bundle - 3,0.1140,0.1100,0.1080,Fixed,3,22,false,false,false,,175.00,https://webs.taraenergy.com/Generate_Docs/Generate_EflLinks.aspx?RID=oTy5Xge4DTw=&RCID=cacW2cvK/I0=&L=6f+Ch9flI7k=
LPL,TARA ENERGY,Value Choice - 12,0.2440,0.1190,0.1820,Fixed,12,22,false,false,true,$125 bill credit when monthly usage is >= 1000 kWh,175.00,https://webs.taraenergy.com/Generate_Docs/Generate_EflLinks.aspx?RID=oJ6//wWTPmg=&RCID=cacW2cvK/I0=&L=6f+Ch9flI7k=
LPL,AMIGO ENERGY,Sustainable Lifestyle - 3,0.1140,0.1100,0.1080,Fixed,3,22,false,false,false,,175.00,https://webs.amigoenergy.com/Generate_Docs/Generate_EflLinks.aspx?RID=6/PVLHlu0G0=&RCID=rv5fvOkFHh4=&L=6f+Ch9flI7k=
LPL,TARA ENERGY,Basics PTC - 36,0.1490,0.1490,0.1490,Fixed,36,22,false,false,false,,175.00,https://webs.taraenergy.com/Generate_Docs/Generate_EflLinks.aspx?RID=px8nNPR0SyU=&RCID=cacW2cvK/I0=&L=6f+Ch9flI7k=
LPL,GEXA ENERGY,Gexa Eco Choice 3,0.1100,0.1100,0.1100,Fixed,3,100,false,false,false,,150.00,https://eflviewer.gexaenergy.com/eflviewer.aspx?lang=EN&prodcode=GXAECOCHI3&tdspcode=LPL&ppid=195147&logid=84862&filename=LPL_GXAECOCHI3_20260917_0000_84862
LPL,BKV Energy,Daisy 18,0.1370,0.1370,0.1370,Fixed,18,29,false,false,false,,20/remaining month.,https://enroll.bkvenergy.com/Home/EFL?productCode=RN00027071&promo=&term=18
LPL,BKV Energy,Daisy 14,0.1360,0.1360,0.1360,Fixed,14,29,false,false,false,,20/remaining month.,https://enroll.bkvenergy.com/Home/EFL?productCode=RN00011417&promo=&term=14
LPL,BKV Energy,Daisy 13,0.1360,0.1360,0.1360,Fixed,13,29,false,false,false,,20/remaining month.,https://enroll.bkvenergy.com/Home/EFL?productCode=RN00013527&term=13
LPL,Think Energy,Think Clean 12 with Smart Thermostat Connected,0.1220,0.1270,0.1290,Fixed,12,100,false,false,false,,200.00,https://api.thinkenergy.onproton.io/enrollment/get_latest_document?lang=en&product_code=tx.thinkclean.noap.fixed.thermostat&tdsp_id=9&doc_type=EFL&term=12&promo_code=default
LPL,DIRECT ENERGY,Autopay Texas 24,0.1520,0.1520,0.1520,Fixed,24,22,false,false,false,,295.00,https://m-api.directenergy.com/de-mobile-oam-services/defl/D1F00200112826A.pdf
LPL,AE TEXAS,Smart Secure 36,0.1570,0.1570,0.1570,Fixed,36,23,false,false,false,,20/month remaining,https://enroll.aetexasco.com/EmailHTML/efl.aspx?RateID=3749&BrandID=1&PromoCodeID=114
LPL,Think Energy,Think Clean 24,0.1490,0.1440,0.1410,Fixed,24,100,false,false,false,,200.00,https://api.thinkenergy.onproton.io/enrollment/get_latest_document?lang=en&product_code=tx.thinkclean.ap.fixed&tdsp_id=9&doc_type=EFL&term=24&promo_code=default
LPL,Think Energy,Think Clean 12,0.1420,0.1370,0.1340,Fixed,12,100,false,false,false,,200.00,https://api.thinkenergy.onproton.io/enrollment/get_latest_document?lang=en&product_code=tx.thinkclean.noap.fixed&tdsp_id=9&doc_type=EFL&term=12&promo_code=default
LPL,TXU ENERGY,Simple Value 12,0.1900,0.1800,0.1750,Fixed,12,3,false,false,false,,150.00,https://residential.txu.com/Handlers/PDFGenerator.ashx?comProdId=LPXSIMVL1212AS&lang=en&formType=EnergyFactsLabel&custClass=3&tdsp=LUBBOCK
LPL,NEC Co-op Energy,Residential Electricity... Plain and simple.,0.1780,0.1700,0.1660,Variable,0,15,false,false,false,,0.00,https://neccoopenergy.com/wp-content/uploads/2026/08/EFL-9-1-26-RESIDENTIAL-LUBBOCK.pdf
LPL,AP GAS & ELECTRIC (TX) LLC,Simple Saver 3,0.2230,0.0980,0.1610,Fixed,3,6,false,false,true,$125 bill credit when usage is at least 1000 kWh for the next 3 months.,150.00,https://artemis-api.apge.com/api/v1/document?documentId=73&offerCode=SRBBUC_LPL_NA_NA_RES_F125M_SD0_T3_NEW
LPL,JUST ENERGY,Basics PTC - 24,0.1490,0.1490,0.1490,Fixed,24,22,false,false,false,,175.00,https://webs.justenergydeals.com/Generate_Docs/Generate_EflLinks.aspx?RID=kJlJrIjrmJI=&RCID=gNASPlhlupI=&L=6f+Ch9flI7k=
LPL,Discount Power,Saver 24,0.1470,0.1470,0.1470,Fixed,24,22,false,false,false,,295.00,https://www.discountpowertx.com/defl/M1F00193222906A.pdf
LPL,AP GAS & ELECTRIC (TX) LLC,Bonus Saver 3,0.1560,0.1560,0.1060,Fixed,3,6,false,false,true,$100 bill credit when usage is at least 2000 kWh for the next 3 months.,150.00,https://artemis-api.apge.com/api/v1/document?documentId=73&offerCode=SRB100T_LPL_NA_NA_RES_F100H_SD0_T3_NEW
LPL,SOUTHERN FEDERAL POWER LLC,SoFed Easy Out Fixed - 9,0.1320,0.1270,0.1250,Fixed,9,6,false,false,false,,99.00,https://bit.ly/47lb6HP
LPL,CHARIOT ENERGY,Chariot Freedom,0.1490,0.1490,0.1490,Variable,0,100,false,false,false,,0.00,https://signup.chariotenergy.com//Home/EFl?productId=45887
LPL,CIRRO ENERGY,Smart Simple 24,0.1480,0.1480,0.1480,Fixed,24,22,false,false,false,,295.00,https://www.cirroenergy.com/defl/M1F00193223096A.pdf
LPL,DIRECT ENERGY,Autopay Texas 36,0.1550,0.1550,0.1550,Fixed,36,22,false,false,false,,395.00,https://m-api.directenergy.com/de-mobile-oam-services/defl/D1F00200112873A.pdf
LPL,RELIANT,Reliant Power on 24 Plan,0.1540,0.1540,0.1540,Fixed,24,24,false,false,false,,295.00,https://www.reliant.com/defl/R1F00200156588A.pdf
LPL,AMIGO ENERGY,Basics PTC - 24,0.1490,0.1490,0.1490,Fixed,24,22,false,false,false,,175.00,https://webs.amigoenergy.com/Generate_Docs/Generate_EflLinks.aspx?RID=FmU1axfKZP4=&RCID=rv5fvOkFHh4=&L=6f+Ch9flI7k=
LPL,TARA ENERGY,Basics PTC - 24,0.1490,0.1490,0.1490,Fixed,24,22,false,false,false,,175.00,https://webs.taraenergy.com/Generate_Docs/Generate_EflLinks.aspx?RID=9go1u2iCjqo=&RCID=cacW2cvK/I0=&L=6f+Ch9flI7k=
LPL,BKV Energy,Daisy 12,0.1350,0.1350,0.1350,Fixed,12,29,false,false,false,,20/remaining month.,https://enroll.bkvenergy.com/Home/EFL?productCode=RN00001835&term=12
LPL,CHAMPION ENERGY SERVICES LLC,Champ Saver-12,0.1330,0.1330,0.1330,Fixed,12,24,false,false,false,,150.00,https://docs.championenergyservices.com/ExternalDocs?planname=PN6174&state=TX&language=EN
LPL,GEXA ENERGY,Gexa Eco Choice 12,0.1190,0.1190,0.1190,Fixed,12,100,false,false,false,,150.00,https://eflviewer.gexaenergy.com/eflviewer.aspx?lang=EN&prodcode=GXAECOCHI12&tdspcode=LPL&ppid=195145&logid=84864&filename=LPL_GXAECOCHI12_20260917_0000_84864
LPL,GREEN MOUNTAIN ENERGY COMPANY,Pollution Free e-Plus 12 Choice,0.1510,0.1510,0.1510,Fixed,12,100,false,false,false,,150.00,https://signup.greenmountain.com/defl/G1F00201600357A.pdf
LPL,GREEN MOUNTAIN ENERGY COMPANY,Pollution Free e-Plus Choice,0.1890,0.1890,0.1890,Variable,0,100,false,false,false,,0.00,https://signup.greenmountain.com/defl/G1F00183201886A.pdf
LPL,RELIANT,Reliant Power On 12 Plan,0.1500,0.1500,0.1500,Fixed,12,24,false,false,false,,150.00,https://www.reliant.com/defl/R1F00200156435A.pdf
LPL,DIRECT ENERGY,Autopay Texas 12,0.1490,0.1490,0.1490,Fixed,12,22,false,false,false,,150.00,https://m-api.directenergy.com/de-mobile-oam-services/defl/D1F00200112776A.pdf
LPL,CIRRO ENERGY,Smart Simple 12,0.1420,0.1420,0.1420,Fixed,12,22,false,false,false,,150.00,https://www.cirroenergy.com/defl/M1F00193223156A.pdf
LPL,Discount Power,Saver 12,0.1410,0.1410,0.1410,Fixed,12,22,false,false,false,,150.00,https://www.discountpowertx.com/defl/M1F00193222922A.pdf
LPL,AP GAS & ELECTRIC (TX) LLC,TrueClassic 12,0.1200,0.1200,0.1200,Fixed,12,6,false,false,false,,150.00,https://artemis-api.apge.com/api/v1/document?documentId=73&offerCode=SRBTX_LPL_NA_NA_RES_FPR_SD0_T12_NEW
LPL,CONSTELLATION NEWENERGY INC,12 Month GREEN Usage Bill Credit,0.1680,0.1330,0.1430,Fixed,12,100,false,false,true,Constellation will automatically apply a $35 bill credit to your invoice for each billing cycle where usage is at least 1000 kWh. An additional $15 bill credit will be applied when usage reaches 2000 kWh,150.00,https://www.constellation.com/bin/residential/GetContractVersionPDF?versionNum=5029894
LPL,AP GAS & ELECTRIC (TX) LLC,TrueClassic 24,0.1260,0.1260,0.1260,Fixed,24,6,false,false,false,,250.00,https://artemis-api.apge.com/api/v1/document?documentId=73&offerCode=SRBTX_LPL_NA_NA_RES_FPR_SD0_T24_NEW
LPL,AP GAS & ELECTRIC (TX) LLC,SimpleSaver 12,0.2030,0.0780,0.1410,Fixed,12,6,false,false,true,$125 bill credit when usage is at least 1000 kWh for the next 12 months.,150.00,https://artemis-api.apge.com/api/v1/document?documentId=73&offerCode=SRBBUC_LPL_NA_NA_RES_F125M_SD0_T12_NEW
LPL,CHAMPION ENERGY SERVICES LLC,Champ Saver-24,0.1370,0.1370,0.1370,Fixed,24,25,false,false,false,,250.00,https://docs.championenergyservices.com/ExternalDocs?planname=PN6179&state=TX&language=EN
LPL,Octopus Energy,Octo Simple 12,0.1570,0.1570,0.1570,Fixed,12,100,false,false,false,,150.00,https://octopusenergy.com/efl/OCTO-SIMPLE-12-LPL-LZ_WEST-202609212200
LPL,SOUTHERN FEDERAL POWER LLC,SoFed Try Us Out Now - 3,0.1150,0.1100,0.1080,Fixed,3,6,false,false,false,,0.00,https://bit.ly/4AtgMgo
LPL,SOUTHERN FEDERAL POWER LLC,SoFed Digital Saver Plus - 12,0.1260,0.1260,0.1260,Fixed,12,6,false,false,false,,99.00,https://bit.ly/3UjPIjh
LPL,SOUTHERN FEDERAL POWER LLC,SoFed Better Rate - 36,0.1350,0.1300,0.1280,Fixed,36,6,false,false,false,,249.00,https://bit.ly/4j85RCx
LPL,CHAMPION ENERGY SERVICES LLC,Free Weekends-24,0.1370,0.1370,0.1370,Fixed,24,25,false,true,false,,150.00,https://docs.championenergyservices.com/ExternalDocs?planname=PN6176&state=TX&language=EN
LPL,CleanSky Energy,Embrace Green 12 - New Customer Special,0.1390,0.1390,0.1390,Fixed,12,100,false,false,false,,75.00,https://enroll.cleanskyenergy.com//Home/EFL?productCode=RN00008015&promo=&term=12
LPL,CleanSky Energy,Embrace Green 24 - New Customer Special,0.1440,0.1440,0.1440,Fixed,24,100,false,false,false,,150.00,https://enroll.cleanskyenergy.com//Home/EFL?productCode=RN00008014&promo=&term=24
LPL,JUST ENERGY,Basics PTC - 60,0.1490,0.1490,0.1490,Fixed,60,22,false,false,false,,175.00,https://webs.justenergydeals.com/Generate_Docs/Generate_EflLinks.aspx?RID=ffiZbWf+Qi8=&RCID=gNASPlhlupI=&L=6f+Ch9flI7k=
LPL,TRUE POWER,True Value 24,0.1250,0.1250,0.1250,Fixed,24,15,false,false,false,,300.00,https://gb008a8dbfa8724-worx4uv1.adb.us-ashburn-1.oraclecloudapps.com/ords/worx4u/admin/efls/5C2F75BC4FC8549EE063EBF2000AF7B2/view
LPL,FRONTIER UTILITIES,Frontier Power Saver 3,0.1100,0.1100,0.1100,Fixed,3,30,false,false,false,,150.00,https://eflviewer.frontierutilities.com/eflviewer.aspx?lang=EN&prodcode=FPOWSVR3&tdspcode=LPL&ppid=195146&logid=84850&filename=LPL_FPOWSVR3_20260917_0000_84850
LPL,TRUE POWER,True Value 36,0.1350,0.1350,0.1350,Fixed,36,15,false,false,false,,300.00,https://gb008a8dbfa8724-worx4uv1.adb.us-ashburn-1.oraclecloudapps.com/ords/worx4u/admin/efls/5BB073A8DF1A027CE063EBF2000A46DB/view
LPL,GREEN MOUNTAIN ENERGY COMPANY,Pollution Free e-Plus 9 Choice,0.1490,0.1490,0.1490,Fixed,9,100,false,false,false,,95.00,https://signup.greenmountain.com/defl/G1F00201600349A.pdf
LPL,Companion Energy,Companion Pro + Perks 3,0.1100,0.1100,0.1100,Fixed,3,30,false,false,false,,150.00,https://eflviewer.companionenergy.com/eflviewer.aspx?lang=EN&prodcode=CEPRPERK3&tdspcode=LPL&ppid=195149&logid=84838&filename=LPL_CEPRPERK3_20260917_0000_84838
LPL,Companion Energy,Companion + Perks 8,0.1120,0.1120,0.1120,Fixed,8,30,false,false,false,,150.00,https://eflviewer.companionenergy.com/eflviewer.aspx?lang=EN&prodcode=CEPERK8&tdspcode=LPL&ppid=194773&logid=84615&filename=LPL_CEPERK8_20260909_0000_84615
LPL,GEXA ENERGY,Gexa Eco Choice 8,0.1120,0.1120,0.1120,Fixed,8,100,false,false,false,,150.00,https://eflviewer.gexaenergy.com/eflviewer.aspx?lang=EN&prodcode=GXAECOCHI8&tdspcode=LPL&ppid=194772&logid=84648&filename=LPL_GXAECOCHI8_20260909_0000_84648
LPL,FRONTIER UTILITIES,Frontier Power Saver 8,0.1120,0.1120,0.1120,Fixed,8,30,false,false,false,,150.00,https://eflviewer.frontierutilities.com/eflviewer.aspx?lang=EN&prodcode=FPOWSVR08&tdspcode=LPL&ppid=194771&logid=84642&filename=LPL_FPOWSVR08_20260909_0000_84642
LPL,Octopus Energy,Octo Simple 6,0.1570,0.1570,0.1570,Fixed,6,100,false,false,false,,150.00,https://octopusenergy.com/efl/OCTO-SIMPLE-6-LPL-LZ_WEST-202609212200
LPL,FRONTIER UTILITIES,Frontier Power Saver 12,0.1190,0.1190,0.1190,Fixed,12,30,false,false,false,,150.00,https://eflviewer.frontierutilities.com/eflviewer.aspx?lang=EN&prodcode=FPOWSVR12&tdspcode=LPL&ppid=195144&logid=84852&filename=LPL_FPOWSVR12_20260917_0000_84852
LPL,Companion Energy,Companion + Perks 12,0.1190,0.1190,0.1190,Fixed,12,30,false,false,false,,150.00,https://eflviewer.companionenergy.com/eflviewer.aspx?lang=EN&prodcode=CEPERK12&tdspcode=LPL&ppid=195148&logid=84840&filename=LPL_CEPERK12_20260917_0000_84840
LPL,Octopus Energy LLC,Octo Simple 24,0.1640,0.1640,0.1640,Fixed,24,100,false,false,false,,250.00,https://octopusenergy.com/efl/OCTO-SIMPLE-24-LPL-LZ_WEST-202609212200
LPL,Octopus Energy,Octo Green 9,0.1510,0.1510,0.1510,Fixed,9,100,false,false,false,,150.00,https://octopusenergy.com/efl/OCTO-SIMPLE-9-LPL-LZ_WEST-202609212200
LPL,AE TEXAS,Smart Secure 9,0.1380,0.1380,0.1380,Fixed,10,23,false,false,false,,20/month remaining,https://enroll.aetexasco.com/EmailHTML/efl.aspx?RateID=11151&BrandID=1&PromoCodeID=114
LPL,RELIANT,Reliant Power On 9 Plan,0.1430,0.1430,0.1430,Fixed,9,24,false,false,false,,95.00,https://www.reliant.com/defl/R1F00200156342A.pdf
LPL,CHARIOT ENERGY,Bright Nights 8,0.1220,0.1120,0.1070,Fixed,8,100,false,true,false,,15 per remaining month,https://signup.chariotenergy.com//Home/EFl?productId=39811
LPL,BKV Energy,Daisy 9,0.1270,0.1270,0.1270,Fixed,9,29,false,false,false,,20/remaining month.,https://enroll.bkvenergy.com/Home/EFL?productCode=RN00080066&promo=&term=9
LPL,CHARIOT ENERGY,Bright Nights 12,0.1280,0.1180,0.1130,Fixed,12,100,false,true,false,,15 per remaining month,https://signup.chariotenergy.com//Home/EFl?productId=47741
LPL,CHARIOT ENERGY,Bright Nights 24,0.1350,0.1250,0.1200,Fixed,24,100,false,true,false,,15 per remaining month,https://signup.chariotenergy.com//Home/EFl?productId=47224
LPL,CHARIOT ENERGY,Bright Nights 36,0.1440,0.1340,0.1290,Fixed,36,100,false,true,false,,15 per remaining month,https://signup.chariotenergy.com//Home/EFl?productId=47700
LPL,SOUTHERN FEDERAL POWER LLC,Variable Advantage,0.1530,0.1480,0.1460,Variable,1,6,false,false,false,,0.00,https://bit.ly/4gHLjhA
LPL,SFE ENERGY TEXAS INC,SFE RewardsPlus - 5,0.1200,0.1200,0.1200,Fixed,5,23,false,false,false,,175.00,https://empowerdocs.blob.core.windows.net/efldocuments/SFE_REWARDSPLUS_-_5_2516169848477007664_EFL_SFE%20Residential%20Fixed%20LPL%205English.pdf
LPL,SFE ENERGY TEXAS INC,SFE RewardsPlus - 10,0.1240,0.1240,0.1240,Fixed,10,23,false,false,false,,175.00,https://empowerdocs.blob.core.windows.net/efldocuments/SFE_REWARDSPLUS_-_10_2516169848967816208_EFL_SFE%20Residential%20Fixed%20LPL%2010English.pdf
LPL,SFE ENERGY TEXAS INC,SFE RewardsPlus - 12,0.1270,0.1270,0.1270,Fixed,12,23,false,false,false,,175.00,https://empowerdocs.blob.core.windows.net/efldocuments/SFE_REWARDSPLUS_-_12_2516169849124392795_EFL_SFE%20Residential%20Fixed%20LPL%2012English.pdf
LPL,Atlantex Power,Luminous 9,0.1560,0.1560,0.1560,Fixed,10,23,false,false,false,,$20/month remaining,https://enroll.atlantexpower.com/EmailHTML/efl.aspx?RateID=11112&BrandID=3&PromoCodeID=115
LPL,Atlantex Power,Luminous 36,0.1750,0.1750,0.1750,Fixed,36,23,false,false,false,,$20/month remaining,https://enroll.atlantexpower.com/EmailHTML/efl.aspx?RateID=3346&BrandID=3&PromoCodeID=115
LPL,CHARIOT ENERGY,GridPlus 12,0.2040,0.0790,0.1420,Fixed,12,100,false,false,true,"Receive credits on your bill when you use more electricity! A credit of $125 dollars will be applied to each monthly billing cycle when your consumption is equal to or greater than 1,000 kWh.",15 per remaining month,https://signup.chariotenergy.com//Home/EFl?productId=47898
LPL,Texans Choice Power LLC,Texas Instant 12,0.2800,0.1400,0.1400,Fixed,12,37,false,false,true,"Pay the same amount every month whenever your usage is below 1,000 kWh.",200,https://signup.texanschoicepower.com/getdocument/?getproductpdf=1&productid=153968&type=EFL_TIEREDPRICING&title=153968_EFL_TIEREDPRICING&language=english
LPL,Think Energy,Think Clean 24 With Smart Thermostat Connected,0.1290,0.1340,0.1360,Fixed,24,100,false,false,false,,200.00,https://api.thinkenergy.onproton.io/enrollment/get_latest_document?lang=en&product_code=tx.thinkclean.noap.fixed.thermostat&tdsp_id=9&doc_type=EFL&term=24&promo_code=default
LPL,Texans Choice Power LLC,Choose 12,0.1340,0.1340,0.1340,Fixed,12,37,false,false,false,,100,https://signup.texanschoicepower.com/getdocument/?getproductpdf=1&productid=153966&type=EFL&title=153966_EFL&language=english
LPL,Texans Choice Power LLC,Choose 6,0.1300,0.1300,0.1300,Fixed,6,37,false,false,false,,100,https://signup.texanschoicepower.com/getdocument/?getproductpdf=1&productid=153967&type=EFL&title=153967_EFL&language=english
LPL,SPARK ENERGY LLC,Choose 12,0.1340,0.1340,0.1340,Fixed,12,37,false,false,false,,100,https://www.sparkenergy.com/products-and-services/?getproductpdf=1&PromotionCode=PTC&ProductID=153953&type=EFL&title=Electricity+Facts+Label&language=english
LPL,SPARK ENERGY LLC,Choose 15,0.1350,0.1350,0.1350,Fixed,15,37,false,false,false,,100,https://www.sparkenergy.com/products-and-services/?getproductpdf=1&PromotionCode=PTC&ProductID=153954&type=EFL&title=Electricity+Facts+Label&language=english
LPL,SPARK ENERGY LLC,Choose 6,0.1300,0.1300,0.1300,Fixed,6,37,false,false,false,,100,https://www.sparkenergy.com/products-and-services/?getproductpdf=1&PromotionCode=PTC&ProductID=153955&type=EFL&title=Electricity+Facts+Label&language=english
LPL,RELIANT,Reliant Power On 18,0.1520,0.1520,0.1520,Fixed,18,15,false,false,false,,180.00,https://www.reliant.com/defl/R1F00200156528A.pdf
LPL,TRUE POWER,True Value 12,0.1180,0.1180,0.1180,Fixed,12,15,false,false,false,,300.00,https://gb008a8dbfa8724-worx4uv1.adb.us-ashburn-1.oraclecloudapps.com/ords/worx4u/admin/efls/5AFDB3BC0E976A68E063E1FE000A7960/view
LPL,TRUE POWER,True Value 10,0.1230,0.1230,0.1230,Fixed,10,15,false,false,false,,300.00,https://gb008a8dbfa8724-worx4uv1.adb.us-ashburn-1.oraclecloudapps.com/ords/worx4u/admin/efls/5A879F3A9A3F8667E063E1FE000AACBD/view
LPL,Octopus Energy,Octo Simple 3,0.1420,0.1420,0.1420,Fixed,3,100,false,false,false,,150.00,https://octopusenergy.com/efl/OCTO-SIMPLE-3-LPL-LZ_WEST-202609212200
LPL,Discount Power,Saver 18,0.1520,0.1520,0.1520,Fixed,18,22,false,false,false,,180.00,https://www.discountpowertx.com/defl/M1F00193222994A.pdf
LPL,Discount Power,Saver 11,0.1400,0.1400,0.1400,Fixed,11,22,false,false,false,,95.00,https://www.discountpowertx.com/defl/M1F00193222854A.pdf
LPL,Discount Power,Saver 10,0.1400,0.1400,0.1400,Fixed,10,22,false,false,false,,95.00,https://www.discountpowertx.com/defl/M1F00193222962A.pdf
LPL,CIRRO ENERGY,Smart Simple 18,0.1530,0.1530,0.1530,Fixed,18,22,false,false,false,,180.00,https://www.cirroenergy.com/defl/M1F00193223172A.pdf
LPL,CIRRO ENERGY,Smart Simple 11,0.1410,0.1410,0.1410,Fixed,11,22,false,false,false,,95.00,https://www.cirroenergy.com/defl/M1F00193223052A.pdf
LPL,CIRRO ENERGY,Smart Simple 10,0.1410,0.1410,0.1410,Fixed,10,22,false,false,false,,95.00,https://www.cirroenergy.com/defl/M1F00193223092A.pdf
LPL,SFE ENERGY TEXAS INC,SFE RewardsPlus - 23,0.1310,0.1310,0.1310,Fixed,23,23,false,false,false,,175.00,https://empowerdocs.blob.core.windows.net/efldocuments/SFE_REWARDSPLUS_-_23_2516169848285126363_EFL_SFE%20Residential%20Fixed%20LPL%2023English.pdf
ONCOR,BKV Energy,Daisy 14,0.1360,0.1320,0.1300,Fixed,14,29,false,false,false,,20/remaining month.,https://enroll.bkvenergy.com/Home/EFL?productCode=RN00011413&promo=&term=14
ONCOR,Energy Texas,No Bull 12,0.1160,0.1160,0.1170,Fixed,12,100,false,false,false,,20 / remaining month,https://api.energytexas.com/api/pricing/offers/latest-offers-efl/12711/?locale=en
ONCOR,BKV Energy,Daisy 18,0.1360,0.1320,0.1300,Fixed,18,29,false,false,false,,20/remaining month.,https://enroll.bkvenergy.com/Home/EFL?productCode=RN00027072&promo=&term=18
ONCOR,CHARIOT ENERGY,Bright Nights 12,0.1290,0.1150,0.1080,Fixed,12,100,false,true,false,,15 per remaining month,https://signup.chariotenergy.com//Home/EFl?productId=48009
ONCOR,BKV Energy,Daisy 13,0.1370,0.1330,0.1310,Fixed,13,29,false,false,false,,20/remaining month.,https://enroll.bkvenergy.com/Home/EFL?productCode=RN00013531&term=13
ONCOR,Think Energy,Think Clean 12 with Smart Thermostat Connected,0.1250,0.1260,0.1260,Fixed,12,100,false,false,false,,200.00,https://api.thinkenergy.onproton.io/enrollment/get_latest_document?lang=en&product_code=tx.thinkclean.noap.fixed.thermostat&tdsp_id=3&doc_type=EFL&term=12&promo_code=default
ONCOR,AE TEXAS,Smart Secure 36,0.1400,0.1360,0.1340,Fixed,36,23,false,false,false,,20/month remaining,https://enroll.aetexasco.com/EmailHTML/efl.aspx?RateID=3750&BrandID=1&PromoCodeID=114
ONCOR,CIRRO ENERGY,Smart Simple 10,0.1370,0.1330,0.1300,Fixed,10,22,false,false,false,,95.00,https://www.cirroenergy.com/defl/M1F00193223060A.pdf
ONCOR,Discount Power,Saver 10,0.1360,0.1320,0.1290,Fixed,10,22,false,false,false,,95.00,https://www.discountpowertx.com/defl/M1F00193222866A.pdf
ONCOR,Think Energy,Think Clean 24,0.1510,0.1420,0.1380,Fixed,24,100,false,false,false,,200.00,https://api.thinkenergy.onproton.io/enrollment/get_latest_document?lang=en&product_code=tx.thinkclean.ap.fixed&tdsp_id=3&doc_type=EFL&term=24&promo_code=default
ONCOR,Think Energy,Think Clean 12,0.1450,0.1360,0.1310,Fixed,12,100,false,false,false,,200.00,https://api.thinkenergy.onproton.io/enrollment/get_latest_document?lang=en&product_code=tx.thinkclean.noap.fixed&tdsp_id=3&doc_type=EFL&term=12&promo_code=default
ONCOR,Budget Power,No Gimmicks 18,0.1210,0.1170,0.1150,Fixed,18,24,false,false,false,,125.00,https://signup.budgetpowertx.com/Home/EFL?productId=35196&Promo=
ONCOR,Budget Power,No Gimmicks 36,0.1290,0.1250,0.1230,Fixed,36,24,false,false,false,,250.00,https://signup.budgetpowertx.com/Home/EFL?productId=35198&Promo=
ONCOR,Budget Power,No Gimmicks 24,0.1270,0.1230,0.1210,Fixed,24,24,false,false,false,,175.00,https://signup.budgetpowertx.com/Home/EFL?productId=35197&Promo=
ONCOR,Budget Power,No Gimmicks 12,0.1220,0.1180,0.1160,Fixed,12,24,false,false,false,,100.00,https://signup.budgetpowertx.com/Home/EFL?productId=35195&Promo=
ONCOR,TRIEAGLE ENERGY LP,Simple Savings 28,0.1430,0.1380,0.1350,Fixed,28,3,false,false,false,,20.00 per month left in term,https://shopping.trieagleenergy.com/PDFGenerator?formType=EnergyFactsLabel&comProdId=ONXTESMSAVC28AA&tdsp=ONCOR&lang=en&custClass=Residential
ONCOR,INFUSE ENERGY,Essential Infusion 36,0.1390,0.1330,0.1300,Fixed,36,24,false,false,false,,375.00,https://88fd201f32c53c2bd0fb-11ba98ed637230a2314ec7c228a44bda.ssl.cf5.rackcdn.com/202609/EFL-20260922-125100-ONCORD-Essential Infusion 36 (English).pdf
ONCOR,INFUSE ENERGY,Essential Infusion 24,0.1360,0.1300,0.1270,Fixed,24,24,false,false,false,,300.00,https://88fd201f32c53c2bd0fb-11ba98ed637230a2314ec7c228a44bda.ssl.cf5.rackcdn.com/202609/EFL-20260922-125100-ONCORD-Essential Infusion 24 (English).pdf
ONCOR,PRONTO POWER,Power To Choose,0.1850,0.1690,0.1610,Variable,1,26,true,false,false,,0.00,https://pronto-gridlink.smartgridcis.net//Documents/Download.aspx?ProductDocumentID=1088
ONCOR,INFUSE ENERGY,Essential Infusion 12,0.1350,0.1290,0.1260,Fixed,12,24,false,false,false,,200.00,https://88fd201f32c53c2bd0fb-11ba98ed637230a2314ec7c228a44bda.ssl.cf5.rackcdn.com/202609/EFL-20260922-125100-ONCORD-Essential Infusion 12 (English).pdf
ONCOR,INFUSE ENERGY,Essential Infusion 6,0.1270,0.1210,0.1180,Fixed,6,24,false,false,false,,150.00,https://88fd201f32c53c2bd0fb-11ba98ed637230a2314ec7c228a44bda.ssl.cf5.rackcdn.com/202609/EFL-20260922-125100-ONCORD-Essential Infusion 6 (English).pdf
ONCOR,INFUSE ENERGY,Essential Infusion 3,0.1130,0.1070,0.1040,Fixed,3,24,false,false,false,,100.00,https://88fd201f32c53c2bd0fb-11ba98ed637230a2314ec7c228a44bda.ssl.cf5.rackcdn.com/202609/EFL-20260922-125100-ONCORD-Essential Infusion 3 (English).pdf
ONCOR,INFUSE ENERGY,PTC Infusion Flex,0.1190,0.1100,0.1060,Variable,1,24,false,false,false,,0.00,https://88fd201f32c53c2bd0fb-11ba98ed637230a2314ec7c228a44bda.ssl.cf5.rackcdn.com/202609/EFL-20260902-105100-ONCORD-PTC Infusion Flex (English).pdf
ONCOR,INFUSE ENERGY,PTC Green Infusion Flex,0.1200,0.1110,0.1070,Variable,1,100,false,false,false,,0.00,https://88fd201f32c53c2bd0fb-11ba98ed637230a2314ec7c228a44bda.ssl.cf5.rackcdn.com/202609/EFL-20260902-105100-ONCORD-PTC Green Infusion Flex (English).pdf
ONCOR,INFUSE ENERGY,Essential Infusion Green Flex,0.1170,0.1110,0.1080,Variable,1,100,false,false,false,,0.00,https://88fd201f32c53c2bd0fb-11ba98ed637230a2314ec7c228a44bda.ssl.cf5.rackcdn.com/202609/EFL-20260902-105100-ONCORD-Essential Infusion Green Flex (English).pdf
ONCOR,INFUSE ENERGY,Essential Infusion Flex,0.1160,0.1100,0.1070,Variable,1,24,false,false,false,,0.00,https://88fd201f32c53c2bd0fb-11ba98ed637230a2314ec7c228a44bda.ssl.cf5.rackcdn.com/202609/EFL-20260902-105100-ONCORD-Essential Infusion Flex (English).pdf
ONCOR,AP GAS & ELECTRIC (TX) LLC,Simple Saver 3,0.1810,0.0520,0.1120,Fixed,3,6,false,false,true,$125 bill credit when usage is at least 1000 kWh for the next 3 months.,150.00,https://artemis-api.apge.com/api/v1/document?documentId=73&offerCode=SRBBUC_ONC_NA_NA_RES_F125M_SD0_T3_NEW
ONCOR,AP GAS & ELECTRIC (TX) LLC,SimpleSaver 12,0.1930,0.0640,0.1240,Fixed,12,6,false,false,true,$125 bill credit when usage is at least 1000 kWh for the next 12 months.,150.00,https://artemis-api.apge.com/api/v1/document?documentId=73&offerCode=SRBBUC_ONC_NA_NA_RES_F125M_SD0_T12_NEW
ONCOR,AP GAS & ELECTRIC (TX) LLC,Bonus Saver 3,0.1410,0.1370,0.0850,Fixed,3,6,false,false,true,$100 bill credit when usage is at least 2000 kWh for the next 3 months.,150.00,https://artemis-api.apge.com/api/v1/document?documentId=73&offerCode=SRB100T_ONC_NA_NA_RES_F100H_SD0_T3_NEW
ONCOR,JUST ENERGY,Basics PTC - 24,0.1530,0.1490,0.1470,Fixed,24,22,false,false,false,,175.00,https://webs.justenergydeals.com/Generate_Docs/Generate_EflLinks.aspx?RID=Vy73faZEbCI=&RCID=gNASPlhlupI=&L=6f+Ch9flI7k=
ONCOR,AP GAS & ELECTRIC (TX) LLC,TrueClassic 24,0.1310,0.1270,0.1250,Fixed,24,6,false,false,false,,250.00,https://artemis-api.apge.com/api/v1/document?documentId=73&offerCode=SRBTX_ONC_NA_NA_RES_FPR_SD0_T24_NEW
ONCOR,AP GAS & ELECTRIC (TX) LLC,TrueClassic 12,0.1260,0.1220,0.1200,Fixed,12,6,false,false,false,,150.00,https://artemis-api.apge.com/api/v1/document?documentId=73&offerCode=SRBTX_ONC_NA_NA_RES_FPR_SD0_T12_NEW
ONCOR,TARA ENERGY,Basics PTC - 24,0.1530,0.1490,0.1470,Fixed,24,22,false,false,false,,175.00,https://webs.taraenergy.com/Generate_Docs/Generate_EflLinks.aspx?RID=jbDVWLK5VfU=&RCID=cacW2cvK/I0=&L=6f+Ch9flI7k=
ONCOR,AMIGO ENERGY,Basics PTC - 24,0.1530,0.1490,0.1470,Fixed,24,22,false,false,false,,175.00,https://webs.amigoenergy.com/Generate_Docs/Generate_EflLinks.aspx?RID=X+DerimDMy8=&RCID=rv5fvOkFHh4=&L=6f+Ch9flI7k=
ONCOR,JUST ENERGY,Basics PTC - 60,0.1530,0.1490,0.1470,Fixed,60,22,false,false,false,,175.00,https://webs.justenergydeals.com/Generate_Docs/Generate_EflLinks.aspx?RID=1pgisBt1Zfg=&RCID=gNASPlhlupI=&L=6f+Ch9flI7k=
ONCOR,GEXA ENERGY,Gexa Eco Choice 12,0.1200,0.1150,0.1130,Fixed,12,100,false,false,false,,150.00,https://eflviewer.gexaenergy.com/eflviewer.aspx?lang=EN&prodcode=GXAECOCHI12&tdspcode=ONCOR_ELEC&ppid=195133&logid=84865&filename=ONCOR_ELEC_GXAECOCHI12_20260917_0000_84865
ONCOR,PAYLESS POWER,PTC 12 Month - Postpaid,0.1420,0.1380,0.1360,Fixed,12,26,false,false,false,,199.00,https://api.paylesspower.com/common/api/document/onc/ERPT92/efl/en/487447
ONCOR,PAYLESS POWER,PTC 6 Month - Postpaid,0.1400,0.1360,0.1340,Fixed,6,26,false,false,false,,149.00,https://api.paylesspower.com/common/api/document/onc/ERPT93/efl/en/487447
ONCOR,PAYLESS POWER,PTC 3 Month - Postpaid,0.1050,0.1010,0.0990,Fixed,3,26,false,false,false,,99.00,https://api.paylesspower.com/common/api/document/onc/ERPT94/efl/en/487447
ONCOR,RELIANT,Reliant Power On 9 Plan,0.1450,0.1360,0.1310,Fixed,9,24,false,false,false,,95.00,https://www.reliant.com/defl/R1F00200156502A.pdf
ONCOR,GREEN MOUNTAIN ENERGY COMPANY,Pollution Free e-Plus 9 Choice,0.1520,0.1430,0.1380,Fixed,9,100,false,false,false,,95.00,https://signup.greenmountain.com/defl/G1F00201600321A.pdf
ONCOR,TRIEAGLE ENERGY LP,Simple Savings 12,0.1470,0.1420,0.1390,Fixed,12,3,false,false,false,,20.00 per month left in term,https://shopping.trieagleenergy.com/PDFGenerator?formType=EnergyFactsLabel&comProdId=ONXTESMSAVC12AA&tdsp=ONCOR&lang=en&custClass=Residential
ONCOR,TRIEAGLE ENERGY LP,Simple Savings 36,0.1530,0.1480,0.1450,Fixed,36,3,false,false,false,,20.00 per month left in term,https://shopping.trieagleenergy.com/PDFGenerator?formType=EnergyFactsLabel&comProdId=ONXTESMSAVC36AA&tdsp=ONCOR&lang=en&custClass=Residential
ONCOR,NEC Co-op Energy,Residential Electricity... Plain and simple.,0.1780,0.1660,0.1610,Variable,0,15,false,false,false,,0.00,https://neccoopenergy.com/wp-content/uploads/2026/08/EFL-9-1-26-RESIDENTIAL-Oncor.pdf
ONCOR,Octopus Energy,Octo Simple 12,0.1210,0.1170,0.1150,Fixed,12,100,false,false,false,,150.00,https://octopusenergy.com/efl/OCTO-SIMPLE-12-ONCOR-LZ_NORTH-202609212200
ONCOR,REVOLUTION ENERGY LLC,Liberty Bell Green Flex,0.1180,0.1110,0.1080,Variable,1,100,false,false,false,,0.00,https://e966f83b313c3b45ede3-64a631b37f7b69cdf842d11bca52af9c.ssl.cf5.rackcdn.com//202609/EFL-20260902-114700-ONCORD-Liberty Bell Green Flex (English).pdf
ONCOR,REVOLUTION ENERGY LLC,Liberty Bell Flex,0.1170,0.1100,0.1070,Variable,1,24,false,false,false,,0.00,https://e966f83b313c3b45ede3-64a631b37f7b69cdf842d11bca52af9c.ssl.cf5.rackcdn.com//202609/EFL-20260902-114700-ONCORD-Liberty Bell Flex (English).pdf
ONCOR,REVOLUTION ENERGY LLC,Stars and Stripes 36,0.1410,0.1330,0.1290,Fixed,36,24,false,false,false,,375.00,https://e966f83b313c3b45ede3-64a631b37f7b69cdf842d11bca52af9c.ssl.cf5.rackcdn.com//202609/EFL-20260922-122500-ONCORD-Stars and Stripes 36 (English).pdf
ONCOR,REVOLUTION ENERGY LLC,Stars and Stripes 24,0.1380,0.1300,0.1260,Fixed,24,24,false,false,false,,300.00,https://e966f83b313c3b45ede3-64a631b37f7b69cdf842d11bca52af9c.ssl.cf5.rackcdn.com//202609/EFL-20260922-122500-ONCORD-Stars and Stripes 24 (English).pdf
ONCOR,REVOLUTION ENERGY LLC,Stars and Stripes 18,0.1370,0.1290,0.1250,Fixed,18,24,false,false,false,,250.00,https://e966f83b313c3b45ede3-64a631b37f7b69cdf842d11bca52af9c.ssl.cf5.rackcdn.com//202609/EFL-20260922-122500-ONCORD-Stars and Stripes 18 (English).pdf
ONCOR,REVOLUTION ENERGY LLC,Stars and Stripes 12,0.1370,0.1290,0.1250,Fixed,12,24,false,false,false,,200.00,https://e966f83b313c3b45ede3-64a631b37f7b69cdf842d11bca52af9c.ssl.cf5.rackcdn.com//202609/EFL-20260922-122500-ONCORD-Stars and Stripes 12 (English).pdf
ONCOR,REVOLUTION ENERGY LLC,Stars and Stripes 9,0.1270,0.1190,0.1150,Fixed,9,24,false,false,false,,175.00,https://e966f83b313c3b45ede3-64a631b37f7b69cdf842d11bca52af9c.ssl.cf5.rackcdn.com//202609/EFL-20260922-122500-ONCORD-Stars and Stripes 9 (English).pdf
ONCOR,REVOLUTION ENERGY LLC,Stars and Stripes Green Flex,0.1190,0.1110,0.1070,Variable,1,100,false,false,false,,0.00,https://e966f83b313c3b45ede3-64a631b37f7b69cdf842d11bca52af9c.ssl.cf5.rackcdn.com//202609/EFL-20260902-114700-ONCORD-Stars and Stripes Green Flex (English).pdf
ONCOR,REVOLUTION ENERGY LLC,Stars and Stripes Flex,0.1180,0.1100,0.1060,Variable,1,24,false,false,false,,0.00,https://e966f83b313c3b45ede3-64a631b37f7b69cdf842d11bca52af9c.ssl.cf5.rackcdn.com//202609/EFL-20260902-114700-ONCORD-Stars and Stripes Flex (English).pdf
ONCOR,TRIEAGLE ENERGY LP,Sure Value 36,0.1700,0.1350,0.1470,Fixed,36,3,false,false,true,A bill credit of $30 will be applied for each billing cycle in which usage is 1000 kWh or more.,20.00 per month left in term,https://shopping.trieagleenergy.com/PDFGenerator?formType=EnergyFactsLabel&comProdId=ONXTESRVALC36AA&tdsp=ONCOR&lang=en&custClass=Residential
ONCOR,SOUTHERN FEDERAL POWER LLC,Variable Advantage,0.0990,0.0890,0.0850,Variable,1,6,false,false,false,,0.00,https://bit.ly/4d87zzV
ONCOR,BKV Energy,Daisy 12,0.1370,0.1320,0.1300,Fixed,12,29,false,false,false,,20/remaining month.,https://enroll.bkvenergy.com/Home/EFL?productCode=RN00001189&promo=&term=12
ONCOR,SOUTHERN FEDERAL POWER LLC,SoFed Easy Out Fixed - 9,0.1240,0.1150,0.1100,Fixed,9,6,false,false,false,,99.00,https://bit.ly/3TlKQK3
ONCOR,SOUTHERN FEDERAL POWER LLC,SoFed Better Rate - 36,0.1440,0.1350,0.1300,Fixed,36,6,false,false,false,,249.00,https://bit.ly/4gXnlAj
ONCOR,SOUTHERN FEDERAL POWER LLC,SoFed Try Us Out Now - 3,0.1080,0.0980,0.0940,Fixed,3,6,false,false,false,,0.00,https://bit.ly/4ya4tEd
ONCOR,SOUTHERN FEDERAL POWER LLC,SoFed Digital Saver Plus - 12,0.1270,0.1220,0.1200,Fixed,12,6,false,false,false,,99.00,https://bit.ly/4chu05x
ONCOR,Ranchero Power,No Contract Advantage,0.0990,0.0890,0.0850,Variable,1,6,false,false,false,,0.00,https://bit.ly/4hpESRI
ONCOR,Ranchero Power,Smart & Fixed - 36,0.1430,0.1340,0.1290,Fixed,36,6,false,false,false,,179.00,https://bit.ly/4yEgx0j
ONCOR,Ranchero Power,Ranchero Smart & Fixed -12,0.1330,0.1230,0.1190,Fixed,12,6,false,false,false,,179.00,https://bit.ly/4guSV8i
ONCOR,Ranchero Power,Ranchero Cheapskate - 3,0.1080,0.0980,0.0940,Fixed,3,6,false,false,false,,179.00,https://bit.ly/47fiDYM
ONCOR,Ranchero Power,Ranchero No Worries - 9,0.1230,0.1140,0.1090,Fixed,9,6,false,false,false,,99.00,https://bit.ly/4hl4q15
ONCOR,Ranchero Power,Ranchero Fixed Prime - 48,0.1530,0.1430,0.1390,Fixed,48,6,false,false,false,,0.00,https://bit.ly/4qWFIIY
ONCOR,SPARK ENERGY LLC,Choose 6,0.1220,0.1180,0.1160,Fixed,6,37,false,false,false,,100,https://www.sparkenergy.com/products-and-services/?getproductpdf=1&PromotionCode=PTC&ProductID=150856&type=EFL&title=Electricity+Facts+Label&language=english
ONCOR,GOOD CHARLIE & CO LLC,GoodEnergy 36,0.1600,0.1510,0.1470,Fixed,36,25,false,false,false,,20 per month remaining,https://api.goodcharlie.com/products/2048/EFL/Oncor/latest/en
ONCOR,GOOD CHARLIE & CO LLC,GoodEnergy 24,0.1560,0.1470,0.1430,Fixed,24,25,false,false,false,,20 per month remaining,https://api.goodcharlie.com/products/2047/EFL/Oncor/latest/en
ONCOR,GOOD CHARLIE & CO LLC,GoodEnergy 12,0.1500,0.1410,0.1370,Fixed,12,25,false,false,false,,20 per month remaining,https://api.goodcharlie.com/products/2046/EFL/Oncor/latest/en
ONCOR,RELIANT,Reliant Power On 18,0.1540,0.1450,0.1400,Fixed,18,15,false,false,false,,180.00,https://www.reliant.com/defl/R1F00200156470A.pdf
ONCOR,GEXA ENERGY,Gexa Eco Choice 3,0.1040,0.0990,0.0970,Fixed,3,100,false,false,false,,150.00,https://eflviewer.gexaenergy.com/eflviewer.aspx?lang=EN&prodcode=GXAECOCHI3&tdspcode=ONCOR_ELEC&ppid=195135&logid=84860&filename=ONCOR_ELEC_GXAECOCHI3_20260917_0000_84860
ONCOR,CleanSky Energy,Embrace Green 36 - New Customer Special,0.1400,0.1360,0.1340,Fixed,36,100,false,false,false,,225.00,https://enroll.cleanskyenergy.com//Home/EFL?productCode=RN00008036&promo=&term=36
ONCOR,CleanSky Energy,Embrace Green 12 - New Customer Special,0.1340,0.1300,0.1280,Fixed,12,100,false,false,false,,75.00,https://enroll.cleanskyenergy.com//Home/EFL?productCode=RN00008027&promo=&term=12
ONCOR,CleanSky Energy,Embrace Green 24 - New Customer Special,0.1370,0.1330,0.1310,Fixed,24,100,false,false,false,,150.00,https://enroll.cleanskyenergy.com//Home/EFL?productCode=RN00008026&promo=&term=24
ONCOR,DIRECT ENERGY,Autopay Texas 12,0.1490,0.1400,0.1350,Fixed,12,22,false,false,false,,150.00,https://m-api.directenergy.com/de-mobile-oam-services/defl/D1F00200112746A.pdf
ONCOR,GREEN MOUNTAIN ENERGY COMPANY,Pollution Free e-Plus 36 Choice,0.1580,0.1490,0.1440,Fixed,36,100,false,false,false,,395.00,https://signup.greenmountain.com/defl/G1F00201600477A.pdf
ONCOR,DIRECT ENERGY,Autopay Texas 36,0.1550,0.1460,0.1410,Fixed,36,22,false,false,false,,395.00,https://m-api.directenergy.com/de-mobile-oam-services/defl/D1F00200112841A.pdf
ONCOR,DIRECT ENERGY,Autopay Texas 24,0.1520,0.1430,0.1380,Fixed,24,22,false,false,false,,295.00,https://m-api.directenergy.com/de-mobile-oam-services/defl/D1F00200112792A.pdf
ONCOR,SPARK ENERGY LLC,Choose 12,0.1260,0.1220,0.1200,Fixed,12,37,false,false,false,,100,https://www.sparkenergy.com/products-and-services/?getproductpdf=1&PromotionCode=PTC&ProductID=148468&type=EFL&title=Electricity+Facts+Label&language=english
ONCOR,SPARK ENERGY LLC,Choose 15,0.1270,0.1230,0.1210,Fixed,15,37,false,false,false,,100,https://www.sparkenergy.com/products-and-services/?getproductpdf=1&PromotionCode=PTC&ProductID=148473&type=EFL&title=Electricity+Facts+Label&language=english
ONCOR,RELIANT,Reliant Power On 12 Plan,0.1520,0.1430,0.1380,Fixed,12,24,false,false,false,,150.00,https://www.reliant.com/defl/R1F00200156371A.pdf
ONCOR,CHARIOT ENERGY,Chariot Freedom,0.1510,0.1460,0.1440,Variable,0,100,false,false,false,,0.00,https://signup.chariotenergy.com//Home/EFl?productId=47559
ONCOR,RELIANT,Reliant Power On 24 Plan,0.1560,0.1470,0.1420,Fixed,24,24,false,false,false,,295.00,https://www.reliant.com/defl/R1F00200156554A.pdf
ONCOR,JUST ENERGY,Smart Choice - 12,0.2380,0.1090,0.1700,Fixed,12,22,false,false,true,$125 bill credit when monthly usage is >= 1000 kWh,175.00,https://webs.justenergydeals.com/Generate_Docs/Generate_EflLinks.aspx?RID=QieiW0b85Ow=&RCID=gNASPlhlupI=&L=6f+Ch9flI7k=
ONCOR,JUST ENERGY,Sustainable Days Bundle - 3,0.1080,0.0990,0.0950,Fixed,3,22,false,true,false,,175.00,https://webs.justenergydeals.com/Generate_Docs/Generate_EflLinks.aspx?RID=0HhNUr0LaLs=&RCID=gNASPlhlupI=&L=6f+Ch9flI7k=
ONCOR,GREEN MOUNTAIN ENERGY COMPANY,Pollution Free e-Plus 24 Choice,0.1570,0.1480,0.1430,Fixed,24,100,false,false,false,,295.00,https://signup.greenmountain.com/defl/G1F00201600385A.pdf
ONCOR,TARA ENERGY,Basics PTC - 36,0.1530,0.1490,0.1470,Fixed,36,22,false,false,false,,175.00,https://webs.taraenergy.com/Generate_Docs/Generate_EflLinks.aspx?RID=ZLQfjOoVTQc=&RCID=cacW2cvK/I0=&L=6f+Ch9flI7k=
ONCOR,AMIGO ENERGY,Basics PTC - 36,0.1530,0.1490,0.1470,Fixed,36,22,false,false,false,,175.00,https://webs.amigoenergy.com/Generate_Docs/Generate_EflLinks.aspx?RID=BfnIuuEZljQ=&RCID=rv5fvOkFHh4=&L=6f+Ch9flI7k=
ONCOR,AMIGO ENERGY,Power Perks - 12,0.2380,0.1090,0.1700,Fixed,12,22,false,false,true,$125 bill credit when monthly usage is >= 1000 kWh,175.00,https://webs.amigoenergy.com/Generate_Docs/Generate_EflLinks.aspx?RID=cjKwZCUAdx8=&RCID=rv5fvOkFHh4=&L=6f+Ch9flI7k=
ONCOR,TARA ENERGY,Sustainable Home Bundle - 3,0.1070,0.0990,0.0940,Fixed,3,22,false,false,false,,175.00,https://webs.taraenergy.com/Generate_Docs/Generate_EflLinks.aspx?RID=AXEW2DZ1EjY=&RCID=cacW2cvK/I0=&L=6f+Ch9flI7k=
ONCOR,TARA ENERGY,Value Choice - 12,0.2380,0.1090,0.1700,Fixed,12,22,false,false,true,$125 bill credit when monthly usage is >= 1000 kWh,175.00,https://webs.taraenergy.com/Generate_Docs/Generate_EflLinks.aspx?RID=rK2y5sPrSWk=&RCID=cacW2cvK/I0=&L=6f+Ch9flI7k=
ONCOR,GREEN MOUNTAIN ENERGY COMPANY,Pollution Free e-Plus Choice,0.1880,0.1790,0.1740,Variable,0,100,false,false,false,,0.00,https://signup.greenmountain.com/defl/G1F00201600381A.pdf
ONCOR,GREEN MOUNTAIN ENERGY COMPANY,Pollution Free e-Plus 12 Choice,0.1530,0.1440,0.1390,Fixed,12,100,false,false,false,,150.00,https://signup.greenmountain.com/defl/G1F00201600469A.pdf
ONCOR,AMIGO ENERGY,Sustainable Lifestyle - 3,0.1070,0.0990,0.0940,Fixed,3,22,false,false,false,,175.00,https://webs.amigoenergy.com/Generate_Docs/Generate_EflLinks.aspx?RID=/QJYi7R2WGU=&RCID=rv5fvOkFHh4=&L=6f+Ch9flI7k=
ONCOR,Discount Power,Saver 24,0.1420,0.1380,0.1350,Fixed,24,22,false,false,false,,295.00,https://www.discountpowertx.com/defl/M1F00193222946A.pdf
ONCOR,CHARIOT ENERGY,Chariot Choice 24,0.1280,0.1230,0.1210,Fixed,24,100,false,false,false,,99.00,https://signup.chariotenergy.com//Home/EFl?productId=48011
ONCOR,CHARIOT ENERGY,Chariot Choice 36,0.1310,0.1260,0.1240,Fixed,36,100,false,false,false,,99.00,https://signup.chariotenergy.com//Home/EFl?productId=48012
ONCOR,Discount Power,Saver 12,0.1360,0.1320,0.1290,Fixed,12,22,false,false,false,,150.00,https://www.discountpowertx.com/defl/M1F00193222914A.pdf
ONCOR,Express Energy,Speedy 12,0.1180,0.1140,0.1120,Fixed,12,3,false,false,false,,20 per month remaining,https://shopping.myexpressenergy.com/PDFGenerator?formType=EnergyFactsLabel&comProdId=ONEXSPDYVBC12AC&tdsp=ONCOR&lang=en&custClass=Residential
ONCOR,PAYLESS POWER,PTC 6 Month - Prepaid,0.1650,0.1610,0.1590,Fixed,6,26,true,false,false,,49.00,https://api.paylesspower.com/common/api/document/onc/ERPP87/efl/en/487447
ONCOR,PAYLESS POWER,PTC 12 Month - Prepaid,0.1670,0.1630,0.1610,Fixed,12,26,true,false,false,,49.00,https://api.paylesspower.com/common/api/document/onc/ERPP86/efl/en/487447
ONCOR,CONSTELLATION NEWENERGY INC,12 Month A/C Protect Plus for 2 Units,0.1890,0.1500,0.1580,Fixed,12,24,false,false,true,Constellation will automatically apply a $35 bill credit to your invoice for each billing cycle where usage is at least 1000 kWh. An additional $15 bill credit will be applied when usage reaches 2000 kWh,150.00,https://www.constellation.com/bin/residential/GetContractVersionPDF?versionNum=5029961
ONCOR,CIRRO ENERGY,Smart Simple 18,0.1470,0.1430,0.1400,Fixed,18,22,false,false,false,,180.00,https://www.cirroenergy.com/defl/M1F00193223124A.pdf
ONCOR,CIRRO ENERGY,Smart Simple 24,0.1430,0.1390,0.1360,Fixed,24,22,false,false,false,,295.00,https://www.cirroenergy.com/defl/M1F00193223088A.pdf
ONCOR,CIRRO ENERGY,Smart Simple 12,0.1370,0.1330,0.1300,Fixed,12,22,false,false,false,,150.00,https://www.cirroenergy.com/defl/M1F00193223184A.pdf
ONCOR,AMIGO ENERGY,Sustainable Simply Days - 3,0.1080,0.0990,0.0950,Fixed,3,22,false,true,false,,175.00,https://webs.amigoenergy.com/Generate_Docs/Generate_EflLinks.aspx?RID=fghzZ67BppU=&RCID=rv5fvOkFHh4=&L=6f+Ch9flI7k=
ONCOR,TARA ENERGY,Balanced Days Bundle - 3,0.1080,0.0990,0.0950,Fixed,3,22,false,true,false,,175.00,https://webs.taraenergy.com/Generate_Docs/Generate_EflLinks.aspx?RID=ODdY/I3xZsY=&RCID=cacW2cvK/I0=&L=6f+Ch9flI7k=
ONCOR,JUST ENERGY,Sustainable Living Bundle - 3,0.1070,0.0990,0.0940,Fixed,3,22,false,false,false,,175.00,https://webs.justenergydeals.com/Generate_Docs/Generate_EflLinks.aspx?RID=M+o7fT9Oo/s=&RCID=gNASPlhlupI=&L=6f+Ch9flI7k=
ONCOR,CHAMPION ENERGY SERVICES LLC,Champ Saver-12,0.1370,0.1330,0.1310,Fixed,12,25,false,false,false,,150.00,https://docs.championenergyservices.com/ExternalDocs?planname=PN2402&state=TX&language=EN
ONCOR,CHAMPION ENERGY SERVICES LLC,Champ Saver-24,0.1430,0.1390,0.1370,Fixed,24,25,false,false,false,,250.00,https://docs.championenergyservices.com/ExternalDocs?planname=PN2407&state=TX&language=EN
ONCOR,Discount Power,Saver 18,0.1460,0.1420,0.1390,Fixed,18,22,false,false,false,,180.00,https://www.discountpowertx.com/defl/M1F00193222978A.pdf
ONCOR,CONSTELLATION NEWENERGY INC,Simple Switch 3,0.1150,0.1110,0.1090,Fixed,3,24,false,false,false,,50.00,https://www.constellation.com/bin/residential/GetContractVersionPDF?versionNum=5029937
ONCOR,CHAMPION ENERGY SERVICES LLC,Champ Saver-6,0.1330,0.1290,0.1270,Fixed,6,26,false,false,false,,150.00,https://docs.championenergyservices.com/ExternalDocs?planname=PN2398&state=TX&language=EN
ONCOR,TRUE POWER,True Value 36,0.1300,0.1250,0.1230,Fixed,36,15,false,false,false,,300.00,https://gb008a8dbfa8724-worx4uv1.adb.us-ashburn-1.oraclecloudapps.com/ords/worx4u/admin/efls/5BB5466845F77312E063EBF2000AA050/view
ONCOR,FRONTIER UTILITIES,Frontier Power Saver 3,0.1090,0.0990,0.0970,Fixed,3,30,false,false,false,,150.00,https://eflviewer.frontierutilities.com/eflviewer.aspx?lang=EN&prodcode=FPOWSVR3&tdspcode=ONCOR_ELEC&ppid=195134&logid=84848&filename=ONCOR_ELEC_FPOWSVR3_20260917_0000_84848
ONCOR,TRUE POWER,True Value 10,0.1220,0.1170,0.1150,Fixed,10,15,false,false,false,,300.00,https://gb008a8dbfa8724-worx4uv1.adb.us-ashburn-1.oraclecloudapps.com/ords/worx4u/admin/efls/5B8DD3E3C5EABE50E063EBF2000ACC60/view
ONCOR,TRUE POWER,True Value 12,0.1190,0.1140,0.1120,Fixed,12,15,false,false,false,,300.00,https://gb008a8dbfa8724-worx4uv1.adb.us-ashburn-1.oraclecloudapps.com/ords/worx4u/admin/efls/5B8DCC2AA602BE52E063EBF2000A8C37/view
ONCOR,TRUE POWER,True Value 24,0.1280,0.1230,0.1210,Fixed,24,15,false,false,false,,300.00,https://gb008a8dbfa8724-worx4uv1.adb.us-ashburn-1.oraclecloudapps.com/ords/worx4u/admin/efls/5B8E28AC3CDF99FFE063EBF2000AB4E8/view
ONCOR,Companion Energy,Companion Pro + Perks 3,0.1040,0.0990,0.0970,Fixed,3,30,false,false,false,,150.00,https://eflviewer.companionenergy.com/eflviewer.aspx?lang=EN&prodcode=CEPRPERK3&tdspcode=ONCOR_ELEC&ppid=195137&logid=84836&filename=ONCOR_ELEC_CEPRPERK3_20260917_0000_84836
ONCOR,VARSITY ENERGY LLC,TOUCHDOWN 24,0.1320,0.1280,0.1260,Fixed,24,24,false,false,false,,150.00,https://signup.varsityenergy.com/Home/EFl?productId=27863&ver=english
ONCOR,Texans Choice Power LLC,Texas Instant 12,0.2600,0.1300,0.1350,Fixed,12,37,false,false,true,"Pay the same amount every month whenever your usage is below 1,000 kWh.",200,https://signup.texanschoicepower.com/getdocument/?getproductpdf=1&productid=153829&type=EFL_TIEREDPRICING&title=153829_EFL_TIEREDPRICING&language=english
ONCOR,Texans Choice Power LLC,Choose 12,0.1260,0.1220,0.1200,Fixed,12,37,false,false,false,,100,https://signup.texanschoicepower.com/getdocument/?getproductpdf=1&productid=153808&type=EFL&title=153808_EFL&language=english
ONCOR,Companion Energy,Companion + Perks 8,0.1090,0.1040,0.1020,Fixed,8,30,false,false,false,,150.00,https://eflviewer.companionenergy.com/eflviewer.aspx?lang=EN&prodcode=CEPERK8&tdspcode=ONCOR_ELEC&ppid=194767&logid=84611&filename=ONCOR_ELEC_CEPERK8_20260909_0000_84611
ONCOR,VARSITY ENERGY LLC,TOUCHDOWN 12,0.1190,0.1150,0.1130,Fixed,12,31,false,false,false,,150.00,https://signup.varsityenergy.com/Home/EFl?productId=32959&ver=english
ONCOR,GEXA ENERGY,Gexa Eco Choice 8,0.1090,0.1040,0.1020,Fixed,8,100,false,false,false,,150.00,https://eflviewer.gexaenergy.com/eflviewer.aspx?lang=EN&prodcode=GXAECOCHI8&tdspcode=ONCOR_ELEC&ppid=194766&logid=84649&filename=ONCOR_ELEC_GXAECOCHI8_20260909_0000_84649
ONCOR,FRONTIER UTILITIES,Frontier Power Saver 12,0.1200,0.1150,0.1130,Fixed,12,30,false,false,false,,150.00,https://eflviewer.frontierutilities.com/eflviewer.aspx?lang=EN&prodcode=FPOWSVR12&tdspcode=ONCOR_ELEC&ppid=195132&logid=84853&filename=ONCOR_ELEC_FPOWSVR12_20260917_0000_84853
ONCOR,FRONTIER UTILITIES,Frontier Power Saver 8,0.1090,0.1040,0.1020,Fixed,8,30,false,false,false,,150.00,https://eflviewer.frontierutilities.com/eflviewer.aspx?lang=EN&prodcode=FPOWSVR08&tdspcode=ONCOR_ELEC&ppid=194765&logid=84643&filename=ONCOR_ELEC_FPOWSVR08_20260909_0000_84643
ONCOR,Octopus Energy,Octo Simple 6,0.1120,0.1080,0.1060,Fixed,6,100,false,false,false,,150.00,https://octopusenergy.com/efl/OCTO-SIMPLE-6-ONCOR-LZ_NORTH-202609212200
ONCOR,RHYTHM,Digital Choice 36,0.1330,0.1330,0.1340,Fixed,36,100,false,false,false,,20 / remaining month,https://api.gotrhythm.com/api/pricing/offers/latest-offers-efl/18912/?locale=en
ONCOR,RHYTHM,Digital Choice 24,0.1300,0.1300,0.1310,Fixed,24,100,false,false,false,,20 / remaining month,https://api.gotrhythm.com/api/pricing/offers/latest-offers-efl/18865/?locale=en
ONCOR,SPARK ENERGY LLC,Choose 3,0.1060,0.1020,0.1000,Fixed,3,37,false,false,false,,100,https://www.sparkenergy.com/products-and-services/?getproductpdf=1&PromotionCode=PTC&ProductID=153760&type=EFL&title=Electricity+Facts+Label&language=english
ONCOR,Companion Energy,Companion + Perks 12,0.1200,0.1150,0.1130,Fixed,12,30,false,false,false,,150.00,https://eflviewer.companionenergy.com/eflviewer.aspx?lang=EN&prodcode=CEPERK12&tdspcode=ONCOR_ELEC&ppid=195136&logid=84841&filename=ONCOR_ELEC_CEPERK12_20260917_0000_84841
ONCOR,Octopus Energy LLC,Octo Simple 24,0.1430,0.1390,0.1370,Fixed,24,100,false,false,false,,250.00,https://octopusenergy.com/efl/OCTO-SIMPLE-24-ONCOR-LZ_NORTH-202609212200
ONCOR,Octopus Energy,Octo Green 9,0.1150,0.1110,0.1090,Fixed,9,100,false,false,false,,150.00,https://octopusenergy.com/efl/OCTO-SIMPLE-9-ONCOR-LZ_NORTH-202609212200
ONCOR,AE TEXAS,Smart Secure 9,0.1220,0.1180,0.1160,Fixed,10,23,false,false,false,,20/month remaining,https://enroll.aetexasco.com/EmailHTML/efl.aspx?RateID=11152&BrandID=1&PromoCodeID=114
ONCOR,RHYTHM,Digital Choice 8,0.1040,0.1040,0.1050,Fixed,8,100,false,false,false,,20 / remaining month,https://api.gotrhythm.com/api/pricing/offers/latest-offers-efl/26114/?locale=en
ONCOR,Energy Texas,No Bull 8,0.1040,0.1040,0.1050,Fixed,8,100,false,false,false,,20 / remaining month,https://api.energytexas.com/api/pricing/offers/latest-offers-efl/26218/?locale=en
ONCOR,CHARIOT ENERGY,Bright Nights 8,0.1250,0.1110,0.1040,Fixed,8,100,false,true,false,,15 per remaining month,https://signup.chariotenergy.com//Home/EFl?productId=48008
ONCOR,BKV Energy,Daisy 9,0.1300,0.1260,0.1240,Fixed,9,29,false,false,false,,20/remaining month.,https://enroll.bkvenergy.com/Home/EFL?productCode=RN00080062&promo=&term=9
ONCOR,Octopus Energy,OctopusFlex,0.1420,0.1380,0.1360,Fixed,12,100,false,true,false,,150.00,https://octopusenergy.com/efl/OCTOPUS-FLEX-ONCOR-LZ_NORTH-202609212200
ONCOR,SFE ENERGY TEXAS INC,SFE RewardsPlus - 5,0.1210,0.1170,0.1150,Fixed,5,23,false,false,false,,175.00,https://empowerdocs.blob.core.windows.net/efldocuments/SFE_REWARDSPLUS_-_5_2516164624698416610_EFL_SFE%20Residential%20Fixed%20ONC%205English.pdf
ONCOR,SFE ENERGY TEXAS INC,SFE RewardsPlus - 10,0.1230,0.1190,0.1170,Fixed,10,23,false,false,false,,175.00,https://empowerdocs.blob.core.windows.net/efldocuments/SFE_REWARDSPLUS_-_10_2516164624769041407_EFL_SFE%20Residential%20Fixed%20ONC%2010English.pdf
ONCOR,BRANCH ENERGY (TEXAS) LLC,Branch Fixed 12,0.1440,0.1400,0.1380,Fixed,12,100,false,false,false,,120.00,https://assets.oak.phloem.io/docs/fb0022a4-4028-48b6-89ab-1977a5f2e04b/html
ONCOR,RHYTHM,Digital Choice 12,0.1160,0.1160,0.1170,Fixed,12,100,false,false,false,,20 / remaining month,https://api.gotrhythm.com/api/pricing/offers/latest-offers-efl/16245/?locale=en
ONCOR,Energy Texas,No Bull 24,0.1300,0.1300,0.1310,Fixed,24,100,false,false,false,,20 / remaining month,https://api.energytexas.com/api/pricing/offers/latest-offers-efl/18850/?locale=en
ONCOR,Energy Texas,No Bull 36,0.1330,0.1330,0.1340,Fixed,36,100,false,false,false,,20 / remaining month,https://api.energytexas.com/api/pricing/offers/latest-offers-efl/12899/?locale=en
ONCOR,TXU ENERGY,Smart 1000 Select 12,0.2250,0.1050,0.1510,Fixed,12,3,false,false,true,"A bill credit of $100.00 will be applied for each billing cycle in which usage is 1000 kWh or more. A $25.00 summer bill credit will be applied for each billing cycle ending in July, August, and September in which usage is 1000 kWh or more.",150.00,https://residential.txu.com/Handlers/PDFGenerator.ashx?comProdId=ONXSMSL1KC12AC&lang=en&formType=EnergyFactsLabel&custClass=3&tdsp=ONCOR
ONCOR,Energy Texas,The Lone Saver Plus 12,0.2010,0.0770,0.1400,Fixed,12,100,false,false,true,Energy Texas will automatically apply a $125 bill credit to your invoice for each billing cycle where usage is at least 1000 kWh.,20 / remaining month,https://api.energytexas.com/api/pricing/offers/latest-offers-efl/23990/?locale=en
ONCOR,RHYTHM,Rhythm Max Saver 24,0.2020,0.0780,0.1410,Fixed,24,100,false,false,true,Rhythm will automatically apply a $125 bill credit to your invoice for each billing cycle where usage is at least 1000 kWh.,20 / remaining month,https://api.gotrhythm.com/api/pricing/offers/latest-offers-efl/25537/?locale=en
ONCOR,SMARTENERGY HOLDINGS LLC,SmartGreen 9 $200 Bill Credit,0.1310,0.1220,0.1180,Fixed,9,100,false,false,false,,20.00 per remaining month,https://texas.smartenergy.com/docs/efls/output/20260901_F_ONC_SG9-1MNTHBC_M2001.pdf
ONCOR,SMARTENERGY HOLDINGS LLC,SmartGreen 12 $200 Bill Credit,0.1430,0.1340,0.1300,Fixed,12,100,false,false,false,,20.00 per remaining month,https://texas.smartenergy.com/docs/efls/output/20260904_F_ONC_SG12-1MNTHBC_M2001_2.pdf
ONCOR,SMARTENERGY HOLDINGS LLC,SmartGreen 24 $200 Bill Credit,0.1460,0.1370,0.1330,Fixed,24,100,false,false,false,,20.00 per remaining month,https://texas.smartenergy.com/docs/efls/output/20260904_F_ONC_SG24-1MNTHBC_M2001_2.pdf
ONCOR,PRONTO POWER,Summer 2026,0.1550,0.1390,0.1310,Fixed,3,26,true,false,false,,50.00,https://pronto-gridlink.smartgridcis.net//Documents/Download.aspx?ProductDocumentID=1162
ONCOR,SFE ENERGY TEXAS INC,SFE RewardsPlus - 12,0.1270,0.1230,0.1210,Fixed,12,23,false,false,false,,175.00,https://empowerdocs.blob.core.windows.net/efldocuments/SFE_REWARDSPLUS_-_12_2516164624918583791_EFL_SFE%20Residential%20Fixed%20ONC%2012English.pdf
ONCOR,Atlantex Power,Luminous 36,0.1580,0.1540,0.1520,Fixed,36,23,false,false,false,,$20/month remaining,https://enroll.atlantexpower.com/EmailHTML/efl.aspx?RateID=3347&BrandID=3&PromoCodeID=115
ONCOR,Atlantex Power,Luminous 9,0.1400,0.1360,0.1340,Fixed,10,23,false,false,false,,$20/month remaining,https://enroll.atlantexpower.com/EmailHTML/efl.aspx?RateID=11113&BrandID=3&PromoCodeID=115
ONCOR,CHARIOT ENERGY,GridPlus 12,0.1950,0.0650,0.1260,Fixed,12,100,false,false,true,"Receive credits on your bill when you use more electricity! A credit of $125 dollars will be applied to each monthly billing cycle when your consumption is equal to or greater than 1,000 kWh.",15 per remaining month,https://signup.chariotenergy.com//Home/EFl?productId=47960
ONCOR,CONSTELLATION NEWENERGY INC,36 Month Usage Bill Credit,0.1700,0.1310,0.1390,Fixed,36,24,false,false,true,Constellation will automatically apply a $35 bill credit to your invoice for each billing cycle where usage is at least 1000 kWh. An additional $15 bill credit will be applied when usage reaches 2000 kWh,150.00,https://www.constellation.com/bin/residential/GetContractVersionPDF?versionNum=5029959
ONCOR,Texans Choice Power LLC,Choose 6,0.1220,0.1180,0.1160,Fixed,6,37,false,false,false,,100,https://signup.texanschoicepower.com/getdocument/?getproductpdf=1&productid=153838&type=EFL&title=153838_EFL&language=english
ONCOR,Think Energy,Think Clean 24 With Smart Thermostat Connected,0.1310,0.1320,0.1330,Fixed,24,100,false,false,false,,200.00,https://api.thinkenergy.onproton.io/enrollment/get_latest_document?lang=en&product_code=tx.thinkclean.noap.fixed.thermostat&tdsp_id=3&doc_type=EFL&term=24&promo_code=default
ONCOR,Budget Power,No Gimmicks Green 36,0.1300,0.1260,0.1240,Fixed,36,100,false,false,false,,250,https://signup.budgetpowertx.com/Home/EFL?productId=35149
ONCOR,SMARTENERGY HOLDINGS LLC,SmartGreen 3,0.1070,0.0980,0.0940,Fixed,3,100,false,false,false,,0.00,https://texas.smartenergy.com/docs/efls/output/20260917_F_ONC_SG3_M2001_2.pdf
ONCOR,SPARK ENERGY LLC,Sure Saver 12,0.1700,0.0660,0.1140,Fixed,12,37,false,false,true,"A $100 bill credit will be applied to each billing cycle in which usage is greater than 1,000 kWh.",100,https://signup.sparkenergy.com/getdocument/?getproductpdf=1&productid=154445&type=EFL_MSFCREDIT&title=154445_EFL_MSFCREDIT&language=english
ONCOR,Octopus Energy,Octo Simple 3,0.1050,0.1010,0.0990,Fixed,3,100,false,false,false,,150.00,https://octopusenergy.com/efl/OCTO-SIMPLE-3-ONCOR-LZ_NORTH-202609212200
ONCOR,Discount Power,Saver 11,0.1360,0.1320,0.1290,Fixed,11,22,false,false,false,,95.00,https://www.discountpowertx.com/defl/M1F00193222838A.pdf
ONCOR,Veteran Energy,Basic 12,0.1180,0.1140,0.1120,Fixed,12,3,false,false,false,,20.00 per month remaining,https://shopping.veteranenergyusa.com/PDFGenerator?formType=EnergyFactsLabel&comProdId=ONVTBASICAC12AB&tdsp=ONCOR&lang=en&custClass=Residential
ONCOR,Express Energy,Flash Value 12,0.1950,0.0660,0.1260,Fixed,12,3,false,false,true,A bill credit of $125 will be applied for each billing cycle in which usage is 1000 kWh or more.,20.00 per month remaining,https://shopping.myexpressenergy.com/PDFGenerator?formType=EnergyFactsLabel&comProdId=ONEXFLASHCC12IL&tdsp=ONCOR&lang=en&custClass=Residential
ONCOR,CIRRO ENERGY,Smart Simple 11,0.1370,0.1330,0.1300,Fixed,11,22,false,false,false,,95.00,https://www.cirroenergy.com/defl/M1F00193223036A.pdf
ONCOR,SFE ENERGY TEXAS INC,SFE RewardsPlus - 23,0.1300,0.1260,0.1240,Fixed,23,23,false,false,false,,175.00,https://empowerdocs.blob.core.windows.net/efldocuments/SFE_REWARDSPLUS_-_23_2516164624733885263_EFL_SFE%20Residential%20Fixed%20ONC%2023English.pdf
TNMP,SFE ENERGY TEXAS INC,SFE RewardsPlus - 23,0.1570,0.1490,0.1450,Fixed,23,23,false,false,false,,175.00,https://empowerdocs.blob.core.windows.net/efldocuments/SFE_REWARDSPLUS_-_23_2516130373615361363_EFL_SFE%20Residential%20Fixed%20TNMP%2023English.pdf
TNMP,CIRRO ENERGY,Smart Simple 11,0.1610,0.1530,0.1490,Fixed,11,22,false,false,false,,95.00,https://www.cirroenergy.com/defl/M1F00193223048D.pdf
TNMP,Express Energy,Speedy 12,0.1230,0.1160,0.1120,Fixed,12,3,false,false,false,,20.00 per month remaining,https://shopping.myexpressenergy.com/PDFGenerator?formType=EnergyFactsLabel&comProdId=NMEXSPDYVBC12AA&tdsp=TNMPOWER&lang=en&custClass=Residential
TNMP,Express Energy,Flash Value 12,0.2300,0.0970,0.1560,Fixed,12,3,false,false,true,A bill credit of $125 will be applied for each billing cycle in which usage is 1000 kWh or more.,20.00 per month remaining,https://shopping.myexpressenergy.com/PDFGenerator?formType=EnergyFactsLabel&comProdId=NMEXFLASHCC12IL&tdsp=TNMPOWER&lang=en&custClass=Residential
TNMP,Veteran Energy,Basic 12,0.1230,0.1160,0.1120,Fixed,12,3,false,false,false,,20.00 per month remaining,https://shopping.veteranenergyusa.com/PDFGenerator?formType=EnergyFactsLabel&comProdId=NMVTBASICAC12AA&tdsp=TNMPOWER&lang=en&custClass=Residential
TNMP,Discount Power,Saver 11,0.1600,0.1520,0.1480,Fixed,11,22,false,false,false,,95.00,https://www.discountpowertx.com/defl/M1F00193222850D.pdf
TNMP,Octopus Energy,Octo Simple 3,0.1790,0.1710,0.1680,Fixed,3,100,false,false,false,,150.00,https://octopusenergy.com/efl/OCTO-SIMPLE-3-TNMP-LZ_WEST-202609212200
TNMP,SPARK ENERGY LLC,Sure Saver 12,0.2100,0.1020,0.1480,Fixed,12,37,false,false,true,"A $100 bill credit will be applied to each billing cycle in which usage is greater than 1,000 kWh.",100,https://signup.sparkenergy.com/getdocument/?getproductpdf=1&productid=154446&type=EFL_MSFCREDIT&title=154446_EFL_MSFCREDIT&language=english
TNMP,PRONTO POWER,Pronto Flex 30,0.2050,0.2020,0.2000,Variable,1,,true,false,false,,0.00,https://pronto-gridlink.smartgridcis.net/Documents/Download.aspx?ProductDocumentID=849
TNMP,SMARTENERGY HOLDINGS LLC,SmartGreen 3,0.1280,0.1150,0.1090,Fixed,3,100,false,false,false,,0.00,https://texas.smartenergy.com/docs/efls/output/20260917_F_TNMP_SG3_M2001_2.pdf
TNMP,Think Energy,Think Clean 24 With Smart Thermostat Connected,0.1610,0.1580,0.1570,Fixed,24,100,false,false,false,,200.00,https://api.thinkenergy.onproton.io/enrollment/get_latest_document?lang=en&product_code=tx.thinkclean.noap.fixed.thermostat&tdsp_id=8&doc_type=EFL&term=24&promo_code=default
TNMP,Texans Choice Power LLC,Choose 6,0.1600,0.1520,0.1480,Fixed,6,37,false,false,false,,100,https://signup.texanschoicepower.com/getdocument/?getproductpdf=1&productid=153839&type=EFL&title=153839_EFL&language=english
TNMP,CHARIOT ENERGY,GridPlus 12,0.2270,0.0940,0.1530,Fixed,12,100,false,false,true,"Receive credits on your bill when you use more electricity! A credit of $125 dollars will be applied to each monthly billing cycle when your consumption is equal to or greater than 1,000 kWh.",15 per remaining month,https://signup.chariotenergy.com//Home/EFl?productId=47824
TNMP,Atlantex Power,Luminous 9,0.1620,0.1540,0.1500,Fixed,10,23,false,false,false,,$20/month remaining,https://enroll.atlantexpower.com/EmailHTML/efl.aspx?RateID=11117&BrandID=3&PromoCodeID=115
TNMP,RHYTHM,Digital Choice 24,0.1560,0.1530,0.1520,Fixed,24,100,false,false,false,,20 / remaining month,https://api.gotrhythm.com/api/pricing/offers/latest-offers-efl/18868/?locale=en
TNMP,Atlantex Power,Luminous 36,0.1800,0.1720,0.1680,Fixed,36,23,false,false,false,,$20/month remaining,https://enroll.atlantexpower.com/EmailHTML/efl.aspx?RateID=3351&BrandID=3&PromoCodeID=115
TNMP,SFE ENERGY TEXAS INC,SFE RewardsPlus - 12,0.1530,0.1450,0.1410,Fixed,12,23,false,false,false,,175.00,https://empowerdocs.blob.core.windows.net/efldocuments/SFE_REWARDSPLUS_-_12_2516130371922387724_EFL_SFE%20Residential%20Fixed%20TNMP%2012English.pdf
TNMP,PRONTO POWER,Summer 2026,0.1870,0.1670,0.1570,Fixed,3,26,true,false,false,,50.00,https://pronto-gridlink.smartgridcis.net//Documents/Download.aspx?ProductDocumentID=1170
TNMP,SMARTENERGY HOLDINGS LLC,SmartGreen 9 $200 Bill Credit,0.1530,0.1400,0.1330,Fixed,9,100,false,false,false,,20.00 per remaining month,https://texas.smartenergy.com/docs/efls/output/20260901_F_TNMP_SG9-1MNTHBC_M2001.pdf
TNMP,SMARTENERGY HOLDINGS LLC,SmartGreen 12 $200 Bill Credit,0.1640,0.1510,0.1440,Fixed,12,100,false,false,false,,20.00 per remaining month,https://texas.smartenergy.com/docs/efls/output/20260904_F_TNMP_SG12-1MNTHBC_M2001_2.pdf
TNMP,SMARTENERGY HOLDINGS LLC,SmartGreen 24 $200 Bill Credit,0.1670,0.1540,0.1470,Fixed,24,100,false,false,false,,20.00 per remaining month,https://texas.smartenergy.com/docs/efls/output/20260904_F_TNMP_SG24-1MNTHBC_M2001_2.pdf
TNMP,RHYTHM,Rhythm Max Saver 24,0.2270,0.0990,0.1610,Fixed,24,100,false,false,true,Rhythm will automatically apply a $125 bill credit to your invoice for each billing cycle where usage is at least 1000 kWh.,20 / remaining month,https://api.gotrhythm.com/api/pricing/offers/latest-offers-efl/25573/?locale=en
TNMP,Energy Texas,The Lone Saver Plus 12,0.2270,0.0990,0.1600,Fixed,12,100,false,false,true,Energy Texas will automatically apply a $125 bill credit to your invoice for each billing cycle where usage is at least 1000 kWh.,20 / remaining month,https://api.energytexas.com/api/pricing/offers/latest-offers-efl/24001/?locale=en
TNMP,TXU ENERGY,Smart 1000 Select 12,0.2360,0.1120,0.1560,Fixed,12,3,false,false,true,"A bill credit of $100.00 will be applied for each billing cycle in which usage is 1000 kWh or more. A $25.00 summer bill credit will be applied for each billing cycle ending in July, August, and September in which usage is 1000 kWh or more.",150.00,https://residential.txu.com/Handlers/PDFGenerator.ashx?comProdId=NMXSMSL1KC12AB&lang=en&formType=EnergyFactsLabel&custClass=3&tdsp=TNMPOWER
TNMP,Energy Texas,No Bull 36,0.1590,0.1560,0.1550,Fixed,36,100,false,false,false,,20 / remaining month,https://api.energytexas.com/api/pricing/offers/latest-offers-efl/12913/?locale=en
TNMP,Energy Texas,No Bull 24,0.1560,0.1530,0.1520,Fixed,24,100,false,false,false,,20 / remaining month,https://api.energytexas.com/api/pricing/offers/latest-offers-efl/18853/?locale=en
TNMP,RHYTHM,Digital Choice 12,0.1410,0.1380,0.1370,Fixed,12,100,false,false,false,,20 / remaining month,https://api.gotrhythm.com/api/pricing/offers/latest-offers-efl/16291/?locale=en
TNMP,SFE ENERGY TEXAS INC,SFE RewardsPlus - 5,0.1460,0.1380,0.1340,Fixed,5,23,false,false,false,,175.00,https://empowerdocs.blob.core.windows.net/efldocuments/SFE_REWARDSPLUS_-_5_2516130374289038480_EFL_SFE%20Residential%20Fixed%20TNMP%205English.pdf
TNMP,SFE ENERGY TEXAS INC,SFE RewardsPlus - 10,0.1500,0.1420,0.1380,Fixed,10,23,false,false,false,,175.00,https://empowerdocs.blob.core.windows.net/efldocuments/SFE_REWARDSPLUS_-_10_2516130372340743733_EFL_SFE%20Residential%20Fixed%20TNMP%2010English.pdf
TNMP,Octopus Energy,OctopusFlex,0.1990,0.1910,0.1870,Fixed,12,100,false,true,false,,150.00,https://octopusenergy.com/efl/OCTOPUS-FLEX-TNMP-LZ_WEST-202609212200
TNMP,BKV Energy,Daisy 9,0.1530,0.1450,0.1420,Fixed,9,29,false,false,false,,20/remaining month.,https://enroll.bkvenergy.com/Home/EFL?productCode=RN00080065&promo=&term=9
TNMP,CHARIOT ENERGY,Bright Nights 8,0.1510,0.1330,0.1250,Fixed,8,100,false,true,false,,15 per remaining month,https://signup.chariotenergy.com//Home/EFl?productId=39891
TNMP,RHYTHM,Digital Choice 8,0.1280,0.1250,0.1240,Fixed,8,100,false,false,false,,20 / remaining month,https://api.gotrhythm.com/api/pricing/offers/latest-offers-efl/26216/?locale=en
TNMP,Energy Texas,No Bull 8,0.1280,0.1250,0.1240,Fixed,8,100,false,false,false,,20 / remaining month,https://api.energytexas.com/api/pricing/offers/latest-offers-efl/26260/?locale=en
TNMP,AE TEXAS,Smart Secure 9,0.1440,0.1360,0.1320,Fixed,10,23,false,false,false,,20/month remaining,https://enroll.aetexasco.com/EmailHTML/efl.aspx?RateID=11156&BrandID=1&PromoCodeID=114
TNMP,Octopus Energy,Octo Green 9,0.1880,0.1810,0.1770,Fixed,9,100,false,false,false,,150.00,https://octopusenergy.com/efl/OCTO-SIMPLE-9-TNMP-LZ_WEST-202609212200
TNMP,Octopus Energy LLC,Octo Simple 24,0.2010,0.1930,0.1890,Fixed,24,100,false,false,false,,250.00,https://octopusenergy.com/efl/OCTO-SIMPLE-24-TNMP-LZ_WEST-202609212200
TNMP,Companion Energy,Companion + Perks 12,0.1460,0.1380,0.1350,Fixed,12,30,false,false,false,,150.00,https://eflviewer.companionenergy.com/eflviewer.aspx?lang=EN&prodcode=CEPERK12&tdspcode=TNMP&ppid=195124&logid=84845&filename=TNMP_CEPERK12_20260917_0000_84845
TNMP,SPARK ENERGY LLC,Choose 3,0.1430,0.1350,0.1310,Fixed,3,37,false,false,false,,100,https://www.sparkenergy.com/products-and-services/?getproductpdf=1&PromotionCode=PTC&ProductID=153761&type=EFL&title=Electricity+Facts+Label&language=english
TNMP,RHYTHM,Digital Choice 36,0.1590,0.1560,0.1550,Fixed,36,100,false,false,false,,20 / remaining month,https://api.gotrhythm.com/api/pricing/offers/latest-offers-efl/18915/?locale=en
TNMP,Octopus Energy,Octo Simple 6,0.1940,0.1860,0.1820,Fixed,6,100,false,false,false,,150.00,https://octopusenergy.com/efl/OCTO-SIMPLE-6-TNMP-LZ_WEST-202609212200
TNMP,FRONTIER UTILITIES,Frontier Power Saver 12,0.1460,0.1380,0.1350,Fixed,12,30,false,false,false,,150.00,https://eflviewer.frontierutilities.com/eflviewer.aspx?lang=EN&prodcode=FPOWSVR12&tdspcode=TNMP&ppid=195120&logid=84857&filename=TNMP_FPOWSVR12_20260917_0000_84857
TNMP,FRONTIER UTILITIES,Frontier Power Saver 8,0.1350,0.1280,0.1240,Fixed,8,30,false,false,false,,150.00,https://eflviewer.frontierutilities.com/eflviewer.aspx?lang=EN&prodcode=FPOWSVR08&tdspcode=TNMP&ppid=194952&logid=84815&filename=TNMP_FPOWSVR08_20260913_0000_84815
TNMP,GEXA ENERGY,Gexa Eco Choice 8,0.1350,0.1280,0.1240,Fixed,8,100,false,false,false,,150.00,https://eflviewer.gexaenergy.com/eflviewer.aspx?lang=EN&prodcode=GXAECOCHI8&tdspcode=TNMP&ppid=194953&logid=84816&filename=TNMP_GXAECOCHI8_20260913_0000_84816
TNMP,Companion Energy,Companion + Perks 8,0.1350,0.1280,0.1240,Fixed,8,30,false,false,false,,150.00,https://eflviewer.companionenergy.com/eflviewer.aspx?lang=EN&prodcode=CEPERK8&tdspcode=TNMP&ppid=195008&logid=84817&filename=TNMP_CEPERK8_20260913_0000_84817
TNMP,Texans Choice Power LLC,Choose 12,0.1640,0.1560,0.1520,Fixed,12,37,false,false,false,,100,https://signup.texanschoicepower.com/getdocument/?getproductpdf=1&productid=153809&type=EFL&title=153809_EFL&language=english
TNMP,Texans Choice Power LLC,Texas Instant 12,0.3000,0.1500,0.1450,Fixed,12,37,false,false,true,"Pay the same amount every month whenever your usage is below 1,000 kWh.",200,https://signup.texanschoicepower.com/getdocument/?getproductpdf=1&productid=153831&type=EFL_TIEREDPRICING&title=153831_EFL_TIEREDPRICING&language=english
TNMP,TRUE POWER,True Value 10,0.1430,0.1350,0.1310,Fixed,10,15,false,false,false,,300.00,https://gb008a8dbfa8724-worx4uv1.adb.us-ashburn-1.oraclecloudapps.com/ords/worx4u/admin/efls/5C2F73D7AE13399DE063EBF2000A2A8A/view
TNMP,Companion Energy,Companion Pro + Perks 3,0.1330,0.1250,0.1210,Fixed,3,30,false,false,false,,150.00,https://eflviewer.companionenergy.com/eflviewer.aspx?lang=EN&prodcode=CEPRPERK3&tdspcode=TNMP&ppid=195125&logid=84834&filename=TNMP_CEPRPERK3_20260917_0000_84834
TNMP,TRUE POWER,True Value 24,0.1500,0.1420,0.1390,Fixed,24,15,false,false,false,,300.00,https://gb008a8dbfa8724-worx4uv1.adb.us-ashburn-1.oraclecloudapps.com/ords/worx4u/admin/efls/5B8D5F4EA16E591FE063EBF2000ACD2F/view
TNMP,TRUE POWER,True Value 12,0.1450,0.1370,0.1330,Fixed,12,15,false,false,false,,300.00,https://gb008a8dbfa8724-worx4uv1.adb.us-ashburn-1.oraclecloudapps.com/ords/worx4u/admin/efls/5B8DD495E6BA00B9E063EBF2000A768B/view
TNMP,FRONTIER UTILITIES,Frontier Power Saver 3,0.1330,0.1250,0.1210,Fixed,3,30,false,false,false,,150.00,https://eflviewer.frontierutilities.com/eflviewer.aspx?lang=EN&prodcode=FPOWSVR3&tdspcode=TNMP&ppid=195122&logid=84846&filename=TNMP_FPOWSVR3_20260917_0000_84846
TNMP,Budget Power,No Gimmicks Green 36,0.1550,0.1470,0.1430,Fixed,36,100,false,false,false,,250.00,https://signup.budgetpowertx.com/Home/EFL?productId=35173&Promo=
TNMP,TRUE POWER,True Value 36,0.1530,0.1450,0.1420,Fixed,36,15,false,false,false,,300.00,https://gb008a8dbfa8724-worx4uv1.adb.us-ashburn-1.oraclecloudapps.com/ords/worx4u/admin/efls/5C2F55E36A0A5DF1E063EBF2000AD815/view
TNMP,CHAMPION ENERGY SERVICES LLC,Champ Saver-6,0.1650,0.1580,0.1540,Fixed,6,26,false,false,false,,150.00,https://docs.championenergyservices.com/ExternalDocs?planname=PN2431&state=TX&language=EN
TNMP,CONSTELLATION NEWENERGY INC,Simple Switch 3,0.1450,0.1370,0.1330,Fixed,3,24,false,false,false,,50.00,https://www.constellation.com/bin/residential/GetContractVersionPDF?versionNum=5029963
TNMP,Discount Power,Saver 18,0.1700,0.1620,0.1580,Fixed,18,22,false,false,false,,180.00,https://www.discountpowertx.com/defl/M1F00193222990C.pdf
TNMP,CONSTELLATION NEWENERGY INC,12 Month Usage Bill Credit,0.1870,0.1440,0.1500,Fixed,12,24,false,false,true,Constellation will automatically apply a $35 bill credit to your invoice for each billing cycle where usage is at least 1000 kWh. An additional $15 bill credit will be applied when usage reaches 2000 kWh,150.00,https://www.constellation.com/bin/residential/GetContractVersionPDF?versionNum=5029908
TNMP,CIRRO ENERGY,Smart Simple 12,0.1620,0.1540,0.1500,Fixed,12,22,false,false,false,,150.00,https://www.cirroenergy.com/defl/M1F00193223082C.pdf
TNMP,NEC Co-op Energy,Residential Electricity... Plain and simple.,0.1900,0.1740,0.1670,Variable,0,15,false,false,false,,0.00,https://neccoopenergy.com/wp-content/uploads/2026/08/EFL-9-1-26-RESIDENTIAL-TNMP.pdf
TNMP,CHAMPION ENERGY SERVICES LLC,Champ Saver-12,0.1710,0.1640,0.1600,Fixed,12,25,false,false,false,,150.00,https://docs.championenergyservices.com/ExternalDocs?planname=PN2435&state=TX&language=EN
TNMP,CHAMPION ENERGY SERVICES LLC,Champ Saver-24,0.1750,0.1680,0.1640,Fixed,24,25,false,false,false,,250.00,https://docs.championenergyservices.com/ExternalDocs?planname=PN2440&state=TX&language=EN
TNMP,TARA ENERGY,Balanced Days Bundle - 3,0.1280,0.1160,0.1100,Fixed,3,22,false,true,false,,175.00,https://webs.taraenergy.com/Generate_Docs/Generate_EflLinks.aspx?RID=YsVRnu0pAjA=&RCID=cacW2cvK/I0=&L=6f+Ch9flI7k=
TNMP,AMIGO ENERGY,Sustainable Simply Days - 3,0.1280,0.1160,0.1100,Fixed,3,22,false,true,false,,175.00,https://webs.amigoenergy.com/Generate_Docs/Generate_EflLinks.aspx?RID=riXkxM6E/8o=&RCID=rv5fvOkFHh4=&L=6f+Ch9flI7k=
TNMP,JUST ENERGY,Sustainable Living Bundle - 3,0.1280,0.1160,0.1100,Fixed,3,22,false,false,false,,175.00,https://webs.justenergydeals.com/Generate_Docs/Generate_EflLinks.aspx?RID=NsMdgsFd3KU=&RCID=gNASPlhlupI=&L=6f+Ch9flI7k=
TNMP,Discount Power,Saver 12,0.1610,0.1530,0.1490,Fixed,12,22,false,false,false,,150.00,https://www.discountpowertx.com/defl/M1F00193222942C.pdf
TNMP,CIRRO ENERGY,Smart Simple 24,0.1670,0.1590,0.1550,Fixed,24,22,false,false,false,,295.00,https://www.cirroenergy.com/defl/M1F00193223180C.pdf
TNMP,CHAMPION ENERGY SERVICES LLC,Free Weekends-24,0.1760,0.1690,0.1650,Fixed,24,25,false,true,false,,250.00,https://docs.championenergyservices.com/ExternalDocs?planname=PN2437&state=TX&language=EN
TNMP,PAYLESS POWER,PTC 12 Month - Prepaid,0.1980,0.1900,0.1860,Fixed,12,26,true,false,false,,49.00,https://api.paylesspower.com/common/api/document/tnm/ERPP86/efl/en/487447
TNMP,PAYLESS POWER,PTC 6 Month - Prepaid,0.1950,0.1870,0.1830,Fixed,6,26,true,false,false,,49.00,https://api.paylesspower.com/common/api/document/tnm/ERPP87/efl/en/487447
TNMP,AP GAS & ELECTRIC (TX) LLC,SimpleSaver 12,0.2260,0.0930,0.1520,Fixed,12,6,false,false,true,$125 bill credit when usage is at least 1000 kWh for the next 12 months.,150.00,https://artemis-api.apge.com/api/v1/document?documentId=73&offerCode=SRBBUC_TNM_NA_NA_RES_F125M_SD0_T12_NEW
TNMP,AP GAS & ELECTRIC (TX) LLC,Bonus Saver 3,0.1660,0.1580,0.1040,Fixed,3,6,false,false,true,$100 bill credit when usage is at least 2000 kWh for the next 3 months.,150.00,https://artemis-api.apge.com/api/v1/document?documentId=73&offerCode=SRB100T_TNM_NA_NA_RES_F100H_SD0_T3_NEW
TNMP,AMIGO ENERGY,Sustainable Lifestyle - 3,0.1280,0.1160,0.1100,Fixed,3,22,false,false,false,,175.00,https://webs.amigoenergy.com/Generate_Docs/Generate_EflLinks.aspx?RID=avrj+Pomct8=&RCID=rv5fvOkFHh4=&L=6f+Ch9flI7k=
TNMP,Discount Power,Saver 24,0.1660,0.1580,0.1540,Fixed,24,22,false,false,false,,295.00,https://www.discountpowertx.com/defl/M1F00193223006C.pdf
TNMP,GREEN MOUNTAIN ENERGY COMPANY,Pollution Free e-Plus 12 Choice,0.1780,0.1660,0.1590,Fixed,12,100,false,false,false,,150.00,https://signup.greenmountain.com/defl/G1F00201600461A.pdf
TNMP,TARA ENERGY,Value Choice - 12,0.2510,0.1180,0.1760,Fixed,12,22,false,false,true,$125 bill credit when monthly usage is >= 1000 kWh,175.00,https://webs.taraenergy.com/Generate_Docs/Generate_EflLinks.aspx?RID=1H6L2MrwSIE=&RCID=cacW2cvK/I0=&L=6f+Ch9flI7k=
TNMP,AMIGO ENERGY,Power Perks - 12,0.2510,0.1180,0.1760,Fixed,12,22,false,false,true,$125 bill credit when monthly usage is >= 1000 kWh,175.00,https://webs.amigoenergy.com/Generate_Docs/Generate_EflLinks.aspx?RID=mFeFgerGRqA=&RCID=rv5fvOkFHh4=&L=6f+Ch9flI7k=
TNMP,TARA ENERGY,Sustainable Home Bundle - 3,0.1280,0.1160,0.1100,Fixed,3,22,false,false,false,,175.00,https://webs.taraenergy.com/Generate_Docs/Generate_EflLinks.aspx?RID=qU/FbdKHgjM=&RCID=cacW2cvK/I0=&L=6f+Ch9flI7k=
TNMP,AMIGO ENERGY,Basics PTC - 36,0.1770,0.1690,0.1650,Fixed,36,22,false,false,false,,175.00,https://webs.amigoenergy.com/Generate_Docs/Generate_EflLinks.aspx?RID=iKbu8oNVhHg=&RCID=rv5fvOkFHh4=&L=6f+Ch9flI7k=
TNMP,TARA ENERGY,Basics PTC - 36,0.1770,0.1690,0.1650,Fixed,36,22,false,false,false,,175.00,https://webs.taraenergy.com/Generate_Docs/Generate_EflLinks.aspx?RID=bhlhtD45O98=&RCID=cacW2cvK/I0=&L=6f+Ch9flI7k=
TNMP,GREEN MOUNTAIN ENERGY COMPANY,Pollution Free e-Plus 24 Choice,0.1830,0.1710,0.1640,Fixed,24,100,false,false,false,,295.00,https://signup.greenmountain.com/defl/G1F00201600393A.pdf
TNMP,AMIGO ENERGY,Basics PTC - 24,0.1770,0.1690,0.1650,Fixed,24,22,false,false,false,,175.00,https://webs.amigoenergy.com/Generate_Docs/Generate_EflLinks.aspx?RID=Oxim7uXg5Ag=&RCID=rv5fvOkFHh4=&L=6f+Ch9flI7k=
TNMP,JUST ENERGY,Sustainable Days Bundle - 3,0.1280,0.1160,0.1100,Fixed,3,22,false,true,false,,175.00,https://webs.justenergydeals.com/Generate_Docs/Generate_EflLinks.aspx?RID=SUr1WrpJPFU=&RCID=gNASPlhlupI=&L=6f+Ch9flI7k=
TNMP,JUST ENERGY,Smart Choice - 12,0.2510,0.1180,0.1760,Fixed,12,22,false,false,true,$125 bill credit when monthly usage is >= 1000 kWh,175.00,https://webs.justenergydeals.com/Generate_Docs/Generate_EflLinks.aspx?RID=Ba5zvyMb9IA=&RCID=gNASPlhlupI=&L=6f+Ch9flI7k=
TNMP,JUST ENERGY,Basics PTC - 60,0.1770,0.1690,0.1650,Fixed,60,22,false,false,false,,175.00,https://webs.justenergydeals.com/Generate_Docs/Generate_EflLinks.aspx?RID=IIbX7HYX5+A=&RCID=gNASPlhlupI=&L=6f+Ch9flI7k=
TNMP,RELIANT,Reliant Power On 12 Plan,0.1780,0.1660,0.1590,Fixed,12,24,false,false,false,,150.00,https://www.reliant.com/defl/R1F00200156420A.pdf
TNMP,CHARIOT ENERGY,Chariot Freedom,0.1770,0.1690,0.1650,Variable,0,100,false,false,false,,0.00,https://signup.chariotenergy.com//Home/EFl?productId=47562
TNMP,RELIANT,Reliant Power On 24 Plan,0.1820,0.1700,0.1630,Fixed,24,24,false,false,false,,295.00,https://www.reliant.com/defl/R1F00200156580A.pdf
TNMP,Octopus Energy,Octo Simple 12,0.1940,0.1860,0.1820,Fixed,12,100,false,false,false,,150,https://octopusenergy.com/efl/OCTO-SIMPLE-12-TNMP-LZ_WEST-202609212200
TNMP,SPARK ENERGY LLC,Choose 15,0.1650,0.1570,0.1530,Fixed,15,37,false,false,false,,100.00,https://www.sparkenergy.com/products-and-services/?getproductpdf=1&PromotionCode=PTC&ProductID=148474&type=EFL&title=Electricity+Facts+Label&language=english
TNMP,SPARK ENERGY LLC,Choose 12,0.1640,0.1560,0.1520,Fixed,12,37,false,false,false,,100.00,https://www.sparkenergy.com/products-and-services/?getproductpdf=1&PromotionCode=PTC&ProductID=148469&type=EFL&title=Electricity+Facts+Label&language=english
TNMP,DIRECT ENERGY,Autopay Texas 24,0.1740,0.1620,0.1550,Fixed,24,22,false,false,false,,295.00,https://m-api.directenergy.com/de-mobile-oam-services/defl/D1F00200112817A.pdf
TNMP,DIRECT ENERGY,Autopay Texas 36,0.1780,0.1660,0.1590,Fixed,36,22,false,false,false,,395.00,https://m-api.directenergy.com/de-mobile-oam-services/defl/D1F00200112866A.pdf
TNMP,GREEN MOUNTAIN ENERGY COMPANY,Pollution Free e-Plus 36 Choice,0.1840,0.1720,0.1650,Fixed,36,100,false,false,false,,395.00,https://signup.greenmountain.com/defl/G1F00201600405A.pdf
TNMP,DIRECT ENERGY,Autopay Texas 12,0.1710,0.1590,0.1520,Fixed,12,22,false,false,false,,150.00,https://m-api.directenergy.com/de-mobile-oam-services/defl/D1F00200112768A.pdf
TNMP,CleanSky Energy,Embrace Green 12 - New Customer Special,0.1570,0.1490,0.1450,Fixed,12,100,false,false,false,,75.00,https://enroll.cleanskyenergy.com//Home/EFL?productCode=RN00008024&promo=&term=12
TNMP,CleanSky Energy,Embrace Green 24 - New Customer Special,0.1590,0.1510,0.1470,Fixed,24,100,false,false,false,,150.00,https://enroll.cleanskyenergy.com//Home/EFL?productCode=RN00008023&promo=&term=24
TNMP,GEXA ENERGY,Gexa Eco Choice 3,0.1330,0.1250,0.1210,Fixed,3,100,false,false,false,,150.00,https://eflviewer.gexaenergy.com/eflviewer.aspx?lang=EN&prodcode=GXAECOCHI3&tdspcode=TNMP&ppid=195123&logid=84858&filename=TNMP_GXAECOCHI3_20260917_0000_84858
TNMP,TARA ENERGY,Basics PTC - 24,0.1770,0.1690,0.1650,Fixed,24,22,false,false,false,,175.00,https://webs.taraenergy.com/Generate_Docs/Generate_EflLinks.aspx?RID=a6q2yx0OMmM=&RCID=cacW2cvK/I0=&L=6f+Ch9flI7k=
TNMP,CleanSky Energy,Embrace Green 36 - New Customer Special,0.1640,0.1560,0.1520,Fixed,36,100,false,false,false,,225.00,https://enroll.cleanskyenergy.com//Home/EFL?productCode=RN00008035&promo=&term=36
TNMP,RELIANT,Reliant Power On 18,0.1790,0.1670,0.1600,Fixed,18,15,false,false,false,,180.00,https://www.reliant.com/defl/R1F00200156514A.pdf
TNMP,GOOD CHARLIE & CO LLC,GoodEnergy 24,0.1880,0.1760,0.1690,Fixed,24,25,false,false,false,,20 per month remaining,https://api.goodcharlie.com/products/2047/EFL/TNMP/latest/en
TNMP,GOOD CHARLIE & CO LLC,GoodEnergy 12,0.1820,0.1700,0.1630,Fixed,12,25,false,false,false,,20 per month remaining,https://api.goodcharlie.com/products/2046/EFL/TNMP/latest/en
TNMP,GOOD CHARLIE & CO LLC,GoodEnergy 36,0.1930,0.1810,0.1740,Fixed,36,25,false,false,false,,20 per month remaining,https://api.goodcharlie.com/products/2048/EFL/TNMP/latest/en
TNMP,CIRRO ENERGY,Smart Simple 18,0.1710,0.1630,0.1590,Fixed,18,22,false,false,false,,180.00,https://www.cirroenergy.com/defl/M1F00193223160C.pdf
TNMP,SPARK ENERGY LLC,Choose 6,0.1600,0.1520,0.1480,Fixed,6,37,false,false,false,,100,https://www.sparkenergy.com/products-and-services/?getproductpdf=1&PromotionCode=PTC&ProductID=150857&type=EFL&title=Electricity+Facts+Label&language=english
TNMP,Ranchero Power,Ranchero Fixed Prime - 48,0.1680,0.1550,0.1490,Fixed,48,6,false,false,false,,0.00,https://bit.ly/4gHRfam
TNMP,Ranchero Power,Ranchero No Worries - 9,0.1520,0.1390,0.1330,Fixed,9,6,false,false,false,,99.00,https://bit.ly/4jqa4S6
TNMP,Ranchero Power,Ranchero Cheapskate - 3,0.1280,0.1150,0.1090,Fixed,3,6,false,false,false,,179.00,https://bit.ly/3V7pEs4
TNMP,Ranchero Power,Ranchero Smart & Fixed - 12,0.1550,0.1420,0.1360,Fixed,12,6,false,false,false,,179.00,https://bit.ly/4h3uY84
TNMP,Ranchero Power,Smart & Fixed - 36,0.1670,0.1540,0.1480,Fixed,36,6,false,false,false,,179.00,https://bit.ly/46rWG8A
TNMP,Ranchero Power,No Contract Advantage,0.1240,0.1110,0.1050,Variable,1,6,false,false,false,,0.00,https://bit.ly/4cLd5bM
TNMP,SOUTHERN FEDERAL POWER LLC,SoFed Digital Saver Plus - 12,0.1490,0.1410,0.1380,Fixed,12,6,false,false,false,,99.00,https://bit.ly/4xqyFuk
TNMP,SOUTHERN FEDERAL POWER LLC,SoFed Try Us Out Now- 3,0.1280,0.1150,0.1090,Fixed,3,6,false,false,false,,0.00,https://bit.ly/4yZFQKz
TNMP,SOUTHERN FEDERAL POWER LLC,SoFed Better Rate - 36,0.1680,0.1550,0.1490,Fixed,36,6,false,false,false,,249.00,https://bit.ly/4yBcTEj
TNMP,SOUTHERN FEDERAL POWER LLC,SoFed Easy Out Fixed - 9,0.1530,0.1400,0.1340,Fixed,9,6,false,false,false,,99.00,https://bit.ly/4hsDdd7
TNMP,BKV Energy,Daisy 12,0.1600,0.1530,0.1490,Fixed,12,29,false,false,false,,20/remaining month.,https://enroll.bkvenergy.com/Home/EFL?productCode=RN00001184&promo=&term=12
TNMP,TRIEAGLE ENERGY LP,Sure Value 36,0.1800,0.1450,0.1570,Fixed,36,3,false,false,true,A bill credit of $30 will be applied for each billing cycle in which usage is 1000 kWh or more.,20.00 per month left in term,https://shopping.trieagleenergy.com/PDFGenerator?formType=EnergyFactsLabel&comProdId=NMXTESRVALC36AA&tdsp=TNMPOWER&lang=en&custClass=Residential
TNMP,REVOLUTION ENERGY LLC,Stars and Stripes Flex,0.1440,0.1320,0.1260,Variable,1,24,false,false,false,,0.00,https://e966f83b313c3b45ede3-64a631b37f7b69cdf842d11bca52af9c.ssl.cf5.rackcdn.com//202609/EFL-20260902-114700-TNMPH-Stars and Stripes Flex (English).pdf
TNMP,REVOLUTION ENERGY LLC,Stars and Stripes Green Flex,0.1450,0.1330,0.1270,Variable,1,100,false,false,false,,0.00,https://e966f83b313c3b45ede3-64a631b37f7b69cdf842d11bca52af9c.ssl.cf5.rackcdn.com//202609/EFL-20260902-114700-TNMPH-Stars and Stripes Green Flex (English).pdf
TNMP,REVOLUTION ENERGY LLC,Stars and Stripes 9,0.1510,0.1390,0.1340,Fixed,9,24,false,false,false,,175.00,https://e966f83b313c3b45ede3-64a631b37f7b69cdf842d11bca52af9c.ssl.cf5.rackcdn.com//202609/EFL-20260922-122500-TNMPH-Stars and Stripes 9 (English).pdf
TNMP,REVOLUTION ENERGY LLC,Stars and Stripes 12,0.1600,0.1480,0.1420,Fixed,12,24,false,false,false,,200.00,https://e966f83b313c3b45ede3-64a631b37f7b69cdf842d11bca52af9c.ssl.cf5.rackcdn.com//202609/EFL-20260922-122500-TNMPH-Stars and Stripes 12 (English).pdf
TNMP,REVOLUTION ENERGY LLC,Stars and Stripes 18,0.1620,0.1500,0.1440,Fixed,18,24,false,false,false,,250.00,https://e966f83b313c3b45ede3-64a631b37f7b69cdf842d11bca52af9c.ssl.cf5.rackcdn.com//202609/EFL-20260922-122500-TNMPH-Stars and Stripes 18 (English).pdf
TNMP,REVOLUTION ENERGY LLC,Stars and Stripes 24,0.1630,0.1510,0.1450,Fixed,24,24,false,false,false,,300.00,https://e966f83b313c3b45ede3-64a631b37f7b69cdf842d11bca52af9c.ssl.cf5.rackcdn.com//202609/EFL-20260922-122500-TNMPH-Stars and Stripes 24 (English).pdf
TNMP,REVOLUTION ENERGY LLC,Stars and Stripes 36,0.1650,0.1530,0.1480,Fixed,36,24,false,false,false,,375.00,https://e966f83b313c3b45ede3-64a631b37f7b69cdf842d11bca52af9c.ssl.cf5.rackcdn.com//202609/EFL-20260922-122500-TNMPH-Stars and Stripes 36 (English).pdf
TNMP,REVOLUTION ENERGY LLC,Liberty Bell Flex,0.1430,0.1320,0.1270,Variable,1,24,false,false,false,,0.00,https://e966f83b313c3b45ede3-64a631b37f7b69cdf842d11bca52af9c.ssl.cf5.rackcdn.com//202609/EFL-20260902-114700-TNMPH-Liberty Bell Flex (English).pdf
TNMP,REVOLUTION ENERGY LLC,Liberty Bell Green Flex,0.1440,0.1330,0.1270,Variable,1,100,false,false,false,,0.00,https://e966f83b313c3b45ede3-64a631b37f7b69cdf842d11bca52af9c.ssl.cf5.rackcdn.com//202609/EFL-20260902-114700-TNMPH-Liberty Bell Green Flex (English).pdf
TNMP,TRIEAGLE ENERGY LP,Simple Savings 36,0.1630,0.1580,0.1550,Fixed,36,3,false,false,false,,20.00 per month left in term,https://shopping.trieagleenergy.com/PDFGenerator?formType=EnergyFactsLabel&comProdId=NMXTESMSAVC36AA&tdsp=TNMPOWER&lang=en&custClass=Residential
TNMP,TRIEAGLE ENERGY LP,Simple Savings 12,0.1570,0.1520,0.1490,Fixed,12,3,false,false,false,,20.00 per month left in term,https://shopping.trieagleenergy.com/PDFGenerator?formType=EnergyFactsLabel&comProdId=NMXTESMSAVC12AA&tdsp=TNMPOWER&lang=en&custClass=Residential
TNMP,TRIEAGLE ENERGY LP,Simple Green 12,0.1670,0.1620,0.1590,Fixed,12,100,false,false,false,,20.00 per month left in term,https://shopping.trieagleenergy.com/PDFGenerator?formType=EnergyFactsLabel&comProdId=NMXTESMGRNC12AA&tdsp=TNMPOWER&lang=en&custClass=Residential
TNMP,RELIANT,Reliant Power On 9 Plan,0.1700,0.1580,0.1510,Fixed,9,24,false,false,false,,95.00,https://www.reliant.com/defl/R1F00200156546A.pdf
TNMP,GREEN MOUNTAIN ENERGY COMPANY,Pollution Free e-Plus 9 Choice,0.1770,0.1650,0.1580,Fixed,9,100,false,false,false,,95.00,https://signup.greenmountain.com/defl/G1F00201600341A.pdf
TNMP,PAYLESS POWER,PTC 12 Month - Postpaid,0.1690,0.1610,0.1570,Fixed,12,26,false,false,false,,199.00,https://api.paylesspower.com/common/api/document/tnm/ERPT92/efl/en/487447
TNMP,PAYLESS POWER,PTC 6 Month - Postpaid,0.1660,0.1580,0.1540,Fixed,6,26,false,false,false,,149.00,https://api.paylesspower.com/common/api/document/tnm/ERPT93/efl/en/487447
TNMP,PAYLESS POWER,PTC 3 Month - Postpaid,0.1340,0.1260,0.1220,Fixed,3,26,false,false,false,,99.00,https://api.paylesspower.com/common/api/document/tnm/ERPT94/efl/en/487447
TNMP,GEXA ENERGY,Gexa Eco Choice 12,0.1460,0.1380,0.1350,Fixed,12,100,false,false,false,,150.00,https://eflviewer.gexaenergy.com/eflviewer.aspx?lang=EN&prodcode=GXAECOCHI12&tdspcode=TNMP&ppid=195121&logid=84869&filename=TNMP_GXAECOCHI12_20260917_0000_84869
TNMP,AP GAS & ELECTRIC (TX) LLC,TrueClassic 12,0.1520,0.1440,0.1400,Fixed,12,6,false,false,false,,150.00,https://artemis-api.apge.com/api/v1/document?documentId=73&offerCode=SRBTX_TNM_NA_NA_RES_FPR_SD0_T12_NEW
TNMP,AP GAS & ELECTRIC (TX) LLC,TrueClassic 24,0.1560,0.1480,0.1440,Fixed,24,6,false,false,false,,250.00,https://artemis-api.apge.com/api/v1/document?documentId=73&offerCode=SRBTX_TNM_NA_NA_RES_FPR_SD0_T24_NEW
TNMP,AP GAS & ELECTRIC (TX) LLC,Simple Saver 3,0.2130,0.0800,0.1390,Fixed,3,6,false,false,true,$125 bill credit when usage is at least 1000 kWh for the next 3 months.,150.00,https://artemis-api.apge.com/api/v1/document?documentId=73&offerCode=SRBBUC_TNM_NA_NA_RES_F125M_SD0_T3_NEW
TNMP,JUST ENERGY,Basics PTC - 24,0.1770,0.1690,0.1650,Fixed,24,22,false,false,false,,175.00,https://webs.justenergydeals.com/Generate_Docs/Generate_EflLinks.aspx?RID=NHOcd2Hkv3E=&RCID=gNASPlhlupI=&L=6f+Ch9flI7k=
TNMP,INFUSE ENERGY,Essential Infusion Flex,0.1420,0.1320,0.1270,Variable,1,24,false,false,false,,0.00,https://88fd201f32c53c2bd0fb-11ba98ed637230a2314ec7c228a44bda.ssl.cf5.rackcdn.com/202609/EFL-20260902-105100-TNMPH-Essential Infusion Flex (English).pdf
TNMP,INFUSE ENERGY,Essential Infusion Green Flex,0.1430,0.1330,0.1280,Variable,1,100,false,false,false,,0.00,https://88fd201f32c53c2bd0fb-11ba98ed637230a2314ec7c228a44bda.ssl.cf5.rackcdn.com/202609/EFL-20260902-105100-TNMPH-Essential Infusion Green Flex (English).pdf
TNMP,INFUSE ENERGY,PTC Green Infusion Flex,0.1460,0.1330,0.1260,Variable,1,100,false,false,false,,0.00,https://88fd201f32c53c2bd0fb-11ba98ed637230a2314ec7c228a44bda.ssl.cf5.rackcdn.com/202609/EFL-20260902-105100-TNMPH-PTC Green Infusion Flex (English).pdf
TNMP,INFUSE ENERGY,PTC Infusion Flex,0.1450,0.1320,0.1260,Variable,1,24,false,false,false,,0.00,https://88fd201f32c53c2bd0fb-11ba98ed637230a2314ec7c228a44bda.ssl.cf5.rackcdn.com/202609/EFL-20260902-105100-TNMPH-PTC Infusion Flex (English).pdf
TNMP,INFUSE ENERGY,Essential Infusion 3,0.1390,0.1290,0.1240,Fixed,3,24,false,false,false,,100.00,https://88fd201f32c53c2bd0fb-11ba98ed637230a2314ec7c228a44bda.ssl.cf5.rackcdn.com/202609/EFL-20260922-125100-TNMPH-Essential Infusion 3 (English).pdf
TNMP,INFUSE ENERGY,Essential Infusion 6,0.1510,0.1410,0.1370,Fixed,6,24,false,false,false,,150.00,https://88fd201f32c53c2bd0fb-11ba98ed637230a2314ec7c228a44bda.ssl.cf5.rackcdn.com/202609/EFL-20260922-125100-TNMPH-Essential Infusion 6 (English).pdf
TNMP,INFUSE ENERGY,Essential Infusion 12,0.1580,0.1480,0.1430,Fixed,12,24,false,false,false,,200.00,https://88fd201f32c53c2bd0fb-11ba98ed637230a2314ec7c228a44bda.ssl.cf5.rackcdn.com/202609/EFL-20260922-125100-TNMPH-Essential Infusion 12 (English).pdf
TNMP,PRONTO POWER,Power to Choose,0.1940,0.1740,0.1640,Variable,1,26,true,false,false,,0.00,https://pronto-gridlink.smartgridcis.net/Documents/Download.aspx?ProductDocumentID=1184
TNMP,INFUSE ENERGY,Essential Infusion 24,0.1610,0.1510,0.1460,Fixed,24,24,false,false,false,,300.00,https://88fd201f32c53c2bd0fb-11ba98ed637230a2314ec7c228a44bda.ssl.cf5.rackcdn.com/202609/EFL-20260922-125100-TNMPH-Essential Infusion 24 (English).pdf
TNMP,INFUSE ENERGY,Essential Infusion 36,0.1630,0.1530,0.1490,Fixed,36,24,false,false,false,,375.00,https://88fd201f32c53c2bd0fb-11ba98ed637230a2314ec7c228a44bda.ssl.cf5.rackcdn.com/202609/EFL-20260922-125100-TNMPH-Essential Infusion 36 (English).pdf
TNMP,Budget Power,No Gimmicks 12,0.1500,0.1420,0.1380,Fixed,12,24,false,false,false,,100.00,https://signup.budgetpowertx.com/Home/EFL?productId=35190&Promo=
TNMP,Budget Power,No Gimmicks 18,0.1490,0.1410,0.1370,Fixed,18,24,false,false,false,,125.00,https://signup.budgetpowertx.com/Home/EFL?productId=35211&Promo=
TNMP,Budget Power,No Gimmicks 24,0.1510,0.1430,0.1390,Fixed,24,24,false,false,false,,175.00,https://signup.budgetpowertx.com/Home/EFL?productId=35204&Promo=
TNMP,Budget Power,No Gimmicks 36,0.1540,0.1460,0.1420,Fixed,36,24,false,false,false,,250.00,https://signup.budgetpowertx.com/Home/EFL?productId=35192&Promo=
TNMP,Think Energy,Think Clean 12,0.1740,0.1620,0.1550,Fixed,12,100,false,false,false,,200.00,https://api.thinkenergy.onproton.io/enrollment/get_latest_document?lang=en&product_code=tx.thinkclean.noap.fixed&tdsp_id=8&doc_type=EFL&term=12&promo_code=default
TNMP,Think Energy,Think Clean 24,0.1810,0.1680,0.1620,Fixed,24,100,false,false,false,,200.00,https://api.thinkenergy.onproton.io/enrollment/get_latest_document?lang=en&product_code=tx.thinkclean.ap.fixed&tdsp_id=8&doc_type=EFL&term=24&promo_code=default
TNMP,Discount Power,Saver 10,0.1600,0.1520,0.1480,Fixed,10,22,false,false,false,,95.00,https://www.discountpowertx.com/defl/M1F00193222890C.pdf
TNMP,AE TEXAS,Smart Secure 36,0.1620,0.1540,0.1500,Fixed,36,23,false,false,false,,20/month remaining,https://enroll.aetexasco.com/EmailHTML/efl.aspx?RateID=3754&BrandID=1&PromoCodeID=114
TNMP,CIRRO ENERGY,Smart Simple 10,0.1610,0.1530,0.1490,Fixed,10,22,false,false,false,,95.00,https://www.cirroenergy.com/defl/M1F00193223083C.pdf
TNMP,Think Energy,Think Clean 12 with Smart Thermostat Connected,0.1540,0.1520,0.1500,Fixed,12,100,false,false,false,,200.00,https://api.thinkenergy.onproton.io/enrollment/get_latest_document?lang=en&product_code=tx.thinkclean.noap.fixed.thermostat&tdsp_id=8&doc_type=EFL&term=12&promo_code=default
TNMP,BKV Energy,Daisy 13,0.1610,0.1530,0.1490,Fixed,13,29,false,false,false,,20/remaining month.,https://enroll.bkvenergy.com/Home/EFL?productCode=RN00013532&term=13
TNMP,CHARIOT ENERGY,Bright Nights 12,0.1560,0.1380,0.1300,Fixed,12,100,false,true,false,,15 per remaining month,https://signup.chariotenergy.com//Home/EFl?productId=47978
TNMP,CHARIOT ENERGY,Bright Nights 24,0.1620,0.1440,0.1360,Fixed,24,100,false,true,false,,15 per remaining month,https://signup.chariotenergy.com//Home/EFl?productId=47937
TNMP,CHARIOT ENERGY,Bright Nights 36,0.1650,0.1470,0.1390,Fixed,36,100,false,true,false,,15 per remaining month,https://signup.chariotenergy.com//Home/EFl?productId=47739
TNMP,BKV Energy,Daisy 18,0.1600,0.1530,0.1490,Fixed,18,29,false,false,false,,20/remaining month.,https://enroll.bkvenergy.com/Home/EFL?productCode=RN00027076&promo=&term=18
TNMP,Energy Texas,No Bull 12,0.1410,0.1380,0.1370,Fixed,12,100,false,false,false,,20 / remaining month,https://api.energytexas.com/api/pricing/offers/latest-offers-efl/12745/?locale=en
TNMP,BKV Energy,Daisy 14,0.1600,0.1530,0.1490,Fixed,14,29,false,false,false,,20/remaining month.,https://enroll.bkvenergy.com/Home/EFL?productCode=RN00011414&promo=&term=14
